{"interval":{"value":null,"type":"null"},"thumbnailPublicImageURL":{"value":"https://firebasestorage.googleapis.com/v0/b/ourland-a0d62.appspot.com/o/photo%2F13ecb615-2596-497f-a2d7-4ffcc6ee3f25%2Fthumbnail.jpg?alt=media&token=059ec265-92d6-47ca-986c-21d6c1dac973","type":"string"},"thumbnailImageURL":{"value":"gs://ourland-a0d62.appspot.com/photo/13ecb615-2596-497f-a2d7-4ffcc6ee3f25/thumbnail.jpg","type":"string"},"imageUrl":{"value":"gs://ourland-a0d62.appspot.com/photo/13ecb615-2596-497f-a2d7-4ffcc6ee3f25/original.jpg","type":"string"},"uid":{"value":"R6FWaigWsDcV8uzXnjiFlOpSHRb2","type":"string"},"geolocation":{"value":{"_latitude":22.3130829,"_longitude":114.2396656},"type":"geopoint"},"duration":{"value":null,"type":"null"},"fbuid":{"value":"10213143183868185","type":"string"},"key":{"value":"13ecb615-2596-497f-a2d7-4ffcc6ee3f25","type":"string"},"hide":{"value":false,"type":"boolean"},"tag":{"value":null,"type":"null"},"start":{"value":"1970-01-01T00:00:00.000Z","type":"timestamp"},"link":{"value":"","type":"string"},"lastUpdate":{"value":"2018-05-28T13:29:11.679Z","type":"timestamp"},"status":{"value":"開放","type":"string"},"photoUrl":{"value":"https://lookaside.facebook.com/platform/profilepic/?asid=10213143183868185&height=100&width=100&ext=1523030442&hash=AeR4q2dWQIfJcSLx","type":"string"},"name":{"value":"Choi Sing","type":"string"},"streetAddress":{"value":"香港藍田連德道2號","type":"string"},"text":{"value":"藍田興田邨彩田樓郵箱","type":"string"},"viewCount":{"value":0,"type":"number"},"tagfilter":{"value":{"公共設施":{"value":1,"type":"number"},"郵箱":{"value":1,"type":"number"}},"type":"object"},"createdAt":{"value":"2018-05-28T13:29:11.679Z","type":"timestamp"},"publicImageURL":{"value":"https://firebasestorage.googleapis.com/v0/b/ourland-a0d62.appspot.com/o/photo%2F13ecb615-2596-497f-a2d7-4ffcc6ee3f25%2Foriginal.jpg?alt=media&token=2d774d64-f90a-4e76-b877-31db1922c82d","type":"string"}}