{"streetAddress":{"value":"CUHK","type":"string"},"text":{"value":"Test with Link","type":"string"},"createdAt":{"value":"2018-04-03T11:14:31.130Z","type":"timestamp"},"publicImageURL":{"value":null,"type":"null"},"interval":{"value":null,"type":"null"},"thumbnailPublicImageURL":{"value":null,"type":"null"},"thumbnailImageURL":{"value":null,"type":"null"},"imageUrl":{"value":null,"type":"null"},"uid":{"value":"Q72z8i9yHyaLCCiAyR5BoGd0kQr1","type":"string"},"geolocation":{"value":{"_latitude":22.4162632,"_longitude":114.2109318},"type":"geopoint"},"duration":{"value":null,"type":"null"},"fbuid":{"value":"10154417054297811","type":"string"},"key":{"value":"5e679441-2846-46f6-be27-ef9ff6ef43b5","type":"string"},"hide":{"value":false,"type":"boolean"},"tag":{"value":[],"type":"array"},"start":{"value":"1970-01-01T00:00:00.000Z","type":"timestamp"},"link":{"value":"https://www.facebook.com/pegasus.mak","type":"string"},"lastUpdate":{"value":null,"type":"null"},"status":{"value":"開放","type":"string"},"photoUrl":{"value":"https://lookaside.facebook.com/platform/profilepic/?asid=10154417054297811&height=100&width=100&ext=1522859988&hash=AeQF4eoHbKLM8LDj","type":"string"},"name":{"value":"Pegasus Mak","type":"string"}}