{"interval":{"value":null,"type":"null"},"thumbnailPublicImageURL":{"value":"https://firebasestorage.googleapis.com/v0/b/ourland-a0d62.appspot.com/o/photo%2F0078afca-ea7a-4d61-ae91-f819ec974560%2Fthumbnail.jpg?alt=media&token=7d1dc8bb-abc0-4a97-be59-96f8f87e6b4e","type":"string"},"thumbnailImageURL":{"value":"gs://ourland-a0d62.appspot.com/photo/0078afca-ea7a-4d61-ae91-f819ec974560/thumbnail.jpg","type":"string"},"imageUrl":{"value":"gs://ourland-a0d62.appspot.com/photo/0078afca-ea7a-4d61-ae91-f819ec974560/original.jpg","type":"string"},"uid":{"value":"R6FWaigWsDcV8uzXnjiFlOpSHRb2","type":"string"},"geolocation":{"value":{"_latitude":22.2924025,"_longitude":114.2038416},"type":"geopoint"},"duration":{"value":null,"type":"null"},"fbuid":{"value":"10213143183868185","type":"string"},"key":{"value":"0078afca-ea7a-4d61-ae91-f819ec974560","type":"string"},"hide":{"value":false,"type":"boolean"},"tag":{"value":null,"type":"null"},"start":{"value":"1970-01-01T00:00:00.000Z","type":"timestamp"},"link":{"value":"","type":"string"},"lastUpdate":{"value":"2018-05-01T08:53:29.381Z","type":"timestamp"},"status":{"value":"開放","type":"string"},"photoUrl":{"value":"https://lookaside.facebook.com/platform/profilepic/?asid=10213143183868185&height=100&width=100&ext=1523030442&hash=AeR4q2dWQIfJcSLx","type":"string"},"name":{"value":"Choi Sing","type":"string"},"streetAddress":{"value":"香港七姊妹馬寶道","type":"string"},"text":{"value":"北角健威坊郵箱","type":"string"},"tagfilter":{"value":{"公共設施":{"value":1,"type":"number"},"郵箱":{"value":1,"type":"number"}},"type":"object"},"createdAt":{"value":"2018-05-01T08:53:29.381Z","type":"timestamp"},"publicImageURL":{"value":"https://firebasestorage.googleapis.com/v0/b/ourland-a0d62.appspot.com/o/photo%2F0078afca-ea7a-4d61-ae91-f819ec974560%2Foriginal.jpg?alt=media&token=d1ee26a9-dec7-4f33-be3e-f28e93329cc7","type":"string"}}