{"duration":{"value":null,"type":"null"},"fbuid":{"value":"10213143183868185","type":"string"},"key":{"value":"624a7d28-55ec-4f99-adef-29c3d26401f7","type":"string"},"hide":{"value":false,"type":"boolean"},"tag":{"value":null,"type":"null"},"start":{"value":"1970-01-01T00:00:00.000Z","type":"timestamp"},"link":{"value":"","type":"string"},"lastUpdate":{"value":"2018-04-28T09:42:19.176Z","type":"timestamp"},"status":{"value":"開放","type":"string"},"photoUrl":{"value":"https://lookaside.facebook.com/platform/profilepic/?asid=10213143183868185&height=100&width=100&ext=1523030442&hash=AeR4q2dWQIfJcSLx","type":"string"},"name":{"value":"Choi Sing","type":"string"},"streetAddress":{"value":"香港藍田德田街6號啟田邨啟旺樓","type":"string"},"text":{"value":"藍田啟田商場郵箱","type":"string"},"tagfilter":{"value":{"郵箱":{"value":1,"type":"number"},"公共設施":{"value":1,"type":"number"}},"type":"object"},"createdAt":{"value":"2018-04-28T09:42:19.176Z","type":"timestamp"},"publicImageURL":{"value":"https://firebasestorage.googleapis.com/v0/b/ourland-a0d62.appspot.com/o/photo%2F624a7d28-55ec-4f99-adef-29c3d26401f7%2Foriginal.jpg?alt=media&token=1ef8c9be-8500-4914-87ca-9427fbc972ec","type":"string"},"interval":{"value":null,"type":"null"},"thumbnailPublicImageURL":{"value":"https://firebasestorage.googleapis.com/v0/b/ourland-a0d62.appspot.com/o/photo%2F624a7d28-55ec-4f99-adef-29c3d26401f7%2Fthumbnail.jpg?alt=media&token=7077888c-f0d1-4eb5-8361-d30c9f4598a0","type":"string"},"thumbnailImageURL":{"value":"gs://ourland-a0d62.appspot.com/photo/624a7d28-55ec-4f99-adef-29c3d26401f7/thumbnail.jpg","type":"string"},"imageUrl":{"value":"gs://ourland-a0d62.appspot.com/photo/624a7d28-55ec-4f99-adef-29c3d26401f7/original.jpg","type":"string"},"uid":{"value":"R6FWaigWsDcV8uzXnjiFlOpSHRb2","type":"string"},"geolocation":{"value":{"_latitude":22.3093616,"_longitude":114.2347521},"type":"geopoint"}}