{"duration":{"value":null,"type":"null"},"fbuid":{"value":"140969833258766","type":"string"},"key":{"value":"6539ad31-4fa8-4dc6-9bd4-495893bfe948","type":"string"},"hide":{"value":false,"type":"boolean"},"tag":{"value":null,"type":"null"},"start":{"value":"1970-01-01T00:00:00.000Z","type":"timestamp"},"link":{"value":"","type":"string"},"lastUpdate":{"value":"2018-05-23T11:13:37.362Z","type":"timestamp"},"concernRecord":{"value":[],"type":"array"},"status":{"value":"開放","type":"string"},"photoUrl":{"value":"https://firebasestorage.googleapis.com/v0/b/ourland-a0d62.appspot.com/o/photo%2FUserProfile%2FmUQgwxkmPBfVA47d9lHzB482Nmp1%2Fprofile_a6ae4b62-1d9e-437f-bdf9-3e6e68d30729.jpg?alt=media&token=a05ff2b7-b23c-44c7-8756-abff6e12bd37","type":"string"},"name":{"value":"我地。香港","type":"string"},"streetAddress":{"value":"文福道花園","type":"string"},"text":{"value":"文福道公園垃圾筒常滿","type":"string"},"viewCount":{"value":6,"type":"number"},"tagfilter":{"value":{"衛生":{"value":1,"type":"number"}},"type":"object"},"createdAt":{"value":"2018-03-05T02:57:28.471Z","type":"timestamp"},"publicImageURL":{"value":"https://firebasestorage.googleapis.com/v0/b/ourland-a0d62.appspot.com/o/mUQgwxkmPBfVA47d9lHzB482Nmp1%2F6539ad31-4fa8-4dc6-9bd4-495893bfe948%2Fevent.jpg?alt=media&token=f7b07f40-c423-4bca-a3ea-b4df6ec861bd","type":"string"},"interval":{"value":null,"type":"null"},"imageUrl":{"value":"gs://ourland-a0d62.appspot.com/mUQgwxkmPBfVA47d9lHzB482Nmp1/6539ad31-4fa8-4dc6-9bd4-495893bfe948/event.jpg","type":"string"},"uid":{"value":"mUQgwxkmPBfVA47d9lHzB482Nmp1","type":"string"},"geolocation":{"value":{"_latitude":22.320604,"_longitude":114.177208},"type":"geopoint"}}