{"lastUpdate":{"value":"2018-05-05T14:25:20.686Z","type":"timestamp"},"concernRecord":{"value":[{"value":"Q72z8i9yHyaLCCiAyR5BoGd0kQr1","type":"string"}],"type":"array"},"status":{"value":"開放","type":"string"},"photoUrl":{"value":"https://scontent.xx.fbcdn.net/v/t1.0-1/c29.0.100.100/p100x100/10354686_10150004552801856_220367501106153455_n.jpg?oh=ae85820c92b6e480694ddeb3969160bd&oe=5B3F3077","type":"string"},"name":{"value":"Our Land HK","type":"string"},"streetAddress":{"value":"文福道花園","type":"string"},"text":{"value":"文福道公園垃圾筒常滿","type":"string"},"viewCount":{"value":1,"type":"number"},"createdAt":{"value":"2018-03-05T02:57:28.471Z","type":"timestamp"},"publicImageURL":{"value":"https://firebasestorage.googleapis.com/v0/b/ourland-a0d62.appspot.com/o/mUQgwxkmPBfVA47d9lHzB482Nmp1%2F6539ad31-4fa8-4dc6-9bd4-495893bfe948%2Fevent.jpg?alt=media&token=f7b07f40-c423-4bca-a3ea-b4df6ec861bd","type":"string"},"interval":{"value":null,"type":"null"},"uid":{"value":"mUQgwxkmPBfVA47d9lHzB482Nmp1","type":"string"},"imageUrl":{"value":"gs://ourland-a0d62.appspot.com/mUQgwxkmPBfVA47d9lHzB482Nmp1/6539ad31-4fa8-4dc6-9bd4-495893bfe948/event.jpg","type":"string"},"geolocation":{"value":{"_latitude":22.320604,"_longitude":114.177208},"type":"geopoint"},"duration":{"value":null,"type":"null"},"fbuid":{"value":"140969833258766","type":"string"},"key":{"value":"6539ad31-4fa8-4dc6-9bd4-495893bfe948","type":"string"},"hide":{"value":false,"type":"boolean"},"tag":{"value":[{"value":"衛生","type":"string"}],"type":"array"},"start":{"value":"1970-01-01T00:00:00.000Z","type":"timestamp"},"link":{"value":"","type":"string"}}