{"lastUpdate":{"value":"2018-05-28T00:36:47.583Z","type":"timestamp"},"status":{"value":"開放","type":"string"},"photoUrl":{"value":"https://lookaside.facebook.com/platform/profilepic/?asid=10213143183868185&height=100&width=100&ext=1523789703&hash=AeSSJs0izNm2sPeJ","type":"string"},"name":{"value":"Choi Sing","type":"string"},"streetAddress":{"value":"香港銅鑼灣道15號","type":"string"},"text":{"value":"聖保祿醫院郵箱","type":"string"},"viewCount":{"value":1,"type":"number"},"tagfilter":{"value":{"公共設施":{"value":1,"type":"number"},"郵箱":{"value":1,"type":"number"}},"type":"object"},"createdAt":{"value":"2018-05-28T00:36:47.583Z","type":"timestamp"},"publicImageURL":{"value":"https://firebasestorage.googleapis.com/v0/b/ourland-a0d62.appspot.com/o/photo%2Fbbee81e0-95c1-4ad1-92e9-b36b6c01986b%2Foriginal.jpg?alt=media&token=3707bbe1-8f16-45d9-a5ff-538f7de50c11","type":"string"},"interval":{"value":null,"type":"null"},"thumbnailPublicImageURL":{"value":"https://firebasestorage.googleapis.com/v0/b/ourland-a0d62.appspot.com/o/photo%2Fbbee81e0-95c1-4ad1-92e9-b36b6c01986b%2Fthumbnail.jpg?alt=media&token=55b93e43-c07c-4621-bac3-936992fa53c1","type":"string"},"thumbnailImageURL":{"value":"gs://ourland-a0d62.appspot.com/photo/bbee81e0-95c1-4ad1-92e9-b36b6c01986b/thumbnail.jpg","type":"string"},"imageUrl":{"value":"gs://ourland-a0d62.appspot.com/photo/bbee81e0-95c1-4ad1-92e9-b36b6c01986b/original.jpg","type":"string"},"uid":{"value":"R6FWaigWsDcV8uzXnjiFlOpSHRb2","type":"string"},"geolocation":{"value":{"_latitude":22.2788099,"_longitude":114.1881815},"type":"geopoint"},"duration":{"value":null,"type":"null"},"fbuid":{"value":"10213143183868185","type":"string"},"key":{"value":"bbee81e0-95c1-4ad1-92e9-b36b6c01986b","type":"string"},"hide":{"value":false,"type":"boolean"},"tag":{"value":null,"type":"null"},"start":{"value":"1970-01-01T00:00:00.000Z","type":"timestamp"},"link":{"value":"","type":"string"}}