{"publicImageURL":{"value":"https://firebasestorage.googleapis.com/v0/b/ourland-a0d62.appspot.com/o/photo%2F677d18d0-0f29-4e08-90fd-4f56c0e47f5f%2Foriginal.jpg?alt=media&token=01762363-7494-47ed-b7a0-44d208cde226","type":"string"},"interval":{"value":null,"type":"null"},"thumbnailPublicImageURL":{"value":"https://firebasestorage.googleapis.com/v0/b/ourland-a0d62.appspot.com/o/photo%2F677d18d0-0f29-4e08-90fd-4f56c0e47f5f%2Fthumbnail.jpg?alt=media&token=e3b90a54-8217-408e-8d78-d5b6d328f186","type":"string"},"thumbnailImageURL":{"value":"gs://ourland-a0d62.appspot.com/photo/677d18d0-0f29-4e08-90fd-4f56c0e47f5f/thumbnail.jpg","type":"string"},"imageUrl":{"value":"gs://ourland-a0d62.appspot.com/photo/677d18d0-0f29-4e08-90fd-4f56c0e47f5f/original.jpg","type":"string"},"uid":{"value":"R6FWaigWsDcV8uzXnjiFlOpSHRb2","type":"string"},"geolocation":{"value":{"_latitude":22.2785014,"_longitude":114.1820501},"type":"geopoint"},"duration":{"value":null,"type":"null"},"fbuid":{"value":"10213143183868185","type":"string"},"key":{"value":"677d18d0-0f29-4e08-90fd-4f56c0e47f5f","type":"string"},"hide":{"value":false,"type":"boolean"},"tag":{"value":null,"type":"null"},"start":{"value":"1970-01-01T00:00:00.000Z","type":"timestamp"},"link":{"value":"","type":"string"},"lastUpdate":{"value":"2018-04-23T15:17:54.020Z","type":"timestamp"},"status":{"value":"開放","type":"string"},"photoUrl":{"value":"https://lookaside.facebook.com/platform/profilepic/?asid=10213143183868185&height=100&width=100&ext=1523030442&hash=AeR4q2dWQIfJcSLx","type":"string"},"name":{"value":"Choi Sing","type":"string"},"streetAddress":{"value":"香港灣仔羅素街18號","type":"string"},"text":{"value":"鵝頸橋郵箱","type":"string"},"tagfilter":{"value":{"公共設施":{"value":1,"type":"number"},"郵筒":{"value":1,"type":"number"}},"type":"object"},"createdAt":{"value":"2018-04-23T12:22:51.581Z","type":"timestamp"}}