{"createdAt":{"value":"2018-04-12T02:28:39.111Z","type":"timestamp"},"hide":{"value":false,"type":"boolean"},"link":{"value":"https://www.facebook.com/tinyeahtinyeah/","type":"string"},"lastUpdate":{"value":null,"type":"null"},"photoUrl":{"value":"https://firebasestorage.googleapis.com/v0/b/ourland-a0d62.appspot.com/o/photo%2FUserProfile%2FQ72z8i9yHyaLCCiAyR5BoGd0kQr1%2Fprofile_e07c3975-5cb3-431b-a388-a94c9eecd8f6.jpg?alt=media&token=42c8aed1-f609-4885-90ec-4399151ce9a1","type":"string"},"name":{"value":"麥家凱","type":"string"},"uid":{"value":"Q72z8i9yHyaLCCiAyR5BoGd0kQr1","type":"string"}}