{"interval":{"value":null,"type":"null"},"thumbnailPublicImageURL":{"value":"https://firebasestorage.googleapis.com/v0/b/ourland-a0d62.appspot.com/o/photo%2F12376289-7b9e-4d65-a78b-eacd4646514f%2Fthumbnail.jpg?alt=media&token=e1adcf2d-7cca-47a7-a54d-10a2241a2d63","type":"string"},"thumbnailImageURL":{"value":"gs://ourland-a0d62.appspot.com/photo/12376289-7b9e-4d65-a78b-eacd4646514f/thumbnail.jpg","type":"string"},"imageUrl":{"value":"gs://ourland-a0d62.appspot.com/photo/12376289-7b9e-4d65-a78b-eacd4646514f/original.jpg","type":"string"},"uid":{"value":"4ET30Mqak7eTDpCVJ3yDIrTU4sy1","type":"string"},"geolocation":{"value":{"_latitude":22.2438296,"_longitude":114.1545785},"type":"geopoint"},"duration":{"value":null,"type":"null"},"fbuid":{"value":"1726522827465168","type":"string"},"key":{"value":"12376289-7b9e-4d65-a78b-eacd4646514f","type":"string"},"hide":{"value":false,"type":"boolean"},"tag":{"value":null,"type":"null"},"start":{"value":"1970-01-01T00:00:00.000Z","type":"timestamp"},"link":{"value":"","type":"string"},"lastUpdate":{"value":"2018-05-08T00:30:46.947Z","type":"timestamp"},"status":{"value":"完結","type":"string"},"photoUrl":{"value":"https://scontent-hkg3-2.xx.fbcdn.net/v/t1.0-1/p148x148/24862601_295311714309440_1589039543195318263_n.jpg?_nc_cat=0&oh=cbf16e3926ef590a8da91e4ce0e0b99d&oe=5B6E8881","type":"string"},"name":{"value":"陳炳洋","type":"string"},"streetAddress":{"value":"鴨脷洲倫敦里","type":"string"},"text":{"value":"增設「倫敦里」路牌","type":"string"},"viewCount":{"value":1,"type":"number"},"tagfilter":{"value":{"社區匯報":{"value":1,"type":"number"},"公共設施維修":{"value":1,"type":"number"}},"type":"object"},"createdAt":{"value":"2018-05-07T07:28:42.708Z","type":"timestamp"},"publicImageURL":{"value":"https://firebasestorage.googleapis.com/v0/b/ourland-a0d62.appspot.com/o/photo%2F12376289-7b9e-4d65-a78b-eacd4646514f%2Foriginal.jpg?alt=media&token=9457ffbe-229e-4e60-9cd1-d0656e053bda","type":"string"}}