{"start":{"value":"1970-01-01T00:00:00.000Z","type":"timestamp"},"link":{"value":"","type":"string"},"concernRecord":{"value":[{"value":"RmtuzaPXr3ZghY397CxS18mWfWX2","type":"string"}],"type":"array"},"streetAddress":{"value":"高山道山西街","type":"string"},"text":{"value":"高山道公屋計劃轉做居屋","type":"string"},"tagfilter":{"value":{"社區匯報":{"value":1,"type":"number"}},"type":"object"},"createdAt":{"value":"2018-05-10T06:49:54.972Z","type":"timestamp"},"publicImageURL":{"value":"https://firebasestorage.googleapis.com/v0/b/ourland-a0d62.appspot.com/o/photo%2F09e0123e-41c0-445e-a4d1-c9fac797c70b%2Foriginal.jpg?alt=media&token=5b73b59a-712d-4d50-be2d-2f26f4798daf","type":"string"},"interval":{"value":null,"type":"null"},"thumbnailImageURL":{"value":"gs://ourland-a0d62.appspot.com/photo/09e0123e-41c0-445e-a4d1-c9fac797c70b/thumbnail.jpg","type":"string"},"uid":{"value":"6QxibVFOSkaMbE95Aqz90KFaRM73","type":"string"},"hide":{"value":false,"type":"boolean"},"tag":{"value":null,"type":"null"},"lastUpdate":{"value":"2018-05-21T05:59:09.385Z","type":"timestamp"},"status":{"value":"開放","type":"string"},"photoUrl":{"value":"https://firebasestorage.googleapis.com/v0/b/ourland-a0d62.appspot.com/o/photo%2FUserProfile%2F6QxibVFOSkaMbE95Aqz90KFaRM73%2Fprofile_d38a2fb7-7662-4c4e-b4a0-176f83bf6ce2.jpg?alt=media&token=2e35ad7a-8f54-46df-bdd4-ee91a364f3a0","type":"string"},"name":{"value":"林正軒","type":"string"},"viewCount":{"value":13,"type":"number"},"thumbnailPublicImageURL":{"value":"https://firebasestorage.googleapis.com/v0/b/ourland-a0d62.appspot.com/o/photo%2F09e0123e-41c0-445e-a4d1-c9fac797c70b%2Fthumbnail.jpg?alt=media&token=b60e3d66-6eaf-4627-9a6e-a3f2d2c5ef13","type":"string"},"imageUrl":{"value":"gs://ourland-a0d62.appspot.com/photo/09e0123e-41c0-445e-a4d1-c9fac797c70b/original.jpg","type":"string"},"geolocation":{"value":{"_latitude":22.3135662,"_longitude":114.1863904},"type":"geopoint"},"duration":{"value":null,"type":"null"},"fbuid":{"value":"2012612212101263","type":"string"},"key":{"value":"09e0123e-41c0-445e-a4d1-c9fac797c70b","type":"string"}}