{"photoUrl":{"value":"https://scontent.xx.fbcdn.net/v/t1.0-1/p100x100/26168919_10154909042217811_4330853886633434716_n.jpg?oh=f7e122daf4ead9ca758ec03bcd511064&oe=5AEAB76D","type":"string"},"name":{"value":"Pegasus Mak","type":"string"},"text":{"value":"味芳有待用Meal","type":"string"},"createdAt":{"value":1517480123092,"type":"number"},"interval":{"value":null,"type":"null"},"uid":{"value":"Q72z8i9yHyaLCCiAyR5BoGd0kQr1","type":"string"},"geolocation":{"value":{"_latitude":22.3184318,"_longitude":114.1683323},"type":"geopoint"},"duration":{"value":null,"type":"null"},"fbuid":{"value":"10154417054297811","type":"string"},"key":{"value":"9d83ca90-0c83-4798-a302-7893c4e88a83","type":"string"},"hide":{"value":false,"type":"boolean"},"tag":{"value":[{"value":"Testing","type":"string"}],"type":"array"},"start":{"value":null,"type":"null"},"link":{"value":"","type":"string"},"concernRecord":{"value":[],"type":"array"},"lastUpdate":{"value":"2018-03-14T11:55:29.872Z","type":"timestamp"},"status":{"value":"開放","type":"string"}}