{"photoUrl":{"value":"https://scontent.xx.fbcdn.net/v/t1.0-1/p100x100/27750442_10154979325522811_461259143438669964_n.jpg?oh=e203be81cb5f1c12d2d8a7171ef71b10&oe=5B1BFDB8","type":"string"},"name":{"value":"Pegasus Mak","type":"string"},"streetAddress":{"value":"公民廣場","type":"string"},"geolocation":{"value":{"_latitude":22.2802975,"_longitude":114.16586},"type":"geopoint"},"createdAt":{"value":"2018-02-25T16:21:31.846Z","type":"timestamp"},"hide":{"value":false,"type":"boolean"},"lastUpdate":{"value":null,"type":"null"}}