{"tag":{"value":[],"type":"array"},"start":{"value":"1970-01-01T00:00:00.000Z","type":"timestamp"},"link":{"value":"","type":"string"},"lastUpdate":{"value":null,"type":"null"},"status":{"value":"開放","type":"string"},"photoUrl":{"value":"https://scontent.xx.fbcdn.net/v/t1.0-1/p100x100/28870976_10155049780592811_4379565846649896960_n.jpg?_nc_cat=0&oh=c952552f31507af74f789ed6ba07ad43&oe=5B74327A","type":"string"},"name":{"value":"Pegasus Mak","type":"string"},"streetAddress":{"value":null,"type":"null"},"text":{"value":"Test with thumbnail","type":"string"},"viewCount":{"value":6,"type":"number"},"createdAt":{"value":"2018-03-24T16:17:50.991Z","type":"timestamp"},"publicImageURL":{"value":"https://firebasestorage.googleapis.com/v0/b/ourland-a0d62.appspot.com/o/photoTest%2F52ed4584-9f66-4450-83fd-1c4a74c842de%2Foriginal.jpg?alt=media&token=2dde58b6-3c42-4ec1-819e-172771a79b05","type":"string"},"interval":{"value":null,"type":"null"},"thumbnailPublicImageURL":{"value":"https://firebasestorage.googleapis.com/v0/b/ourland-a0d62.appspot.com/o/photoTest%2F52ed4584-9f66-4450-83fd-1c4a74c842de%2Fthumbnail.jpg?alt=media&token=57ce7913-f805-41f2-bce4-939efab7701a","type":"string"},"thumbnailImageURL":{"value":"gs://ourland-a0d62.appspot.com/photoTest/52ed4584-9f66-4450-83fd-1c4a74c842de/thumbnail.jpg","type":"string"},"imageUrl":{"value":"gs://ourland-a0d62.appspot.com/photoTest/52ed4584-9f66-4450-83fd-1c4a74c842de/original.jpg","type":"string"},"uid":{"value":"Q72z8i9yHyaLCCiAyR5BoGd0kQr1","type":"string"},"geolocation":{"value":{"_latitude":22.396428,"_longitude":114.10949699999999},"type":"geopoint"},"duration":{"value":null,"type":"null"},"fbuid":{"value":"10154417054297811","type":"string"},"key":{"value":"52ed4584-9f66-4450-83fd-1c4a74c842de","type":"string"},"hide":{"value":false,"type":"boolean"}}