{"concernRecord":{"value":[{"value":"mUQgwxkmPBfVA47d9lHzB482Nmp1","type":"string"},{"value":"Q72z8i9yHyaLCCiAyR5BoGd0kQr1","type":"string"}],"type":"array"},"lastUpdate":{"value":"2018-04-15T15:53:28.569Z","type":"timestamp"},"status":{"value":"政府跟進中","type":"string"},"photoUrl":{"value":"https://scontent.xx.fbcdn.net/v/t1.0-1/p100x100/26168919_10154909042217811_4330853886633434716_n.jpg?oh=f7e122daf4ead9ca758ec03bcd511064&oe=5AEAB76D","type":"string"},"name":{"value":"Pegasus Mak","type":"string"},"streetAddress":{"value":"","type":"string"},"text":{"value":"地區告示板","type":"string"},"viewCount":{"value":1,"type":"number"},"createdAt":{"value":1517458541391,"type":"number"},"interval":{"value":"每週","type":"string"},"uid":{"value":"Q72z8i9yHyaLCCiAyR5BoGd0kQr1","type":"string"},"geolocation":{"value":{"_latitude":22.3250982,"_longitude":114.1736492},"type":"geopoint"},"duration":{"value":"1:00","type":"string"},"fbuid":{"value":"10154417054297811","type":"string"},"key":{"value":"6b8b93fa-b636-49fb-ab92-dc2e1d494d4c","type":"string"},"hide":{"value":true,"type":"boolean"},"tag":{"value":[{"value":"地區告示板","type":"string"}],"type":"array"},"link":{"value":"LInk Text","type":"string"}}