{"thumbnailPublicImageURL":{"value":"https://firebasestorage.googleapis.com/v0/b/ourland-a0d62.appspot.com/o/photo%2F77d96d0c-39f3-47cc-a711-010220902b85%2Fthumbnail.jpg?alt=media&token=87ecf092-8776-4819-b528-ff457eb17a5b","type":"string"},"thumbnailImageURL":{"value":"gs://ourland-a0d62.appspot.com/photo/77d96d0c-39f3-47cc-a711-010220902b85/thumbnail.jpg","type":"string"},"imageUrl":{"value":"gs://ourland-a0d62.appspot.com/photo/77d96d0c-39f3-47cc-a711-010220902b85/original.jpg","type":"string"},"uid":{"value":"4ET30Mqak7eTDpCVJ3yDIrTU4sy1","type":"string"},"geolocation":{"value":{"_latitude":22.2451725,"_longitude":114.1581021},"type":"geopoint"},"duration":{"value":null,"type":"null"},"fbuid":{"value":"1726522827465168","type":"string"},"key":{"value":"77d96d0c-39f3-47cc-a711-010220902b85","type":"string"},"hide":{"value":false,"type":"boolean"},"tag":{"value":null,"type":"null"},"start":{"value":"1970-01-01T00:00:00.000Z","type":"timestamp"},"link":{"value":"","type":"string"},"lastUpdate":{"value":"2018-04-04T14:56:55.836Z","type":"timestamp"},"status":{"value":"開放","type":"string"},"photoUrl":{"value":"https://scontent-hkg3-2.xx.fbcdn.net/v/t1.0-1/p148x148/24862601_295311714309440_1589039543195318263_n.jpg?_nc_cat=0&oh=cbf16e3926ef590a8da91e4ce0e0b99d&oe=5B6E8881","type":"string"},"name":{"value":"陳炳洋","type":"string"},"streetAddress":{"value":" 鴨脷洲公園","type":"string"},"text":{"value":"鴨利洲 增設狗糞收集箱","type":"string"},"viewCount":{"value":1,"type":"number"},"tagfilter":{"value":{"寵物":{"value":1,"type":"number"},"狗糞收集箱":{"value":1,"type":"number"}},"type":"object"},"createdAt":{"value":"2018-04-04T14:56:55.836Z","type":"timestamp"},"publicImageURL":{"value":"https://firebasestorage.googleapis.com/v0/b/ourland-a0d62.appspot.com/o/photo%2F77d96d0c-39f3-47cc-a711-010220902b85%2Foriginal.jpg?alt=media&token=7a06f354-e01d-4b57-ba6e-e93851ac474a","type":"string"},"interval":{"value":null,"type":"null"}}