{"createdAt":{"value":"2018-04-27T01:30:39.202Z","type":"timestamp"},"publicImageURL":{"value":"https://firebasestorage.googleapis.com/v0/b/ourland-a0d62.appspot.com/o/photo%2F54161f25-6801-4fa0-b311-fcd7646adbe4%2Foriginal.jpg?alt=media&token=30d23225-3b9f-4d1d-ab9f-afe57ba94644","type":"string"},"interval":{"value":null,"type":"null"},"thumbnailPublicImageURL":{"value":"https://firebasestorage.googleapis.com/v0/b/ourland-a0d62.appspot.com/o/photo%2F54161f25-6801-4fa0-b311-fcd7646adbe4%2Fthumbnail.jpg?alt=media&token=a084c3cb-20ed-48a5-aeb8-4928e3f609fc","type":"string"},"thumbnailImageURL":{"value":"gs://ourland-a0d62.appspot.com/photo/54161f25-6801-4fa0-b311-fcd7646adbe4/thumbnail.jpg","type":"string"},"imageUrl":{"value":"gs://ourland-a0d62.appspot.com/photo/54161f25-6801-4fa0-b311-fcd7646adbe4/original.jpg","type":"string"},"uid":{"value":"R6FWaigWsDcV8uzXnjiFlOpSHRb2","type":"string"},"geolocation":{"value":{"_latitude":22.2970677,"_longitude":114.1722579},"type":"geopoint"},"duration":{"value":null,"type":"null"},"fbuid":{"value":"10213143183868185","type":"string"},"key":{"value":"54161f25-6801-4fa0-b311-fcd7646adbe4","type":"string"},"hide":{"value":false,"type":"boolean"},"tag":{"value":null,"type":"null"},"start":{"value":"1970-01-01T00:00:00.000Z","type":"timestamp"},"link":{"value":"","type":"string"},"lastUpdate":{"value":"2018-04-27T01:30:39.202Z","type":"timestamp"},"status":{"value":"開放","type":"string"},"photoUrl":{"value":"https://lookaside.facebook.com/platform/profilepic/?asid=10213143183868185&height=100&width=100&ext=1523030442&hash=AeR4q2dWQIfJcSLx","type":"string"},"name":{"value":"Choi Sing","type":"string"},"streetAddress":{"value":"香港尖沙咀彌敦道54號","type":"string"},"text":{"value":"尖沙咀地鐵站內郵箱","type":"string"},"tagfilter":{"value":{"公共設施":{"value":1,"type":"number"},"郵箱":{"value":1,"type":"number"}},"type":"object"}}