{"photoUrl":{"value":"https://scontent-hkg3-2.xx.fbcdn.net/v/t1.0-1/p148x148/24862601_295311714309440_1589039543195318263_n.jpg?_nc_cat=0&oh=cbf16e3926ef590a8da91e4ce0e0b99d&oe=5B6E8881","type":"string"},"name":{"value":"陳炳洋","type":"string"},"streetAddress":{"value":"鴨脷洲大街倚南","type":"string"},"text":{"value":"鴨脷洲新海旁道用地規劃問卷調查Day11—倚南站","type":"string"},"viewCount":{"value":1,"type":"number"},"tagfilter":{"value":{"社區調查":{"value":1,"type":"number"},"鴨脷洲新海旁道":{"value":1,"type":"number"},"社區規劃":{"value":1,"type":"number"}},"type":"object"},"createdAt":{"value":"2018-04-27T13:09:08.312Z","type":"timestamp"},"publicImageURL":{"value":"https://firebasestorage.googleapis.com/v0/b/ourland-a0d62.appspot.com/o/photo%2F30e50ebd-8de5-4d2a-95ac-bbe95986844b%2Foriginal.jpg?alt=media&token=02f53168-0f5e-451e-95bb-5342fea5312c","type":"string"},"interval":{"value":null,"type":"null"},"thumbnailPublicImageURL":{"value":"https://firebasestorage.googleapis.com/v0/b/ourland-a0d62.appspot.com/o/photo%2F30e50ebd-8de5-4d2a-95ac-bbe95986844b%2Fthumbnail.jpg?alt=media&token=1a310e6d-a1da-4c73-a91e-9a5d0638ed71","type":"string"},"thumbnailImageURL":{"value":"gs://ourland-a0d62.appspot.com/photo/30e50ebd-8de5-4d2a-95ac-bbe95986844b/thumbnail.jpg","type":"string"},"imageUrl":{"value":"gs://ourland-a0d62.appspot.com/photo/30e50ebd-8de5-4d2a-95ac-bbe95986844b/original.jpg","type":"string"},"uid":{"value":"4ET30Mqak7eTDpCVJ3yDIrTU4sy1","type":"string"},"geolocation":{"value":{"_latitude":22.2442323,"_longitude":114.1556617},"type":"geopoint"},"duration":{"value":"1:30","type":"string"},"fbuid":{"value":"1726522827465168","type":"string"},"key":{"value":"30e50ebd-8de5-4d2a-95ac-bbe95986844b","type":"string"},"hide":{"value":false,"type":"boolean"},"tag":{"value":null,"type":"null"},"start":{"value":"2018-04-26T10:30:00.000Z","type":"timestamp"},"link":{"value":"https://goo.gl/forms/HclpSLXFK7YRIn303","type":"string"},"lastUpdate":{"value":"2018-05-02T14:49:43.740Z","type":"timestamp"},"status":{"value":"完結","type":"string"}}