{"lastUpdate":{"value":"2018-05-10T08:45:18.325Z","type":"timestamp"},"status":{"value":"開放","type":"string"},"photoUrl":{"value":"https://scontent-hkg3-2.xx.fbcdn.net/v/t1.0-1/p148x148/24862601_295311714309440_1589039543195318263_n.jpg?_nc_cat=0&oh=cbf16e3926ef590a8da91e4ce0e0b99d&oe=5B6E8881","type":"string"},"name":{"value":"陳炳洋","type":"string"},"streetAddress":{"value":"田鴨脷洲大街165-167號地下A1、A2舖","type":"string"},"text":{"value":"南區獸醫中心","type":"string"},"viewCount":{"value":1,"type":"number"},"tagfilter":{"value":{"寵物":{"value":1,"type":"number"},"假日診所":{"value":1,"type":"number"}},"type":"object"},"createdAt":{"value":"2018-05-10T08:45:18.325Z","type":"timestamp"},"publicImageURL":{"value":"https://firebasestorage.googleapis.com/v0/b/ourland-a0d62.appspot.com/o/photo%2Fa47b2a26-be6b-4b70-a621-24e9707ddaee%2Foriginal.jpg?alt=media&token=69c1c3d8-497a-4e2f-b76e-1be05319b146","type":"string"},"interval":{"value":null,"type":"null"},"thumbnailPublicImageURL":{"value":"https://firebasestorage.googleapis.com/v0/b/ourland-a0d62.appspot.com/o/photo%2Fa47b2a26-be6b-4b70-a621-24e9707ddaee%2Fthumbnail.jpg?alt=media&token=e6f36d36-1de2-4708-bcc6-43797ca357b0","type":"string"},"thumbnailImageURL":{"value":"gs://ourland-a0d62.appspot.com/photo/a47b2a26-be6b-4b70-a621-24e9707ddaee/thumbnail.jpg","type":"string"},"imageUrl":{"value":"gs://ourland-a0d62.appspot.com/photo/a47b2a26-be6b-4b70-a621-24e9707ddaee/original.jpg","type":"string"},"uid":{"value":"4ET30Mqak7eTDpCVJ3yDIrTU4sy1","type":"string"},"geolocation":{"value":{"_latitude":22.2436184,"_longitude":114.1534495},"type":"geopoint"},"duration":{"value":null,"type":"null"},"fbuid":{"value":"1726522827465168","type":"string"},"key":{"value":"a47b2a26-be6b-4b70-a621-24e9707ddaee","type":"string"},"hide":{"value":false,"type":"boolean"},"tag":{"value":null,"type":"null"},"start":{"value":"1970-01-01T00:00:00.000Z","type":"timestamp"},"link":{"value":"","type":"string"}}