{"imageUrl":{"value":"gs://ourland-a0d62.appspot.com/photo/ecd810ed-927f-458c-a7a1-36501a65c958/original.jpg","type":"string"},"uid":{"value":"R6FWaigWsDcV8uzXnjiFlOpSHRb2","type":"string"},"geolocation":{"value":{"_latitude":22.3027923,"_longitude":114.2402772},"type":"geopoint"},"duration":{"value":null,"type":"null"},"fbuid":{"value":"10213143183868185","type":"string"},"key":{"value":"ecd810ed-927f-458c-a7a1-36501a65c958","type":"string"},"hide":{"value":false,"type":"boolean"},"tag":{"value":null,"type":"null"},"start":{"value":"1970-01-01T00:00:00.000Z","type":"timestamp"},"link":{"value":"","type":"string"},"lastUpdate":{"value":"2018-04-23T15:24:15.119Z","type":"timestamp"},"status":{"value":"開放","type":"string"},"photoUrl":{"value":"https://lookaside.facebook.com/platform/profilepic/?asid=10213143183868185&height=100&width=100&ext=1523030442&hash=AeR4q2dWQIfJcSLx","type":"string"},"name":{"value":"Choi Sing","type":"string"},"streetAddress":{"value":"香港長龍田碧雲道168號","type":"string"},"text":{"value":"高俊苑郵箱","type":"string"},"viewCount":{"value":1,"type":"number"},"tagfilter":{"value":{"郵筒":{"value":1,"type":"number"},"公共設施":{"value":1,"type":"number"}},"type":"object"},"createdAt":{"value":"2018-04-22T06:29:49.237Z","type":"timestamp"},"publicImageURL":{"value":"https://firebasestorage.googleapis.com/v0/b/ourland-a0d62.appspot.com/o/photo%2Fecd810ed-927f-458c-a7a1-36501a65c958%2Foriginal.jpg?alt=media&token=6febcc0d-7cb7-4c84-8249-f4c406b52986","type":"string"},"interval":{"value":null,"type":"null"},"thumbnailPublicImageURL":{"value":"https://firebasestorage.googleapis.com/v0/b/ourland-a0d62.appspot.com/o/photo%2Fecd810ed-927f-458c-a7a1-36501a65c958%2Fthumbnail.jpg?alt=media&token=21c5dbdd-e2c7-48d6-bbe5-cf4c49608830","type":"string"},"thumbnailImageURL":{"value":"gs://ourland-a0d62.appspot.com/photo/ecd810ed-927f-458c-a7a1-36501a65c958/thumbnail.jpg","type":"string"}}