{"thumbnailPublicImageURL":{"value":"https://firebasestorage.googleapis.com/v0/b/ourland-a0d62.appspot.com/o/photo%2F99221430-c00c-4238-b3e9-73e9fc35dd73%2Fthumbnail.jpg?alt=media&token=0ce7abc6-a233-4bba-be49-9d0639012cac","type":"string"},"imageUrl":{"value":"gs://ourland-a0d62.appspot.com/photo/99221430-c00c-4238-b3e9-73e9fc35dd73/original.jpg","type":"string"},"geolocation":{"value":{"_latitude":22.3080096,"_longitude":114.1717947},"type":"geopoint"},"duration":{"value":null,"type":"null"},"fbuid":{"value":"10159449765660019","type":"string"},"key":{"value":"99221430-c00c-4238-b3e9-73e9fc35dd73","type":"string"},"start":{"value":"1970-01-01T00:00:00.000Z","type":"timestamp"},"link":{"value":"","type":"string"},"concernRecord":{"value":[{"value":"mUQgwxkmPBfVA47d9lHzB482Nmp1","type":"string"}],"type":"array"},"streetAddress":{"value":"eaton hotel","type":"string"},"text":{"value":"g0vhk.io 第一次Hackathon","type":"string"},"tagfilter":{"value":{"黑客松":{"value":1,"type":"number"}},"type":"object"},"createdAt":{"value":"2018-06-13T14:44:55.897Z","type":"timestamp"},"publicImageURL":{"value":"https://firebasestorage.googleapis.com/v0/b/ourland-a0d62.appspot.com/o/photo%2F99221430-c00c-4238-b3e9-73e9fc35dd73%2Foriginal.jpg?alt=media&token=db4c98bb-36b8-4d0c-8481-af3c18934402","type":"string"},"happyCount":{"value":1,"type":"number"},"interval":{"value":null,"type":"null"},"sadCount":{"value":0,"type":"number"},"thumbnailImageURL":{"value":"gs://ourland-a0d62.appspot.com/photo/99221430-c00c-4238-b3e9-73e9fc35dd73/thumbnail.jpg","type":"string"},"uid":{"value":"RmtuzaPXr3ZghY397CxS18mWfWX2","type":"string"},"hide":{"value":false,"type":"boolean"},"tag":{"value":null,"type":"null"},"lastUpdate":{"value":"2018-06-13T14:44:55.897Z","type":"timestamp"},"status":{"value":"開放","type":"string"},"photoUrl":{"value":"https://scontent.xx.fbcdn.net/v/t1.0-1/p100x100/14956558_10157967831955019_6719836494426504369_n.jpg?oh=65945f428a2e3197e01b744cfb4ebdf9&oe=59FB11D4","type":"string"},"name":{"value":"Ho Wa Wong","type":"string"},"viewCount":{"value":6,"type":"number"}}