{"uid":{"value":"mUQgwxkmPBfVA47d9lHzB482Nmp1","type":"string"},"imageUrl":{"value":"gs://ourland-a0d62.appspot.com/mUQgwxkmPBfVA47d9lHzB482Nmp1/1602ddf9-12df-461e-ab87-19b5738f68b8/event.jpg","type":"string"},"geolocation":{"value":{"_latitude":22.3198564,"_longitude":114.1783804},"type":"geopoint"},"duration":{"value":"0:30","type":"string"},"fbuid":{"value":"140969833258766","type":"string"},"key":{"value":"1602ddf9-12df-461e-ab87-19b5738f68b8","type":"string"},"hide":{"value":false,"type":"boolean"},"tag":{"value":[{"value":"食物銀行","type":"string"}],"type":"array"},"link":{"value":"https://www.collaction.hk/s/fixmystreethk/","type":"string"},"status":{"value":"開放","type":"string"},"photoUrl":{"value":"https://scontent.xx.fbcdn.net/v/t1.0-1/c29.0.100.100/p100x100/10354686_10150004552801856_220367501106153455_n.jpg?oh=abb02c803534c00048bc66ee3119bfbf&oe=5AF01677","type":"string"},"name":{"value":"Our Land HK","type":"string"},"text":{"value":"食物銀行","type":"string"},"viewCount":{"value":1,"type":"number"},"createdAt":{"value":1517494372874,"type":"number"},"publicImageURL":{"value":"https://firebasestorage.googleapis.com/v0/b/ourland-a0d62.appspot.com/o/mUQgwxkmPBfVA47d9lHzB482Nmp1%2F1602ddf9-12df-461e-ab87-19b5738f68b8%2Fevent.jpg?alt=media&token=5293220c-4632-4b38-9aca-9fa741bcacf7","type":"string"},"interval":{"value":"每週","type":"string"}}