{"imageUrl":{"value":"gs://ourland-a0d62.appspot.com/photo/355bcf94-c563-4b7b-b088-bf359a2f6a77/original.jpg","type":"string"},"uid":{"value":"4ET30Mqak7eTDpCVJ3yDIrTU4sy1","type":"string"},"geolocation":{"value":{"_latitude":22.2438899,"_longitude":114.1543212},"type":"geopoint"},"duration":{"value":null,"type":"null"},"fbuid":{"value":"1726522827465168","type":"string"},"key":{"value":"355bcf94-c563-4b7b-b088-bf359a2f6a77","type":"string"},"hide":{"value":false,"type":"boolean"},"tag":{"value":null,"type":"null"},"start":{"value":"1970-01-01T00:00:00.000Z","type":"timestamp"},"link":{"value":"","type":"string"},"lastUpdate":{"value":"2018-04-23T15:40:49.090Z","type":"timestamp"},"status":{"value":"完結","type":"string"},"photoUrl":{"value":"https://scontent-hkg3-2.xx.fbcdn.net/v/t1.0-1/p148x148/24862601_295311714309440_1589039543195318263_n.jpg?_nc_cat=0&oh=cbf16e3926ef590a8da91e4ce0e0b99d&oe=5B6E8881","type":"string"},"name":{"value":"陳炳洋","type":"string"},"streetAddress":{"value":"鴨脷洲悅海街","type":"string"},"text":{"value":"清除悅海華庭外樹上黑色膠袋","type":"string"},"tagfilter":{"value":{"清潔":{"value":1,"type":"number"},"社區匯報":{"value":1,"type":"number"}},"type":"object"},"createdAt":{"value":"2018-04-23T12:27:49.138Z","type":"timestamp"},"publicImageURL":{"value":"https://firebasestorage.googleapis.com/v0/b/ourland-a0d62.appspot.com/o/photo%2F355bcf94-c563-4b7b-b088-bf359a2f6a77%2Foriginal.jpg?alt=media&token=ffe683fa-beec-4e6c-a6ec-a5876fc976d3","type":"string"},"interval":{"value":null,"type":"null"},"thumbnailPublicImageURL":{"value":"https://firebasestorage.googleapis.com/v0/b/ourland-a0d62.appspot.com/o/photo%2F355bcf94-c563-4b7b-b088-bf359a2f6a77%2Fthumbnail.jpg?alt=media&token=6fd40e0d-5699-4f98-9373-4d12179f654e","type":"string"},"thumbnailImageURL":{"value":"gs://ourland-a0d62.appspot.com/photo/355bcf94-c563-4b7b-b088-bf359a2f6a77/thumbnail.jpg","type":"string"}}