{"streetAddress":{"value":"荃灣維修中心","type":"string"},"text":{"value":"Volkswagen 荃灣維修中心復活節車展","type":"string"},"tagfilter":{"value":{"車展":{"value":1,"type":"number"},"荃灣":{"value":1,"type":"number"}},"type":"object"},"createdAt":{"value":"2018-03-31T16:51:33.994Z","type":"timestamp"},"publicImageURL":{"value":"https://firebasestorage.googleapis.com/v0/b/ourland-a0d62.appspot.com/o/photo%2F1d3e6487-7edd-459c-adca-a4f9b142d0a4%2Foriginal.jpg?alt=media&token=ac1e8210-155b-46c0-aa42-09b596852565","type":"string"},"interval":{"value":null,"type":"null"},"thumbnailPublicImageURL":{"value":"https://firebasestorage.googleapis.com/v0/b/ourland-a0d62.appspot.com/o/photo%2F1d3e6487-7edd-459c-adca-a4f9b142d0a4%2Fthumbnail.jpg?alt=media&token=69891336-d29e-4d85-92fb-8f0d9489b5a1","type":"string"},"thumbnailImageURL":{"value":"gs://ourland-a0d62.appspot.com/photo/1d3e6487-7edd-459c-adca-a4f9b142d0a4/thumbnail.jpg","type":"string"},"imageUrl":{"value":"gs://ourland-a0d62.appspot.com/photo/1d3e6487-7edd-459c-adca-a4f9b142d0a4/original.jpg","type":"string"},"uid":{"value":"RmtuzaPXr3ZghY397CxS18mWfWX2","type":"string"},"geolocation":{"value":{"_latitude":22.372867,"_longitude":114.110027},"type":"geopoint"},"duration":{"value":null,"type":"null"},"fbuid":{"value":"10159449765660019","type":"string"},"key":{"value":"1d3e6487-7edd-459c-adca-a4f9b142d0a4","type":"string"},"hide":{"value":false,"type":"boolean"},"tag":{"value":null,"type":"null"},"start":{"value":"1970-01-01T00:00:00.000Z","type":"timestamp"},"link":{"value":"https://www.car1.hk/cat-car-show/volkswagen-car-show-2018-march/","type":"string"},"lastUpdate":{"value":"2018-04-15T18:09:51.731Z","type":"timestamp"},"concernRecord":{"value":[],"type":"array"},"status":{"value":"完結","type":"string"},"photoUrl":{"value":"https://lookaside.facebook.com/platform/profilepic/?asid=10159449765660019&height=100&width=100&ext=1522773210&hash=AeR7__TagiupVL0Q","type":"string"},"name":{"value":"Ho Wa Wong","type":"string"}}