{"createdAt":{"value":"2018-03-12T15:57:08.456Z","type":"timestamp"},"publicImageURL":{"value":null,"type":"null"},"interval":{"value":null,"type":"null"},"uid":{"value":"RmtuzaPXr3ZghY397CxS18mWfWX2","type":"string"},"imageUrl":{"value":null,"type":"null"},"geolocation":{"value":{"_latitude":22.2813092,"_longitude":114.2273681},"type":"geopoint"},"duration":{"value":null,"type":"null"},"fbuid":{"value":"10159449765660019","type":"string"},"key":{"value":"b6488169-53e2-494e-a392-aee065f19e21","type":"string"},"hide":{"value":false,"type":"boolean"},"tag":{"value":null,"type":"null"},"start":{"value":"1970-01-01T00:00:00.000Z","type":"timestamp"},"link":{"value":"http://www.hkma.gov.hk/chi/key-functions/monetary-stability/notes-coins-hong-kong/coin-collection/","type":"string"},"lastUpdate":{"value":"2018-04-15T18:10:22.932Z","type":"timestamp"},"status":{"value":"完結","type":"string"},"photoUrl":{"value":"https://scontent.xx.fbcdn.net/v/t1.0-1/p100x100/28872318_10160471693085019_539224288026081730_n.jpg?oh=109ff100bfd8e947b459055f36d3785c&oe=5B3782ED","type":"string"},"name":{"value":"Ho Wa Wong","type":"string"},"streetAddress":{"value":"香港愛秩序灣愛賢街18號","type":"string"},"text":{"value":"收銀車1號","type":"string"},"viewCount":{"value":2,"type":"number"},"tagfilter":{"value":{"收銀車":{"value":1,"type":"number"},"筲箕灣":{"value":1,"type":"number"}},"type":"object"}}