{"imageUrl":{"value":null,"type":"null"},"uid":{"value":"RmtuzaPXr3ZghY397CxS18mWfWX2","type":"string"},"geolocation":{"value":{"_latitude":22.2813092,"_longitude":114.2273681},"type":"geopoint"},"duration":{"value":null,"type":"null"},"fbuid":{"value":"10159449765660019","type":"string"},"key":{"value":"b6488169-53e2-494e-a392-aee065f19e21","type":"string"},"hide":{"value":false,"type":"boolean"},"tag":{"value":[{"value":"收銀車","type":"string"},{"value":"筲箕灣","type":"string"}],"type":"array"},"start":{"value":"1970-01-01T00:00:00.000Z","type":"timestamp"},"link":{"value":"http://www.hkma.gov.hk/chi/key-functions/monetary-stability/notes-coins-hong-kong/coin-collection/","type":"string"},"concernRecord":{"value":[{"value":"Q72z8i9yHyaLCCiAyR5BoGd0kQr1","type":"string"}],"type":"array"},"lastUpdate":{"value":"2018-04-11T10:13:52.218Z","type":"timestamp"},"status":{"value":"開放","type":"string"},"photoUrl":{"value":"https://scontent.xx.fbcdn.net/v/t1.0-1/p100x100/28872318_10160471693085019_539224288026081730_n.jpg?oh=109ff100bfd8e947b459055f36d3785c&oe=5B3782ED","type":"string"},"name":{"value":"Ho Wa Wong","type":"string"},"streetAddress":{"value":null,"type":"null"},"text":{"value":"收銀車1號","type":"string"},"viewCount":{"value":3,"type":"number"},"createdAt":{"value":"2018-03-12T15:57:08.456Z","type":"timestamp"},"publicImageURL":{"value":null,"type":"null"},"interval":{"value":null,"type":"null"}}