{"interval":{"value":null,"type":"null"},"thumbnailPublicImageURL":{"value":"https://firebasestorage.googleapis.com/v0/b/ourland-a0d62.appspot.com/o/photo%2Fb690ee16-1650-4950-a481-1e5bf0acb9e3%2Fthumbnail.jpg?alt=media&token=6d7dd190-ebc3-4823-97fb-1dd4ff20641f","type":"string"},"thumbnailImageURL":{"value":"gs://ourland-a0d62.appspot.com/photo/b690ee16-1650-4950-a481-1e5bf0acb9e3/thumbnail.jpg","type":"string"},"imageUrl":{"value":"gs://ourland-a0d62.appspot.com/photo/b690ee16-1650-4950-a481-1e5bf0acb9e3/original.jpg","type":"string"},"uid":{"value":"R6FWaigWsDcV8uzXnjiFlOpSHRb2","type":"string"},"geolocation":{"value":{"_latitude":22.3108657,"_longitude":114.2380737},"type":"geopoint"},"duration":{"value":null,"type":"null"},"fbuid":{"value":"10213143183868185","type":"string"},"key":{"value":"b690ee16-1650-4950-a481-1e5bf0acb9e3","type":"string"},"hide":{"value":false,"type":"boolean"},"tag":{"value":null,"type":"null"},"start":{"value":"1970-01-01T00:00:00.000Z","type":"timestamp"},"link":{"value":"","type":"string"},"lastUpdate":{"value":"2018-05-12T09:07:12.103Z","type":"timestamp"},"status":{"value":"開放","type":"string"},"photoUrl":{"value":"https://lookaside.facebook.com/platform/profilepic/?asid=10213143183868185&height=100&width=100&ext=1523030442&hash=AeR4q2dWQIfJcSLx","type":"string"},"name":{"value":"Choi Sing","type":"string"},"streetAddress":{"value":"香港藍田碧雲道223號德田邨1座德敬樓","type":"string"},"text":{"value":"藍田德田牙醫","type":"string"},"viewCount":{"value":0,"type":"number"},"tagfilter":{"value":{"假日診所":{"value":1,"type":"number"}},"type":"object"},"createdAt":{"value":"2018-05-12T09:07:12.103Z","type":"timestamp"},"publicImageURL":{"value":"https://firebasestorage.googleapis.com/v0/b/ourland-a0d62.appspot.com/o/photo%2Fb690ee16-1650-4950-a481-1e5bf0acb9e3%2Foriginal.jpg?alt=media&token=751ef820-1a64-487e-afd8-14e841a43b03","type":"string"}}