{"fbuid":{"value":"10213143183868185","type":"string"},"key":{"value":"ea1186ff-6a7a-44ba-af1f-23c1b434466d","type":"string"},"hide":{"value":false,"type":"boolean"},"tag":{"value":null,"type":"null"},"start":{"value":"1970-01-01T00:00:00.000Z","type":"timestamp"},"link":{"value":"","type":"string"},"lastUpdate":{"value":"2018-04-23T15:20:45.287Z","type":"timestamp"},"status":{"value":"開放","type":"string"},"photoUrl":{"value":"https://lookaside.facebook.com/platform/profilepic/?asid=10213143183868185&height=100&width=100&ext=1523030442&hash=AeR4q2dWQIfJcSLx","type":"string"},"name":{"value":"Choi Sing","type":"string"},"streetAddress":{"value":"香港油塘高超道28號高怡邨1座高志樓","type":"string"},"text":{"value":"高怡邨郵箱","type":"string"},"viewCount":{"value":1,"type":"number"},"tagfilter":{"value":{"郵筒":{"value":1,"type":"number"},"公共設施":{"value":1,"type":"number"}},"type":"object"},"createdAt":{"value":"2018-04-22T06:35:22.974Z","type":"timestamp"},"publicImageURL":{"value":"https://firebasestorage.googleapis.com/v0/b/ourland-a0d62.appspot.com/o/photo%2Fea1186ff-6a7a-44ba-af1f-23c1b434466d%2Foriginal.jpg?alt=media&token=79aa920e-938f-4cb1-890d-6f30a607a248","type":"string"},"interval":{"value":null,"type":"null"},"thumbnailPublicImageURL":{"value":"https://firebasestorage.googleapis.com/v0/b/ourland-a0d62.appspot.com/o/photo%2Fea1186ff-6a7a-44ba-af1f-23c1b434466d%2Fthumbnail.jpg?alt=media&token=28bc6864-1ed8-4867-bdf4-e163cea466a5","type":"string"},"thumbnailImageURL":{"value":"gs://ourland-a0d62.appspot.com/photo/ea1186ff-6a7a-44ba-af1f-23c1b434466d/thumbnail.jpg","type":"string"},"imageUrl":{"value":"gs://ourland-a0d62.appspot.com/photo/ea1186ff-6a7a-44ba-af1f-23c1b434466d/original.jpg","type":"string"},"uid":{"value":"R6FWaigWsDcV8uzXnjiFlOpSHRb2","type":"string"},"geolocation":{"value":{"_latitude":22.2973934,"_longitude":114.2416509},"type":"geopoint"},"duration":{"value":null,"type":"null"}}