{"createdAt":{"value":"2018-03-05T05:35:03.823Z","type":"timestamp"},"interval":{"value":"","type":"string"},"uid":{"value":"RmtuzaPXr3ZghY397CxS18mWfWX2","type":"string"},"geolocation":{"value":{"_latitude":22.281579652578824,"_longitude":114.16581861806941},"type":"geopoint"},"duration":{"value":"","type":"string"},"fbuid":{"value":"10159449765660019","type":"string"},"key":{"value":"e6cee8d9-d05a-4942-a236-2f86d04b85b3","type":"string"},"hide":{"value":false,"type":"boolean"},"tag":{"value":[{"value":"食物","type":"string"},{"value":"經濟","type":"string"}],"type":"array"},"start":{"value":"2018-03-05T13:34:48.797Z","type":"timestamp"},"link":{"value":"","type":"string"},"lastUpdate":{"value":null,"type":"null"},"status":{"value":"開放","type":"string"},"photoUrl":{"value":"https://scontent.xx.fbcdn.net/v/t1.0-1/p100x100/24991197_10160062541885019_2799081530111197640_n.jpg?oh=3a268c20b842cda9af2e513bf91dac11&oe=5B044248","type":"string"},"name":{"value":"Ho Wa Wong","type":"string"},"streetAddress":{"value":"","type":"string"},"text":{"value":"立法會飯堂太貴了","type":"string"}}