{"interval":{"value":null,"type":"null"},"thumbnailPublicImageURL":{"value":"https://firebasestorage.googleapis.com/v0/b/ourland-a0d62.appspot.com/o/photo%2F35dfd60f-aa3e-41d8-8650-cd8106ddc0e6%2Fthumbnail.jpg?alt=media&token=3cf9d5a6-9401-4c16-a4bb-cc974a811896","type":"string"},"thumbnailImageURL":{"value":"gs://ourland-a0d62.appspot.com/photo/35dfd60f-aa3e-41d8-8650-cd8106ddc0e6/thumbnail.jpg","type":"string"},"imageUrl":{"value":"gs://ourland-a0d62.appspot.com/photo/35dfd60f-aa3e-41d8-8650-cd8106ddc0e6/original.jpg","type":"string"},"uid":{"value":"R6FWaigWsDcV8uzXnjiFlOpSHRb2","type":"string"},"geolocation":{"value":{"_latitude":22.2859913,"_longitude":114.193374},"type":"geopoint"},"duration":{"value":null,"type":"null"},"fbuid":{"value":"10213143183868185","type":"string"},"key":{"value":"35dfd60f-aa3e-41d8-8650-cd8106ddc0e6","type":"string"},"hide":{"value":false,"type":"boolean"},"tag":{"value":null,"type":"null"},"start":{"value":"1970-01-01T00:00:00.000Z","type":"timestamp"},"link":{"value":"","type":"string"},"lastUpdate":{"value":"2018-06-04T12:19:49.671Z","type":"timestamp"},"status":{"value":"開放","type":"string"},"photoUrl":{"value":"https://lookaside.facebook.com/platform/profilepic/?asid=10213143183868185&height=100&width=100&ext=1523789703&hash=AeSSJs0izNm2sPeJ","type":"string"},"name":{"value":"Choi Sing","type":"string"},"streetAddress":{"value":"香港北角英皇道52號","type":"string"},"text":{"value":"天后水星街郵箱","type":"string"},"viewCount":{"value":1,"type":"number"},"tagfilter":{"value":{"公共設施":{"value":1,"type":"number"},"郵箱":{"value":1,"type":"number"}},"type":"object"},"createdAt":{"value":"2018-06-04T12:19:49.671Z","type":"timestamp"},"publicImageURL":{"value":"https://firebasestorage.googleapis.com/v0/b/ourland-a0d62.appspot.com/o/photo%2F35dfd60f-aa3e-41d8-8650-cd8106ddc0e6%2Foriginal.jpg?alt=media&token=f6dd01a8-f256-4d6a-9c7a-a08b94efd03c","type":"string"}}