{"interval":{"value":null,"type":"null"},"thumbnailImageURL":{"value":"gs://ourland-a0d62.appspot.com/photo/789059a8-4670-4817-ac0c-deee3dffc7a1/thumbnail.jpg","type":"string"},"uid":{"value":"mUQgwxkmPBfVA47d9lHzB482Nmp1","type":"string"},"hide":{"value":false,"type":"boolean"},"tag":{"value":null,"type":"null"},"lastUpdate":{"value":"2018-05-05T16:55:09.166Z","type":"timestamp"},"status":{"value":"開放","type":"string"},"photoUrl":{"value":"https://scontent.xx.fbcdn.net/v/t1.0-1/c4.0.100.100/p100x100/29497881_156376241718125_3335661907779518464_n.jpg?oh=c48660afaf964df58e4225860d7f11db&oe=5B38CA34","type":"string"},"name":{"value":"我地。香港","type":"string"},"viewCount":{"value":1,"type":"number"},"thumbnailPublicImageURL":{"value":"https://firebasestorage.googleapis.com/v0/b/ourland-a0d62.appspot.com/o/photo%2F789059a8-4670-4817-ac0c-deee3dffc7a1%2Fthumbnail.jpg?alt=media&token=1002022b-fd34-483e-b495-18544cb97e61","type":"string"},"imageUrl":{"value":"gs://ourland-a0d62.appspot.com/photo/789059a8-4670-4817-ac0c-deee3dffc7a1/original.jpg","type":"string"},"geolocation":{"value":{"_latitude":22.2964564,"_longitude":114.1754858},"type":"geopoint"},"duration":{"value":null,"type":"null"},"fbuid":{"value":"140969833258766","type":"string"},"key":{"value":"789059a8-4670-4817-ac0c-deee3dffc7a1","type":"string"},"start":{"value":"1970-01-01T00:00:00.000Z","type":"timestamp"},"link":{"value":"","type":"string"},"concernRecord":{"value":[],"type":"array"},"streetAddress":{"value":"香港尖沙咀漆咸道南9-19號","type":"string"},"text":{"value":"尖沙咀漆咸道南下午的交通問題由大量旅遊巴double park 引發","type":"string"},"tagfilter":{"value":{"交通問題":{"value":1,"type":"number"},"購物團":{"value":1,"type":"number"},"旅遊巴":{"value":1,"type":"number"}},"type":"object"},"createdAt":{"value":"2018-03-24T07:33:22.767Z","type":"timestamp"},"publicImageURL":{"value":"https://firebasestorage.googleapis.com/v0/b/ourland-a0d62.appspot.com/o/photo%2F789059a8-4670-4817-ac0c-deee3dffc7a1%2Foriginal.jpg?alt=media&token=fa931a24-8ad2-4a73-babd-b313d133f04b","type":"string"}}