{"interval":{"value":null,"type":"null"},"thumbnailPublicImageURL":{"value":"https://firebasestorage.googleapis.com/v0/b/ourland-a0d62.appspot.com/o/photo%2Fbe04b11d-e437-4b67-828b-4730cb65dd98%2Fthumbnail.jpg?alt=media&token=d68d26d5-0c1e-4248-ae09-45bf7aa27138","type":"string"},"thumbnailImageURL":{"value":"gs://ourland-a0d62.appspot.com/photo/be04b11d-e437-4b67-828b-4730cb65dd98/thumbnail.jpg","type":"string"},"imageUrl":{"value":"gs://ourland-a0d62.appspot.com/photo/be04b11d-e437-4b67-828b-4730cb65dd98/original.jpg","type":"string"},"uid":{"value":"4ET30Mqak7eTDpCVJ3yDIrTU4sy1","type":"string"},"geolocation":{"value":{"_latitude":22.2434299,"_longitude":114.155637},"type":"geopoint"},"duration":{"value":null,"type":"null"},"fbuid":{"value":"1726522827465168","type":"string"},"key":{"value":"be04b11d-e437-4b67-828b-4730cb65dd98","type":"string"},"hide":{"value":false,"type":"boolean"},"tag":{"value":null,"type":"null"},"start":{"value":"1970-01-01T00:00:00.000Z","type":"timestamp"},"link":{"value":"","type":"string"},"lastUpdate":{"value":"2018-05-21T05:18:42.333Z","type":"timestamp"},"status":{"value":"完結","type":"string"},"photoUrl":{"value":"https://scontent-hkg3-2.xx.fbcdn.net/v/t1.0-1/p148x148/24862601_295311714309440_1589039543195318263_n.jpg?_nc_cat=0&oh=cbf16e3926ef590a8da91e4ce0e0b99d&oe=5B6E8881","type":"string"},"name":{"value":"陳炳洋","type":"string"},"streetAddress":{"value":"鴨脷洲橋道行人天橋","type":"string"},"text":{"value":"清理鴨脷洲橋道行人天橋底去水渠垃圾","type":"string"},"viewCount":{"value":1,"type":"number"},"tagfilter":{"value":{"清潔":{"value":1,"type":"number"},"社區匯報":{"value":1,"type":"number"}},"type":"object"},"createdAt":{"value":"2018-05-14T10:10:15.196Z","type":"timestamp"},"publicImageURL":{"value":"https://firebasestorage.googleapis.com/v0/b/ourland-a0d62.appspot.com/o/photo%2Fbe04b11d-e437-4b67-828b-4730cb65dd98%2Foriginal.jpg?alt=media&token=e092b722-4a6b-4553-8c70-9f9946cc0506","type":"string"}}