{"photoUrl":{"value":"https://lookaside.facebook.com/platform/profilepic/?asid=10213143183868185&height=100&width=100&ext=1523030442&hash=AeR4q2dWQIfJcSLx","type":"string"},"name":{"value":"Choi Sing","type":"string"},"streetAddress":{"value":"香港銅鑼灣邊寧頓街13號集貴中心","type":"string"},"text":{"value":"加路連山道郵箱","type":"string"},"tagfilter":{"value":{"公共設施":{"value":1,"type":"number"},"郵筒":{"value":1,"type":"number"}},"type":"object"},"createdAt":{"value":"2018-04-19T05:09:43.671Z","type":"timestamp"},"publicImageURL":{"value":"https://firebasestorage.googleapis.com/v0/b/ourland-a0d62.appspot.com/o/photo%2Fc27b6934-db31-4098-ae97-1d39dae373c9%2Foriginal.jpg?alt=media&token=af46e191-9993-4111-ae94-603279809098","type":"string"},"interval":{"value":null,"type":"null"},"thumbnailPublicImageURL":{"value":"https://firebasestorage.googleapis.com/v0/b/ourland-a0d62.appspot.com/o/photo%2Fc27b6934-db31-4098-ae97-1d39dae373c9%2Fthumbnail.jpg?alt=media&token=56437310-4559-46e6-8c73-8d633c373454","type":"string"},"thumbnailImageURL":{"value":"gs://ourland-a0d62.appspot.com/photo/c27b6934-db31-4098-ae97-1d39dae373c9/thumbnail.jpg","type":"string"},"imageUrl":{"value":"gs://ourland-a0d62.appspot.com/photo/c27b6934-db31-4098-ae97-1d39dae373c9/original.jpg","type":"string"},"uid":{"value":"R6FWaigWsDcV8uzXnjiFlOpSHRb2","type":"string"},"geolocation":{"value":{"_latitude":22.2778045,"_longitude":114.1860291},"type":"geopoint"},"duration":{"value":null,"type":"null"},"fbuid":{"value":"10213143183868185","type":"string"},"key":{"value":"c27b6934-db31-4098-ae97-1d39dae373c9","type":"string"},"hide":{"value":false,"type":"boolean"},"tag":{"value":null,"type":"null"},"start":{"value":"1970-01-01T00:00:00.000Z","type":"timestamp"},"link":{"value":"","type":"string"},"lastUpdate":{"value":"2018-04-20T14:38:19.518Z","type":"timestamp"},"status":{"value":"開放","type":"string"}}