{"thumbnailPublicImageURL":{"value":"https://firebasestorage.googleapis.com/v0/b/ourland-a0d62.appspot.com/o/photo%2Fe9b9337c-29fa-478e-aca1-1a5579abd218%2Fthumbnail.jpg?alt=media&token=3d6ca08a-004e-4c7c-b1b2-db123b511d8c","type":"string"},"imageUrl":{"value":"gs://ourland-a0d62.appspot.com/photo/e9b9337c-29fa-478e-aca1-1a5579abd218/original.jpg","type":"string"},"geolocation":{"value":{"_latitude":22.3177941,"_longitude":114.1775822},"type":"geopoint"},"duration":{"value":null,"type":"null"},"fbuid":{"value":"1592560190826094","type":"string"},"key":{"value":"e9b9337c-29fa-478e-aca1-1a5579abd218","type":"string"},"start":{"value":"1970-01-01T00:00:00.000Z","type":"timestamp"},"link":{"value":"","type":"string"},"concernRecord":{"value":[{"value":"RmtuzaPXr3ZghY397CxS18mWfWX2","type":"string"}],"type":"array"},"streetAddress":{"value":"培正道","type":"string"},"text":{"value":"培正道升降機啟動","type":"string"},"tagfilter":{"value":{},"type":"object"},"createdAt":{"value":"2018-05-11T13:46:36.138Z","type":"timestamp"},"publicImageURL":{"value":"https://firebasestorage.googleapis.com/v0/b/ourland-a0d62.appspot.com/o/photo%2Fe9b9337c-29fa-478e-aca1-1a5579abd218%2Foriginal.jpg?alt=media&token=4b0d7d6b-a6ba-4476-80b6-49cd2bae5096","type":"string"},"interval":{"value":null,"type":"null"},"thumbnailImageURL":{"value":"gs://ourland-a0d62.appspot.com/photo/e9b9337c-29fa-478e-aca1-1a5579abd218/thumbnail.jpg","type":"string"},"uid":{"value":"F7Clx33JYla2xA1Tqbpitvjt70o2","type":"string"},"hide":{"value":false,"type":"boolean"},"tag":{"value":null,"type":"null"},"lastUpdate":{"value":"2018-05-23T11:13:47.030Z","type":"timestamp"},"status":{"value":"開放","type":"string"},"photoUrl":{"value":"https://lookaside.facebook.com/platform/profilepic/?asid=1592560190826094&height=100&width=100&ext=1523857129&hash=AeSNvraVDC2PbkKz","type":"string"},"name":{"value":"Joshua Man Tao Fung","type":"string"},"viewCount":{"value":10,"type":"number"}}