{"interval":{"value":null,"type":"null"},"thumbnailPublicImageURL":{"value":"https://firebasestorage.googleapis.com/v0/b/ourland-a0d62.appspot.com/o/photo%2Fd6f653db-e068-4081-b9d8-93dc8eed143f%2Fthumbnail.jpg?alt=media&token=36b1dacf-6dc7-48cd-9122-a154007bd7a6","type":"string"},"thumbnailImageURL":{"value":"gs://ourland-a0d62.appspot.com/photo/d6f653db-e068-4081-b9d8-93dc8eed143f/thumbnail.jpg","type":"string"},"imageUrl":{"value":"gs://ourland-a0d62.appspot.com/photo/d6f653db-e068-4081-b9d8-93dc8eed143f/original.jpg","type":"string"},"uid":{"value":"4ET30Mqak7eTDpCVJ3yDIrTU4sy1","type":"string"},"geolocation":{"value":{"_latitude":22.2434232,"_longitude":114.1554591},"type":"geopoint"},"duration":{"value":null,"type":"null"},"fbuid":{"value":"1726522827465168","type":"string"},"key":{"value":"d6f653db-e068-4081-b9d8-93dc8eed143f","type":"string"},"hide":{"value":false,"type":"boolean"},"tag":{"value":null,"type":"null"},"start":{"value":"1970-01-01T00:00:00.000Z","type":"timestamp"},"link":{"value":"","type":"string"},"lastUpdate":{"value":"2018-06-08T05:12:54.289Z","type":"timestamp"},"status":{"value":"完結","type":"string"},"photoUrl":{"value":"https://scontent-hkg3-2.xx.fbcdn.net/v/t1.0-1/p148x148/24862601_295311714309440_1589039543195318263_n.jpg?_nc_cat=0&oh=cbf16e3926ef590a8da91e4ce0e0b99d&oe=5B6E8881","type":"string"},"name":{"value":"陳炳洋","type":"string"},"streetAddress":{"value":"利東站A2出口","type":"string"},"text":{"value":"利東站A2出口升降機重裝樓層顯示器","type":"string"},"viewCount":{"value":1,"type":"number"},"tagfilter":{"value":{"社區匯報":{"value":1,"type":"number"},"港鐵":{"value":1,"type":"number"},"MTR":{"value":1,"type":"number"}},"type":"object"},"createdAt":{"value":"2018-06-07T12:24:07.379Z","type":"timestamp"},"publicImageURL":{"value":"https://firebasestorage.googleapis.com/v0/b/ourland-a0d62.appspot.com/o/photo%2Fd6f653db-e068-4081-b9d8-93dc8eed143f%2Foriginal.jpg?alt=media&token=624d7025-4d03-4eb0-bf53-bc48e5912d8c","type":"string"}}