{"duration":{"value":null,"type":"null"},"fbuid":{"value":"10213143183868185","type":"string"},"key":{"value":"7a2c2f8b-6830-4cd9-a87a-5c8823e4e993","type":"string"},"hide":{"value":false,"type":"boolean"},"tag":{"value":null,"type":"null"},"start":{"value":"1970-01-01T00:00:00.000Z","type":"timestamp"},"link":{"value":"","type":"string"},"lastUpdate":{"value":"2018-04-20T14:42:13.617Z","type":"timestamp"},"status":{"value":"開放","type":"string"},"photoUrl":{"value":"https://lookaside.facebook.com/platform/profilepic/?asid=10213143183868185&height=100&width=100&ext=1523030442&hash=AeR4q2dWQIfJcSLx","type":"string"},"name":{"value":"Choi Sing","type":"string"},"streetAddress":{"value":"香港銅鑼灣新寧道3號","type":"string"},"text":{"value":"新寧道郵箱","type":"string"},"tagfilter":{"value":{"郵筒":{"value":1,"type":"number"},"公共設施":{"value":1,"type":"number"}},"type":"object"},"createdAt":{"value":"2018-04-16T08:23:13.345Z","type":"timestamp"},"publicImageURL":{"value":"https://firebasestorage.googleapis.com/v0/b/ourland-a0d62.appspot.com/o/photo%2F7a2c2f8b-6830-4cd9-a87a-5c8823e4e993%2Foriginal.jpg?alt=media&token=7c7a3f85-ed80-4feb-9baa-9dd50ee579c7","type":"string"},"interval":{"value":null,"type":"null"},"thumbnailPublicImageURL":{"value":"https://firebasestorage.googleapis.com/v0/b/ourland-a0d62.appspot.com/o/photo%2F7a2c2f8b-6830-4cd9-a87a-5c8823e4e993%2Fthumbnail.jpg?alt=media&token=8cd71f3b-5084-4691-8b14-5764a6df3e00","type":"string"},"thumbnailImageURL":{"value":"gs://ourland-a0d62.appspot.com/photo/7a2c2f8b-6830-4cd9-a87a-5c8823e4e993/thumbnail.jpg","type":"string"},"imageUrl":{"value":"gs://ourland-a0d62.appspot.com/photo/7a2c2f8b-6830-4cd9-a87a-5c8823e4e993/original.jpg","type":"string"},"uid":{"value":"R6FWaigWsDcV8uzXnjiFlOpSHRb2","type":"string"},"geolocation":{"value":{"_latitude":22.277662,"_longitude":114.1856151},"type":"geopoint"}}