{"viewCount":{"value":3,"type":"number"},"tagfilter":{"value":{"社區調查":{"value":1,"type":"number"},"鴨脷洲新海旁道":{"value":1,"type":"number"},"社區規劃":{"value":1,"type":"number"}},"type":"object"},"createdAt":{"value":"2018-05-02T08:45:58.417Z","type":"timestamp"},"publicImageURL":{"value":"https://firebasestorage.googleapis.com/v0/b/ourland-a0d62.appspot.com/o/photo%2F8e69d68c-ce18-4175-8aea-c4005f05ba19%2Foriginal.jpg?alt=media&token=20ac6665-a5ff-4b40-a8fe-afa7150adf4e","type":"string"},"interval":{"value":"一次","type":"string"},"thumbnailPublicImageURL":{"value":"https://firebasestorage.googleapis.com/v0/b/ourland-a0d62.appspot.com/o/photo%2F8e69d68c-ce18-4175-8aea-c4005f05ba19%2Fthumbnail.jpg?alt=media&token=4acf9e59-b7a0-4177-97fa-bcfc11c1d587","type":"string"},"thumbnailImageURL":{"value":"gs://ourland-a0d62.appspot.com/photo/8e69d68c-ce18-4175-8aea-c4005f05ba19/thumbnail.jpg","type":"string"},"imageUrl":{"value":"gs://ourland-a0d62.appspot.com/photo/8e69d68c-ce18-4175-8aea-c4005f05ba19/original.jpg","type":"string"},"uid":{"value":"4ET30Mqak7eTDpCVJ3yDIrTU4sy1","type":"string"},"geolocation":{"value":{"_latitude":22.2439544,"_longitude":114.1559535},"type":"geopoint"},"duration":{"value":"1:30","type":"string"},"fbuid":{"value":"1726522827465168","type":"string"},"key":{"value":"8e69d68c-ce18-4175-8aea-c4005f05ba19","type":"string"},"hide":{"value":false,"type":"boolean"},"tag":{"value":null,"type":"null"},"start":{"value":"2018-05-02T10:30:00.000Z","type":"timestamp"},"link":{"value":"https://goo.gl/forms/HclpSLXFK7YRIn303","type":"string"},"lastUpdate":{"value":"2018-05-05T03:27:42.392Z","type":"timestamp"},"status":{"value":"完結","type":"string"},"photoUrl":{"value":"https://scontent-hkg3-2.xx.fbcdn.net/v/t1.0-1/p148x148/24862601_295311714309440_1589039543195318263_n.jpg?_nc_cat=0&oh=cbf16e3926ef590a8da91e4ce0e0b99d&oe=5B6E8881","type":"string"},"name":{"value":"陳炳洋","type":"string"},"streetAddress":{"value":"鴨脷洲大街利是大廈","type":"string"},"text":{"value":"鴨脷洲新海旁道用地規劃問卷調查Day14—利是大廈站","type":"string"}}