{"fbuid":{"value":"1726522827465168","type":"string"},"key":{"value":"b6ac3cc8-9005-4ec6-86d1-629b22598ee6","type":"string"},"hide":{"value":false,"type":"boolean"},"tag":{"value":null,"type":"null"},"start":{"value":"1970-01-01T00:00:00.000Z","type":"timestamp"},"link":{"value":"","type":"string"},"lastUpdate":{"value":"2018-04-23T15:41:18.110Z","type":"timestamp"},"status":{"value":"完結","type":"string"},"photoUrl":{"value":"https://scontent-hkg3-2.xx.fbcdn.net/v/t1.0-1/p148x148/24862601_295311714309440_1589039543195318263_n.jpg?_nc_cat=0&oh=cbf16e3926ef590a8da91e4ce0e0b99d&oe=5B6E8881","type":"string"},"name":{"value":"陳炳洋","type":"string"},"streetAddress":{"value":"鴨脷洲倫敦里","type":"string"},"text":{"value":"清潔倫敦里近東南大廈後門的陳漬","type":"string"},"tagfilter":{"value":{"清潔":{"value":1,"type":"number"},"社區匯報":{"value":1,"type":"number"}},"type":"object"},"createdAt":{"value":"2018-04-23T03:49:08.939Z","type":"timestamp"},"publicImageURL":{"value":"https://firebasestorage.googleapis.com/v0/b/ourland-a0d62.appspot.com/o/photo%2Fb6ac3cc8-9005-4ec6-86d1-629b22598ee6%2Foriginal.jpg?alt=media&token=0070bca9-c062-4cdc-b09d-456e0d69ce0a","type":"string"},"interval":{"value":null,"type":"null"},"thumbnailPublicImageURL":{"value":"https://firebasestorage.googleapis.com/v0/b/ourland-a0d62.appspot.com/o/photo%2Fb6ac3cc8-9005-4ec6-86d1-629b22598ee6%2Fthumbnail.jpg?alt=media&token=d2455178-3c6d-4de6-b416-17e84e20c986","type":"string"},"thumbnailImageURL":{"value":"gs://ourland-a0d62.appspot.com/photo/b6ac3cc8-9005-4ec6-86d1-629b22598ee6/thumbnail.jpg","type":"string"},"imageUrl":{"value":"gs://ourland-a0d62.appspot.com/photo/b6ac3cc8-9005-4ec6-86d1-629b22598ee6/original.jpg","type":"string"},"uid":{"value":"4ET30Mqak7eTDpCVJ3yDIrTU4sy1","type":"string"},"geolocation":{"value":{"_latitude":22.2438296,"_longitude":114.1545785},"type":"geopoint"},"duration":{"value":null,"type":"null"}}