{"tag":{"value":null,"type":"null"},"start":{"value":"1970-01-01T00:00:00.000Z","type":"timestamp"},"link":{"value":"","type":"string"},"lastUpdate":{"value":"2018-05-06T08:04:43.857Z","type":"timestamp"},"status":{"value":"開放","type":"string"},"photoUrl":{"value":"https://lookaside.facebook.com/platform/profilepic/?asid=10213143183868185&height=100&width=100&ext=1523030442&hash=AeR4q2dWQIfJcSLx","type":"string"},"name":{"value":"Choi Sing","type":"string"},"streetAddress":{"value":"香港觀塘開源道50號利寶時中心","type":"string"},"text":{"value":"觀塘開源道郵箱","type":"string"},"viewCount":{"value":0,"type":"number"},"tagfilter":{"value":{"公共設施":{"value":1,"type":"number"},"郵箱":{"value":1,"type":"number"}},"type":"object"},"createdAt":{"value":"2018-05-06T08:04:43.857Z","type":"timestamp"},"publicImageURL":{"value":"https://firebasestorage.googleapis.com/v0/b/ourland-a0d62.appspot.com/o/photo%2F5d595d19-e329-42f8-a4ff-06cbccd7b319%2Foriginal.jpg?alt=media&token=ec01756d-4a3c-42bc-a93c-8eff26813802","type":"string"},"interval":{"value":null,"type":"null"},"thumbnailPublicImageURL":{"value":"https://firebasestorage.googleapis.com/v0/b/ourland-a0d62.appspot.com/o/photo%2F5d595d19-e329-42f8-a4ff-06cbccd7b319%2Fthumbnail.jpg?alt=media&token=8c44bded-b43f-4dc4-b189-640889f9d011","type":"string"},"thumbnailImageURL":{"value":"gs://ourland-a0d62.appspot.com/photo/5d595d19-e329-42f8-a4ff-06cbccd7b319/thumbnail.jpg","type":"string"},"imageUrl":{"value":"gs://ourland-a0d62.appspot.com/photo/5d595d19-e329-42f8-a4ff-06cbccd7b319/original.jpg","type":"string"},"uid":{"value":"R6FWaigWsDcV8uzXnjiFlOpSHRb2","type":"string"},"geolocation":{"value":{"_latitude":22.3093941,"_longitude":114.2236928},"type":"geopoint"},"duration":{"value":null,"type":"null"},"fbuid":{"value":"10213143183868185","type":"string"},"key":{"value":"5d595d19-e329-42f8-a4ff-06cbccd7b319","type":"string"},"hide":{"value":false,"type":"boolean"}}