{"interval":{"value":null,"type":"null"},"thumbnailPublicImageURL":{"value":"https://firebasestorage.googleapis.com/v0/b/ourland-a0d62.appspot.com/o/photo%2F4768c66e-31bc-4646-a6c4-58dbe3657c0c%2Fthumbnail.jpg?alt=media&token=0aa915c3-7881-4a43-8b05-9eb403ec3abf","type":"string"},"thumbnailImageURL":{"value":"gs://ourland-a0d62.appspot.com/photo/4768c66e-31bc-4646-a6c4-58dbe3657c0c/thumbnail.jpg","type":"string"},"imageUrl":{"value":"gs://ourland-a0d62.appspot.com/photo/4768c66e-31bc-4646-a6c4-58dbe3657c0c/original.jpg","type":"string"},"uid":{"value":"4ET30Mqak7eTDpCVJ3yDIrTU4sy1","type":"string"},"geolocation":{"value":{"_latitude":22.2438899,"_longitude":114.1543212},"type":"geopoint"},"duration":{"value":null,"type":"null"},"fbuid":{"value":"1726522827465168","type":"string"},"key":{"value":"4768c66e-31bc-4646-a6c4-58dbe3657c0c","type":"string"},"hide":{"value":false,"type":"boolean"},"tag":{"value":null,"type":"null"},"start":{"value":"1970-01-01T00:00:00.000Z","type":"timestamp"},"link":{"value":"","type":"string"},"lastUpdate":{"value":"2018-06-09T06:47:41.896Z","type":"timestamp"},"status":{"value":"完結","type":"string"},"photoUrl":{"value":"https://scontent-hkg3-2.xx.fbcdn.net/v/t1.0-1/p148x148/24862601_295311714309440_1589039543195318263_n.jpg?_nc_cat=0&oh=cbf16e3926ef590a8da91e4ce0e0b99d&oe=5B6E8881","type":"string"},"name":{"value":"陳炳洋","type":"string"},"streetAddress":{"value":"鴨脷洲悅海街","type":"string"},"text":{"value":"疏導鴨脷洲悅海街「鳴輝小廚」對面渠口","type":"string"},"viewCount":{"value":2,"type":"number"},"tagfilter":{"value":{"社區匯報":{"value":1,"type":"number"},"公共地方維修":{"value":1,"type":"number"}},"type":"object"},"createdAt":{"value":"2018-06-08T10:53:37.690Z","type":"timestamp"},"publicImageURL":{"value":"https://firebasestorage.googleapis.com/v0/b/ourland-a0d62.appspot.com/o/photo%2F4768c66e-31bc-4646-a6c4-58dbe3657c0c%2Foriginal.jpg?alt=media&token=171b4f58-5abb-494a-a3df-570daea49900","type":"string"}}