{"duration":{"value":null,"type":"null"},"fbuid":{"value":"140969833258766","type":"string"},"key":{"value":"aa230ba6-23ad-4e4f-a662-46ec4f9e7a06","type":"string"},"hide":{"value":false,"type":"boolean"},"tag":{"value":[],"type":"array"},"start":{"value":null,"type":"null"},"link":{"value":"","type":"string"},"status":{"value":"開放","type":"string"},"photoUrl":{"value":"https://scontent.xx.fbcdn.net/v/t1.0-1/c29.0.100.100/p100x100/10354686_10150004552801856_220367501106153455_n.jpg?oh=abb02c803534c00048bc66ee3119bfbf&oe=5AF01677","type":"string"},"name":{"value":"Our Land HK","type":"string"},"text":{"value":"公民廣場重新開放","type":"string"},"createdAt":{"value":1518112680142,"type":"number"},"interval":{"value":null,"type":"null"},"uid":{"value":"mUQgwxkmPBfVA47d9lHzB482Nmp1","type":"string"},"geolocation":{"value":{"_latitude":22.2802975,"_longitude":114.16586},"type":"geopoint"}}