{"viewCount":{"value":2,"type":"number"},"tagfilter":{"value":{"假日診所":{"value":1,"type":"number"}},"type":"object"},"createdAt":{"value":"2018-05-10T08:46:43.968Z","type":"timestamp"},"publicImageURL":{"value":"https://firebasestorage.googleapis.com/v0/b/ourland-a0d62.appspot.com/o/photo%2F0038e9d0-6945-49cd-9484-e0194fbdd3cf%2Foriginal.jpg?alt=media&token=64a7c905-f3bf-4798-8267-85403e2255c6","type":"string"},"interval":{"value":null,"type":"null"},"thumbnailPublicImageURL":{"value":"https://firebasestorage.googleapis.com/v0/b/ourland-a0d62.appspot.com/o/photo%2F0038e9d0-6945-49cd-9484-e0194fbdd3cf%2Fthumbnail.jpg?alt=media&token=14715f47-6383-4169-8cec-18ea144862ba","type":"string"},"thumbnailImageURL":{"value":"gs://ourland-a0d62.appspot.com/photo/0038e9d0-6945-49cd-9484-e0194fbdd3cf/thumbnail.jpg","type":"string"},"imageUrl":{"value":"gs://ourland-a0d62.appspot.com/photo/0038e9d0-6945-49cd-9484-e0194fbdd3cf/original.jpg","type":"string"},"uid":{"value":"4ET30Mqak7eTDpCVJ3yDIrTU4sy1","type":"string"},"geolocation":{"value":{"_latitude":22.2436381,"_longitude":114.153457},"type":"geopoint"},"duration":{"value":null,"type":"null"},"fbuid":{"value":"1726522827465168","type":"string"},"key":{"value":"0038e9d0-6945-49cd-9484-e0194fbdd3cf","type":"string"},"hide":{"value":false,"type":"boolean"},"tag":{"value":null,"type":"null"},"start":{"value":"1970-01-01T00:00:00.000Z","type":"timestamp"},"link":{"value":"","type":"string"},"lastUpdate":{"value":"2018-05-10T08:46:43.968Z","type":"timestamp"},"status":{"value":"開放","type":"string"},"photoUrl":{"value":"https://scontent-hkg3-2.xx.fbcdn.net/v/t1.0-1/p148x148/24862601_295311714309440_1589039543195318263_n.jpg?_nc_cat=0&oh=cbf16e3926ef590a8da91e4ce0e0b99d&oe=5B6E8881","type":"string"},"name":{"value":"陳炳洋","type":"string"},"streetAddress":{"value":"鴨脷洲大街165-167號樂景大廈地下F1-2舖","type":"string"},"text":{"value":"西醫周永堅","type":"string"}}