{"hide":{"value":false,"type":"boolean"},"changeStatus":{"value":"政府跟進中","type":"string"},"lastUpdate":{"value":null,"type":"null"},"approvedStatus":{"value":{"isConfirm":{"value":"接納","type":"string"},"createdAt":{"value":"2018-04-15T15:52:58.331Z","type":"timestamp"},"fbuid":{"value":"10154417054297811","type":"string"},"name":{"value":"麥哲倫","type":"string"}},"type":"object"},"photoUrl":{"value":"https://scontent.xx.fbcdn.net/v/t1.0-1/p100x100/27750442_10154979325522811_461259143438669964_n.jpg?oh=e203be81cb5f1c12d2d8a7171ef71b10&oe=5B1BFDB8","type":"string"},"name":{"value":"Pegasus Mak","type":"string"},"createdAt":{"value":"2018-02-25T14:56:31.748Z","type":"timestamp"}}