{"viewCount":{"value":1,"type":"number"},"tagfilter":{"value":{"重要訊息":{"value":1,"type":"number"},"食水供應":{"value":1,"type":"number"}},"type":"object"},"createdAt":{"value":"2018-05-07T07:32:09.196Z","type":"timestamp"},"publicImageURL":{"value":"https://firebasestorage.googleapis.com/v0/b/ourland-a0d62.appspot.com/o/photo%2F1cab19c5-4e5c-4a04-affd-1ab09b0836b5%2Foriginal.jpg?alt=media&token=bd685ae7-6885-4d85-aa40-fbec957f49a3","type":"string"},"interval":{"value":null,"type":"null"},"thumbnailPublicImageURL":{"value":"https://firebasestorage.googleapis.com/v0/b/ourland-a0d62.appspot.com/o/photo%2F1cab19c5-4e5c-4a04-affd-1ab09b0836b5%2Fthumbnail.jpg?alt=media&token=28093d88-ba2e-4d50-8f3a-356f1e862310","type":"string"},"thumbnailImageURL":{"value":"gs://ourland-a0d62.appspot.com/photo/1cab19c5-4e5c-4a04-affd-1ab09b0836b5/thumbnail.jpg","type":"string"},"imageUrl":{"value":"gs://ourland-a0d62.appspot.com/photo/1cab19c5-4e5c-4a04-affd-1ab09b0836b5/original.jpg","type":"string"},"uid":{"value":"4ET30Mqak7eTDpCVJ3yDIrTU4sy1","type":"string"},"geolocation":{"value":{"_latitude":22.24391,"_longitude":114.155237},"type":"geopoint"},"duration":{"value":"6:00","type":"string"},"fbuid":{"value":"1726522827465168","type":"string"},"key":{"value":"1cab19c5-4e5c-4a04-affd-1ab09b0836b5","type":"string"},"hide":{"value":false,"type":"boolean"},"tag":{"value":null,"type":"null"},"start":{"value":"2018-05-08T16:00:00.000Z","type":"timestamp"},"link":{"value":"","type":"string"},"lastUpdate":{"value":"2018-05-09T02:50:59.305Z","type":"timestamp"},"status":{"value":"開放","type":"string"},"photoUrl":{"value":"https://scontent-hkg3-2.xx.fbcdn.net/v/t1.0-1/p148x148/24862601_295311714309440_1589039543195318263_n.jpg?_nc_cat=0&oh=cbf16e3926ef590a8da91e4ce0e0b99d&oe=5B6E8881","type":"string"},"name":{"value":"陳炳洋","type":"string"},"streetAddress":{"value":"鴨脷洲大街","type":"string"},"text":{"value":"鴨脷洲大街全區暫停食水供應","type":"string"}}