{"link":{"value":"https://www.facebook.com/pg/RTHK2018byelection/about/","type":"string"},"lastUpdate":{"value":null,"type":"null"},"approvedStatus":{"value":{"isConfirm":{"value":"接納","type":"string"},"createdAt":{"value":"2018-04-15T18:11:00.606Z","type":"timestamp"},"fbuid":{"value":"140969833258766","type":"string"},"name":{"value":"我地。香港","type":"string"}},"type":"object"},"photoUrl":{"value":"https://scontent.xx.fbcdn.net/v/t1.0-1/p100x100/23844583_10154815391937811_5568609168488345314_n.jpg?oh=e19d8b2a255262614e32331fe3090067&oe=5B46DF35","type":"string"},"name":{"value":"Pegasus Mak","type":"string"},"createdAt":{"value":"2018-03-07T10:14:15.926Z","type":"timestamp"},"hide":{"value":false,"type":"boolean"}}