{"interval":{"value":"一次","type":"string"},"uid":{"value":"Q72z8i9yHyaLCCiAyR5BoGd0kQr1","type":"string"},"geolocation":{"value":{"_latitude":22.3184286,"_longitude":114.1683202},"type":"geopoint"},"duration":{"value":"0:30","type":"string"},"fbuid":{"value":"10154417054297811","type":"string"},"key":{"value":"bc20eff0-faca-4729-badd-efe02dd49788","type":"string"},"hide":{"value":false,"type":"boolean"},"tag":{"value":[{"value":"testing","type":"string"}],"type":"array"},"start":{"value":"2018-04-21T18:01:00.000Z","type":"timestamp"},"link":{"value":"link","type":"string"},"concernRecord":{"value":[{"value":"RmtuzaPXr3ZghY397CxS18mWfWX2","type":"string"}],"type":"array"},"lastUpdate":{"value":"2018-03-11T00:31:29.048Z","type":"timestamp"},"status":{"value":"開放","type":"string"},"photoUrl":{"value":"https://scontent.xx.fbcdn.net/v/t1.0-1/p100x100/27750442_10154979325522811_461259143438669964_n.jpg?oh=e203be81cb5f1c12d2d8a7171ef71b10&oe=5B1BFDB8","type":"string"},"name":{"value":"Pegasus Mak","type":"string"},"text":{"value":"82A 巴士站停用","type":"string"},"createdAt":{"value":"2018-02-13T10:52:57.760Z","type":"timestamp"}}