{"viewCount":{"value":1,"type":"number"},"tagfilter":{"value":{"鴨脷洲新海旁道":{"value":1,"type":"number"},"社區規劃":{"value":1,"type":"number"},"社區調查":{"value":1,"type":"number"}},"type":"object"},"createdAt":{"value":"2018-04-11T03:29:15.622Z","type":"timestamp"},"publicImageURL":{"value":"https://firebasestorage.googleapis.com/v0/b/ourland-a0d62.appspot.com/o/photo%2F4a4666b7-a03e-4fb0-a5f4-5adcb26d5ff9%2Foriginal.jpg?alt=media&token=e7ad721d-8c31-49e3-9c1d-df8452c38448","type":"string"},"interval":{"value":null,"type":"null"},"thumbnailPublicImageURL":{"value":"https://firebasestorage.googleapis.com/v0/b/ourland-a0d62.appspot.com/o/photo%2F4a4666b7-a03e-4fb0-a5f4-5adcb26d5ff9%2Fthumbnail.jpg?alt=media&token=e6154352-e252-44fb-92b9-46c46e1db029","type":"string"},"thumbnailImageURL":{"value":"gs://ourland-a0d62.appspot.com/photo/4a4666b7-a03e-4fb0-a5f4-5adcb26d5ff9/thumbnail.jpg","type":"string"},"imageUrl":{"value":"gs://ourland-a0d62.appspot.com/photo/4a4666b7-a03e-4fb0-a5f4-5adcb26d5ff9/original.jpg","type":"string"},"uid":{"value":"4ET30Mqak7eTDpCVJ3yDIrTU4sy1","type":"string"},"geolocation":{"value":{"_latitude":22.2434057,"_longitude":114.1532712},"type":"geopoint"},"duration":{"value":"1:30","type":"string"},"fbuid":{"value":"1726522827465168","type":"string"},"key":{"value":"4a4666b7-a03e-4fb0-a5f4-5adcb26d5ff9","type":"string"},"hide":{"value":false,"type":"boolean"},"tag":{"value":null,"type":"null"},"start":{"value":"2018-04-11T10:30:00.000Z","type":"timestamp"},"link":{"value":"https://goo.gl/forms/HclpSLXFK7YRIn303","type":"string"},"lastUpdate":{"value":"2018-04-16T13:25:45.171Z","type":"timestamp"},"status":{"value":"完結","type":"string"},"photoUrl":{"value":"https://scontent-hkg3-2.xx.fbcdn.net/v/t1.0-1/p148x148/24862601_295311714309440_1589039543195318263_n.jpg?_nc_cat=0&oh=cbf16e3926ef590a8da91e4ce0e0b99d&oe=5B6E8881","type":"string"},"name":{"value":"陳炳洋","type":"string"},"streetAddress":{"value":"鴨脷洲中心","type":"string"},"text":{"value":"鴨脷洲新海旁道用地規劃問卷調查Day03—鴨脷洲中心站","type":"string"}}