{"start":{"value":"1970-01-01T00:00:00.000Z","type":"timestamp"},"link":{"value":"","type":"string"},"lastUpdate":{"value":"2018-04-23T15:19:58.643Z","type":"timestamp"},"status":{"value":"開放","type":"string"},"photoUrl":{"value":"https://lookaside.facebook.com/platform/profilepic/?asid=10213143183868185&height=100&width=100&ext=1523030442&hash=AeR4q2dWQIfJcSLx","type":"string"},"name":{"value":"Choi Sing","type":"string"},"streetAddress":{"value":"香港油塘嘉榮街1-11號油塘中心8座","type":"string"},"text":{"value":"三家村遊樂場","type":"string"},"tagfilter":{"value":{"遊樂場":{"value":1,"type":"number"}},"type":"object"},"createdAt":{"value":"2018-04-22T07:44:48.516Z","type":"timestamp"},"publicImageURL":{"value":"https://firebasestorage.googleapis.com/v0/b/ourland-a0d62.appspot.com/o/photo%2Fba1c690d-b2b0-4621-a8a9-89eb88e4e1f1%2Foriginal.jpg?alt=media&token=c8f84989-7291-417a-babb-c831e7f52315","type":"string"},"interval":{"value":null,"type":"null"},"thumbnailPublicImageURL":{"value":"https://firebasestorage.googleapis.com/v0/b/ourland-a0d62.appspot.com/o/photo%2Fba1c690d-b2b0-4621-a8a9-89eb88e4e1f1%2Fthumbnail.jpg?alt=media&token=6e99845f-3ad4-4399-9974-aaa1fb635629","type":"string"},"thumbnailImageURL":{"value":"gs://ourland-a0d62.appspot.com/photo/ba1c690d-b2b0-4621-a8a9-89eb88e4e1f1/thumbnail.jpg","type":"string"},"imageUrl":{"value":"gs://ourland-a0d62.appspot.com/photo/ba1c690d-b2b0-4621-a8a9-89eb88e4e1f1/original.jpg","type":"string"},"uid":{"value":"R6FWaigWsDcV8uzXnjiFlOpSHRb2","type":"string"},"geolocation":{"value":{"_latitude":22.2948342,"_longitude":114.2383785},"type":"geopoint"},"duration":{"value":null,"type":"null"},"fbuid":{"value":"10213143183868185","type":"string"},"key":{"value":"ba1c690d-b2b0-4621-a8a9-89eb88e4e1f1","type":"string"},"hide":{"value":false,"type":"boolean"},"tag":{"value":null,"type":"null"}}