{"thumbnailPublicImageURL":{"value":"https://firebasestorage.googleapis.com/v0/b/ourland-a0d62.appspot.com/o/photo%2F5a46d821-0c42-41a4-ba5d-72e91c5775e3%2Fthumbnail.jpg?alt=media&token=939995e4-c698-4b05-891a-5541a7da4d64","type":"string"},"imageUrl":{"value":"gs://ourland-a0d62.appspot.com/photo/5a46d821-0c42-41a4-ba5d-72e91c5775e3/original.jpg","type":"string"},"geolocation":{"value":{"_latitude":22.3851395,"_longitude":114.1290719},"type":"geopoint"},"duration":{"value":null,"type":"null"},"fbuid":{"value":"10159449765660019","type":"string"},"key":{"value":"5a46d821-0c42-41a4-ba5d-72e91c5775e3","type":"string"},"start":{"value":"1970-01-01T00:00:00.000Z","type":"timestamp"},"link":{"value":"http://www.td.gov.hk/tc/traffic_notices/index_id_51748.html","type":"string"},"concernRecord":{"value":[],"type":"array"},"streetAddress":{"value":"荃灣老圍","type":"string"},"text":{"value":"2018年清明節在荃灣老圍實施的特別交通及運輸安排","type":"string"},"tagfilter":{"value":{"清明節":{"value":1,"type":"number"},"運輸署":{"value":1,"type":"number"},"交通通告":{"value":1,"type":"number"},"荃灣老圍":{"value":1,"type":"number"}},"type":"object"},"createdAt":{"value":"2018-03-31T16:59:34.564Z","type":"timestamp"},"publicImageURL":{"value":"https://firebasestorage.googleapis.com/v0/b/ourland-a0d62.appspot.com/o/photo%2F5a46d821-0c42-41a4-ba5d-72e91c5775e3%2Foriginal.jpg?alt=media&token=ad313f91-e49c-4915-88a3-02222ab5b61c","type":"string"},"interval":{"value":null,"type":"null"},"thumbnailImageURL":{"value":"gs://ourland-a0d62.appspot.com/photo/5a46d821-0c42-41a4-ba5d-72e91c5775e3/thumbnail.jpg","type":"string"},"uid":{"value":"RmtuzaPXr3ZghY397CxS18mWfWX2","type":"string"},"hide":{"value":false,"type":"boolean"},"tag":{"value":null,"type":"null"},"lastUpdate":{"value":"2018-05-08T08:40:33.264Z","type":"timestamp"},"status":{"value":"完結","type":"string"},"photoUrl":{"value":"https://lookaside.facebook.com/platform/profilepic/?asid=10159449765660019&height=100&width=100&ext=1522773210&hash=AeR7__TagiupVL0Q","type":"string"},"name":{"value":"Ho Wa Wong","type":"string"},"viewCount":{"value":3,"type":"number"}}