{"approvedStatus":{"value":{"isConfirm":{"value":"接納","type":"string"},"createdAt":{"value":"2018-04-17T12:03:51.636Z","type":"timestamp"},"fbuid":{"value":"140969833258766","type":"string"},"name":{"value":"我地。香港","type":"string"}},"type":"object"},"photoUrl":{"value":"https://scontent.xx.fbcdn.net/v/t1.0-1/p100x100/28870976_10155049780592811_4379565846649896960_n.jpg?oh=535b600133b91c13a59c4fb80824ade5&oe=5B4CA57A","type":"string"},"name":{"value":"Pegasus Mak","type":"string"},"createdAt":{"value":"2018-03-20T11:27:00.854Z","type":"timestamp"},"hide":{"value":false,"type":"boolean"},"link":{"value":"https://t.me/PegasusMak","type":"string"},"lastUpdate":{"value":null,"type":"null"}}