{"duration":{"value":null,"type":"null"},"fbuid":{"value":"10213143183868185","type":"string"},"key":{"value":"19e6a414-988f-49c2-8600-1dcd60393d8d","type":"string"},"hide":{"value":false,"type":"boolean"},"tag":{"value":null,"type":"null"},"start":{"value":"1970-01-01T00:00:00.000Z","type":"timestamp"},"link":{"value":"","type":"string"},"lastUpdate":{"value":"2018-04-29T06:38:23.333Z","type":"timestamp"},"status":{"value":"開放","type":"string"},"photoUrl":{"value":"https://lookaside.facebook.com/platform/profilepic/?asid=10213143183868185&height=100&width=100&ext=1523030442&hash=AeR4q2dWQIfJcSLx","type":"string"},"name":{"value":"Choi Sing","type":"string"},"streetAddress":{"value":"香港九龍城晴朗商場（A區）","type":"string"},"text":{"value":"啟德明朗商場郵箱","type":"string"},"tagfilter":{"value":{"公共設施":{"value":1,"type":"number"},"郵箱":{"value":1,"type":"number"}},"type":"object"},"createdAt":{"value":"2018-04-29T06:38:23.333Z","type":"timestamp"},"publicImageURL":{"value":"https://firebasestorage.googleapis.com/v0/b/ourland-a0d62.appspot.com/o/photo%2F19e6a414-988f-49c2-8600-1dcd60393d8d%2Foriginal.jpg?alt=media&token=de1f666a-0c12-4922-aaeb-94a03147b932","type":"string"},"interval":{"value":null,"type":"null"},"thumbnailPublicImageURL":{"value":"https://firebasestorage.googleapis.com/v0/b/ourland-a0d62.appspot.com/o/photo%2F19e6a414-988f-49c2-8600-1dcd60393d8d%2Fthumbnail.jpg?alt=media&token=abb167b7-affb-4993-adf7-94be2005bd5e","type":"string"},"thumbnailImageURL":{"value":"gs://ourland-a0d62.appspot.com/photo/19e6a414-988f-49c2-8600-1dcd60393d8d/thumbnail.jpg","type":"string"},"imageUrl":{"value":"gs://ourland-a0d62.appspot.com/photo/19e6a414-988f-49c2-8600-1dcd60393d8d/original.jpg","type":"string"},"uid":{"value":"R6FWaigWsDcV8uzXnjiFlOpSHRb2","type":"string"},"geolocation":{"value":{"_latitude":22.3315268,"_longitude":114.2032378},"type":"geopoint"}}