{"uid":{"value":"ioIW4DiztVfItj7NtMiWFZI2EBF3","type":"string"},"geolocation":{"value":{"_latitude":22.3370485,"_longitude":114.1376569},"type":"geopoint"},"duration":{"value":"2:00","type":"string"},"fbuid":{"value":"10155908838820199","type":"string"},"key":{"value":"ab6d24c1-23ec-4179-b93e-e76a1dc4da2b","type":"string"},"hide":{"value":false,"type":"boolean"},"tag":{"value":[{"value":"立法會","type":"string"},{"value":"補選","type":"string"}],"type":"array"},"start":{"value":"2018-03-08T12:00:00.000Z","type":"timestamp"},"link":{"value":"https://www.facebook.com/pg/RTHK2018byelection/about/","type":"string"},"lastUpdate":{"value":null,"type":"null"},"status":{"value":"開放","type":"string"},"photoUrl":{"value":"https://scontent.xx.fbcdn.net/v/t1.0-1/p100x100/21462533_10155449870145199_152778259148008058_n.jpg?oh=c15e9082e30d13bc227f4a54b6fcc73f&oe=5B3F8F6E","type":"string"},"name":{"value":"Orochi Ben Lam","type":"string"},"streetAddress":{"value":"美孚葵涌道橋底","type":"string"},"text":{"value":"街頭直播立法會補選九龍西論壇","type":"string"},"createdAt":{"value":"2018-03-07T09:39:38.222Z","type":"timestamp"},"interval":{"value":null,"type":"null"}}