{"concernRecord":{"value":[{"value":"RmtuzaPXr3ZghY397CxS18mWfWX2","type":"string"}],"type":"array"},"lastUpdate":{"value":"2018-03-08T16:26:00.860Z","type":"timestamp"},"status":{"value":"開放","type":"string"},"photoUrl":{"value":"https://scontent.xx.fbcdn.net/v/t1.0-1/p100x100/26168919_10154909042217811_4330853886633434716_n.jpg?oh=f7e122daf4ead9ca758ec03bcd511064&oe=5AEAB76D","type":"string"},"name":{"value":"Pegasus Mak","type":"string"},"text":{"value":"區議會對特首信任投票","type":"string"},"createdAt":{"value":1517458617739,"type":"number"},"publicImageURL":{"value":"https://firebasestorage.googleapis.com/v0/b/ourland-a0d62.appspot.com/o/Q72z8i9yHyaLCCiAyR5BoGd0kQr1%2Fea67e874-4f43-4f9e-b689-dc0805bb3594%2Fevent.jpg?alt=media&token=67d4d671-c539-4550-abbe-963afffd105a","type":"string"},"interval":{"value":null,"type":"null"},"uid":{"value":"Q72z8i9yHyaLCCiAyR5BoGd0kQr1","type":"string"},"imageUrl":{"value":"gs://ourland-a0d62.appspot.com/Q72z8i9yHyaLCCiAyR5BoGd0kQr1/ea67e874-4f43-4f9e-b689-dc0805bb3594/event.jpg","type":"string"},"geolocation":{"value":{"_latitude":22.3184355,"_longitude":114.1683539},"type":"geopoint"},"duration":{"value":null,"type":"null"},"fbuid":{"value":"10154417054297811","type":"string"},"key":{"value":"ea67e874-4f43-4f9e-b689-dc0805bb3594","type":"string"},"hide":{"value":false,"type":"boolean"},"tag":{"value":[{"value":"區議會投票","type":"string"}],"type":"array"},"start":{"value":null,"type":"null"},"link":{"value":"","type":"string"}}