{"createdAt":{"value":"2018-06-09T18:38:01.567Z","type":"timestamp"},"publicImageURL":{"value":"https://firebasestorage.googleapis.com/v0/b/ourland-a0d62.appspot.com/o/photo%2F7a387c6e-b1ed-4379-a80e-452b57d6a7f0%2Foriginal.jpg?alt=media&token=e5f503b5-866f-4962-861a-7607dfa5ad92","type":"string"},"happyCount":{"value":1,"type":"number"},"interval":{"value":null,"type":"null"},"sadCount":{"value":0,"type":"number"},"thumbnailImageURL":{"value":"gs://ourland-a0d62.appspot.com/photo/7a387c6e-b1ed-4379-a80e-452b57d6a7f0/thumbnail.jpg","type":"string"},"uid":{"value":"4ET30Mqak7eTDpCVJ3yDIrTU4sy1","type":"string"},"hide":{"value":false,"type":"boolean"},"tag":{"value":null,"type":"null"},"lastUpdate":{"value":"2018-06-10T08:54:10.289Z","type":"timestamp"},"status":{"value":"完結","type":"string"},"photoUrl":{"value":"https://scontent-hkg3-2.xx.fbcdn.net/v/t1.0-1/p148x148/24862601_295311714309440_1589039543195318263_n.jpg?_nc_cat=0&oh=cbf16e3926ef590a8da91e4ce0e0b99d&oe=5B6E8881","type":"string"},"name":{"value":"陳炳洋","type":"string"},"viewCount":{"value":1,"type":"number"},"thumbnailPublicImageURL":{"value":"https://firebasestorage.googleapis.com/v0/b/ourland-a0d62.appspot.com/o/photo%2F7a387c6e-b1ed-4379-a80e-452b57d6a7f0%2Fthumbnail.jpg?alt=media&token=145557f3-1a67-4671-913a-f60b400c3cf1","type":"string"},"imageUrl":{"value":"gs://ourland-a0d62.appspot.com/photo/7a387c6e-b1ed-4379-a80e-452b57d6a7f0/original.jpg","type":"string"},"geolocation":{"value":{"_latitude":22.2437348,"_longitude":114.1534719},"type":"geopoint"},"duration":{"value":null,"type":"null"},"fbuid":{"value":"1726522827465168","type":"string"},"key":{"value":"7a387c6e-b1ed-4379-a80e-452b57d6a7f0","type":"string"},"start":{"value":"1970-01-01T00:00:00.000Z","type":"timestamp"},"link":{"value":"","type":"string"},"streetAddress":{"value":"鴨脷洲大街麥當勞","type":"string"},"text":{"value":"移除鴨脷洲大街林應和長者鄰舍中心外渠口植物","type":"string"},"tagfilter":{"value":{"社區匯報":{"value":1,"type":"number"},"公共地方維修":{"value":1,"type":"number"}},"type":"object"}}