{"fbuid":{"value":"1726522827465168","type":"string"},"key":{"value":"94153051-44d9-4468-b184-6eff0a2e48a2","type":"string"},"hide":{"value":false,"type":"boolean"},"tag":{"value":null,"type":"null"},"start":{"value":"1970-01-01T00:00:00.000Z","type":"timestamp"},"link":{"value":"","type":"string"},"lastUpdate":{"value":"2018-05-05T03:27:11.964Z","type":"timestamp"},"status":{"value":"完結","type":"string"},"photoUrl":{"value":"https://scontent-hkg3-2.xx.fbcdn.net/v/t1.0-1/p148x148/24862601_295311714309440_1589039543195318263_n.jpg?_nc_cat=0&oh=cbf16e3926ef590a8da91e4ce0e0b99d&oe=5B6E8881","type":"string"},"name":{"value":"陳炳洋","type":"string"},"streetAddress":{"value":"鴨脷洲洪聖街11號","type":"string"},"text":{"value":"加強洪聖街橫巷滅蚊","type":"string"},"viewCount":{"value":2,"type":"number"},"tagfilter":{"value":{"清潔":{"value":1,"type":"number"},"社區匯報":{"value":1,"type":"number"}},"type":"object"},"createdAt":{"value":"2018-05-03T13:35:08.783Z","type":"timestamp"},"publicImageURL":{"value":"https://firebasestorage.googleapis.com/v0/b/ourland-a0d62.appspot.com/o/photo%2F94153051-44d9-4468-b184-6eff0a2e48a2%2Foriginal.jpg?alt=media&token=d2916a44-0419-434d-8722-0a27e585d5b8","type":"string"},"interval":{"value":null,"type":"null"},"thumbnailPublicImageURL":{"value":"https://firebasestorage.googleapis.com/v0/b/ourland-a0d62.appspot.com/o/photo%2F94153051-44d9-4468-b184-6eff0a2e48a2%2Fthumbnail.jpg?alt=media&token=d1ea512c-5d13-4821-869c-7ab0a8798af8","type":"string"},"thumbnailImageURL":{"value":"gs://ourland-a0d62.appspot.com/photo/94153051-44d9-4468-b184-6eff0a2e48a2/thumbnail.jpg","type":"string"},"imageUrl":{"value":"gs://ourland-a0d62.appspot.com/photo/94153051-44d9-4468-b184-6eff0a2e48a2/original.jpg","type":"string"},"uid":{"value":"4ET30Mqak7eTDpCVJ3yDIrTU4sy1","type":"string"},"geolocation":{"value":{"_latitude":22.2445248,"_longitude":114.1560696},"type":"geopoint"},"duration":{"value":null,"type":"null"}}