{"imageUrl":{"value":"gs://ourland-a0d62.appspot.com/photo/e0420080-82c0-48b0-9344-a6c1d8c8783f/original.jpg","type":"string"},"uid":{"value":"4ET30Mqak7eTDpCVJ3yDIrTU4sy1","type":"string"},"geolocation":{"value":{"_latitude":22.2441517,"_longitude":114.1564028},"type":"geopoint"},"duration":{"value":"1:30","type":"string"},"fbuid":{"value":"1726522827465168","type":"string"},"key":{"value":"e0420080-82c0-48b0-9344-a6c1d8c8783f","type":"string"},"hide":{"value":false,"type":"boolean"},"tag":{"value":null,"type":"null"},"start":{"value":"2018-05-14T10:30:00.000Z","type":"timestamp"},"link":{"value":"https://goo.gl/forms/HclpSLXFK7YRIn303","type":"string"},"lastUpdate":{"value":"2018-05-25T01:50:34.696Z","type":"timestamp"},"status":{"value":"完結","type":"string"},"photoUrl":{"value":"https://scontent-hkg3-2.xx.fbcdn.net/v/t1.0-1/p148x148/24862601_295311714309440_1589039543195318263_n.jpg?_nc_cat=0&oh=cbf16e3926ef590a8da91e4ce0e0b99d&oe=5B6E8881","type":"string"},"name":{"value":"陳炳洋","type":"string"},"streetAddress":{"value":"鴨脷洲大街43號地下","type":"string"},"text":{"value":"鴨脷洲新海旁道用地規劃問卷調查Day16—寶堡甜品站","type":"string"},"viewCount":{"value":1,"type":"number"},"tagfilter":{"value":{"社匿調查":{"value":1,"type":"number"},"社區規劃":{"value":1,"type":"number"},"鴨脷洲新海旁道":{"value":1,"type":"number"}},"type":"object"},"createdAt":{"value":"2018-05-23T09:35:57.886Z","type":"timestamp"},"publicImageURL":{"value":"https://firebasestorage.googleapis.com/v0/b/ourland-a0d62.appspot.com/o/photo%2Fe0420080-82c0-48b0-9344-a6c1d8c8783f%2Foriginal.jpg?alt=media&token=eab127d5-2be2-456b-8c4d-bc6c563aaf03","type":"string"},"interval":{"value":"一次","type":"string"},"thumbnailPublicImageURL":{"value":"https://firebasestorage.googleapis.com/v0/b/ourland-a0d62.appspot.com/o/photo%2Fe0420080-82c0-48b0-9344-a6c1d8c8783f%2Fthumbnail.jpg?alt=media&token=13e789c2-2393-4e58-ad20-93ff02131e09","type":"string"},"thumbnailImageURL":{"value":"gs://ourland-a0d62.appspot.com/photo/e0420080-82c0-48b0-9344-a6c1d8c8783f/thumbnail.jpg","type":"string"}}