{"fbuid":{"value":"1726522827465168","type":"string"},"key":{"value":"83ac4f73-07a6-4900-9275-d0e5b100ec0f","type":"string"},"hide":{"value":false,"type":"boolean"},"tag":{"value":null,"type":"null"},"start":{"value":"2018-04-17T10:30:00.000Z","type":"timestamp"},"link":{"value":"https://goo.gl/forms/HclpSLXFK7YRIn303","type":"string"},"lastUpdate":{"value":"2018-04-19T08:18:54.307Z","type":"timestamp"},"status":{"value":"完結","type":"string"},"photoUrl":{"value":"https://scontent-hkg3-2.xx.fbcdn.net/v/t1.0-1/p148x148/24862601_295311714309440_1589039543195318263_n.jpg?_nc_cat=0&oh=cbf16e3926ef590a8da91e4ce0e0b99d&oe=5B6E8881","type":"string"},"name":{"value":"陳炳洋","type":"string"},"streetAddress":{"value":"鴨脷洲合時大樓","type":"string"},"text":{"value":"鴨脷洲新海旁道用地規劃問卷調查Day07—合時大樓站","type":"string"},"tagfilter":{"value":{"社區調查":{"value":1,"type":"number"},"鴨脷洲新海旁道":{"value":1,"type":"number"},"社區規劃":{"value":1,"type":"number"}},"type":"object"},"createdAt":{"value":"2018-04-17T09:55:24.280Z","type":"timestamp"},"publicImageURL":{"value":"https://firebasestorage.googleapis.com/v0/b/ourland-a0d62.appspot.com/o/photo%2F83ac4f73-07a6-4900-9275-d0e5b100ec0f%2Foriginal.jpg?alt=media&token=401f83b1-79a6-4add-9080-f4efedaf9504","type":"string"},"interval":{"value":null,"type":"null"},"thumbnailPublicImageURL":{"value":"https://firebasestorage.googleapis.com/v0/b/ourland-a0d62.appspot.com/o/photo%2F83ac4f73-07a6-4900-9275-d0e5b100ec0f%2Fthumbnail.jpg?alt=media&token=adf7386d-0db5-467f-b72f-dc2756e9c920","type":"string"},"thumbnailImageURL":{"value":"gs://ourland-a0d62.appspot.com/photo/83ac4f73-07a6-4900-9275-d0e5b100ec0f/thumbnail.jpg","type":"string"},"imageUrl":{"value":"gs://ourland-a0d62.appspot.com/photo/83ac4f73-07a6-4900-9275-d0e5b100ec0f/original.jpg","type":"string"},"uid":{"value":"4ET30Mqak7eTDpCVJ3yDIrTU4sy1","type":"string"},"geolocation":{"value":{"_latitude":22.2436486,"_longitude":114.1540841},"type":"geopoint"},"duration":{"value":"1:30","type":"string"}}