{"everydayOpenning":{"value":null,"type":"null"},"lastUpdate":{"value":"2018-06-16T08:01:14.998Z","type":"timestamp"},"status":{"value":"開放","type":"string"},"photoUrl":{"value":"https://lookaside.facebook.com/platform/profilepic/?asid=10213143183868185&height=100&width=100&ext=1523030442&hash=AeR4q2dWQIfJcSLx","type":"string"},"name":{"value":"Choi Sing","type":"string"},"weekdaysOpennings":{"value":null,"type":"null"},"viewCount":{"value":1,"type":"number"},"startTime":{"value":null,"type":"null"},"thumbnailPublicImageURL":{"value":"https://firebasestorage.googleapis.com/v0/b/ourland-a0d62.appspot.com/o/photo%2F8511c78a-d7ad-4698-a814-103d1fa38756%2Fthumbnail.jpg?alt=media&token=0d079966-8932-4fc3-919b-153c06717755","type":"string"},"imageUrl":{"value":"gs://ourland-a0d62.appspot.com/photo/8511c78a-d7ad-4698-a814-103d1fa38756/original.jpg","type":"string"},"geolocation":{"value":{"_latitude":22.3295363,"_longitude":114.1903856},"type":"geopoint"},"duration":{"value":null,"type":"null"},"fbuid":{"value":"10213143183868185","type":"string"},"key":{"value":"8511c78a-d7ad-4698-a814-103d1fa38756","type":"string"},"start":{"value":"1970-01-01T00:00:00.000Z","type":"timestamp"},"link":{"value":"","type":"string"},"streetAddress":{"value":"香港九龍城龍崗道45號","type":"string"},"text":{"value":"九龍城郵政局","type":"string"},"tagfilter":{"value":{"公共設施":{"value":1,"type":"number"},"郵箱":{"value":1,"type":"number"}},"type":"object"},"createdAt":{"value":"2018-06-16T08:01:14.998Z","type":"timestamp"},"publicImageURL":{"value":"https://firebasestorage.googleapis.com/v0/b/ourland-a0d62.appspot.com/o/photo%2F8511c78a-d7ad-4698-a814-103d1fa38756%2Foriginal.jpg?alt=media&token=07ce6e89-809b-4fa3-8565-7ed1c8d860cf","type":"string"},"interval":{"value":null,"type":"null"},"thumbnailImageURL":{"value":"gs://ourland-a0d62.appspot.com/photo/8511c78a-d7ad-4698-a814-103d1fa38756/thumbnail.jpg","type":"string"},"uid":{"value":"R6FWaigWsDcV8uzXnjiFlOpSHRb2","type":"string"},"hide":{"value":false,"type":"boolean"},"endDate":{"value":null,"type":"null"},"tag":{"value":null,"type":"null"}}