{"imageUrl":{"value":"gs://ourland-a0d62.appspot.com/RmtuzaPXr3ZghY397CxS18mWfWX2/344680b8-a8b3-4d79-8e21-173621ac0c42/event.jpg","type":"string"},"uid":{"value":"RmtuzaPXr3ZghY397CxS18mWfWX2","type":"string"},"geolocation":{"value":{"_latitude":22.3788062,"_longitude":114.1073507},"type":"geopoint"},"duration":{"value":null,"type":"null"},"fbuid":{"value":"10159449765660019","type":"string"},"key":{"value":"344680b8-a8b3-4d79-8e21-173621ac0c42","type":"string"},"hide":{"value":false,"type":"boolean"},"tag":{"value":[],"type":"array"},"start":{"value":"1970-01-01T00:00:00.000Z","type":"timestamp"},"link":{"value":"","type":"string"},"concernRecord":{"value":[{"value":"RmtuzaPXr3ZghY397CxS18mWfWX2","type":"string"}],"type":"array"},"lastUpdate":{"value":"2018-03-11T14:36:08.162Z","type":"timestamp"},"status":{"value":"開放","type":"string"},"photoUrl":{"value":"https://scontent.xx.fbcdn.net/v/t1.0-1/p100x100/28471365_10160457101375019_7383667940023974646_n.jpg?oh=d962355593c2cb16dcbbf22445c5df52&oe=5B005757","type":"string"},"name":{"value":"Ho Wa Wong","type":"string"},"streetAddress":{"value":"","type":"string"},"text":{"value":"測","type":"string"},"createdAt":{"value":"2018-03-07T13:55:34.518Z","type":"timestamp"},"publicImageURL":{"value":"https://firebasestorage.googleapis.com/v0/b/ourland-a0d62.appspot.com/o/RmtuzaPXr3ZghY397CxS18mWfWX2%2F344680b8-a8b3-4d79-8e21-173621ac0c42%2Fevent.jpg?alt=media&token=0a1b40bb-e6c9-48f4-bbfb-8181a431e04e","type":"string"},"interval":{"value":null,"type":"null"}}