{"duration":{"value":null,"type":"null"},"fbuid":{"value":"140969833258766","type":"string"},"key":{"value":"b0b59c23-facf-4c27-9858-9587c48846ac","type":"string"},"hide":{"value":false,"type":"boolean"},"tag":{"value":null,"type":"null"},"start":{"value":"1970-01-01T00:00:00.000Z","type":"timestamp"},"link":{"value":"","type":"string"},"lastUpdate":{"value":"2018-03-24T07:35:58.901Z","type":"timestamp"},"status":{"value":"開放","type":"string"},"photoUrl":{"value":"https://scontent.xx.fbcdn.net/v/t1.0-1/c4.0.100.100/p100x100/29497881_156376241718125_3335661907779518464_n.jpg?oh=c48660afaf964df58e4225860d7f11db&oe=5B38CA34","type":"string"},"name":{"value":"我地。香港","type":"string"},"streetAddress":{"value":"香港尖沙咀漆咸道南7號","type":"string"},"text":{"value":"中間道公園","type":"string"},"tagfilter":{"value":{"遊樂場":{"value":1,"type":"number"},"滑梯":{"value":1,"type":"number"}},"type":"object"},"createdAt":{"value":"2018-03-24T07:35:58.901Z","type":"timestamp"},"publicImageURL":{"value":"https://firebasestorage.googleapis.com/v0/b/ourland-a0d62.appspot.com/o/photo%2Fb0b59c23-facf-4c27-9858-9587c48846ac%2Foriginal.jpg?alt=media&token=dc60945d-7bbe-4b6e-ad2a-1e75c83a5b1b","type":"string"},"interval":{"value":null,"type":"null"},"thumbnailPublicImageURL":{"value":"https://firebasestorage.googleapis.com/v0/b/ourland-a0d62.appspot.com/o/photo%2Fb0b59c23-facf-4c27-9858-9587c48846ac%2Fthumbnail.jpg?alt=media&token=82f6d656-ac80-4251-ab3b-2159e01bd178","type":"string"},"thumbnailImageURL":{"value":"gs://ourland-a0d62.appspot.com/photo/b0b59c23-facf-4c27-9858-9587c48846ac/thumbnail.jpg","type":"string"},"imageUrl":{"value":"gs://ourland-a0d62.appspot.com/photo/b0b59c23-facf-4c27-9858-9587c48846ac/original.jpg","type":"string"},"uid":{"value":"mUQgwxkmPBfVA47d9lHzB482Nmp1","type":"string"},"geolocation":{"value":{"_latitude":22.2960475,"_longitude":114.1753328},"type":"geopoint"}}