{"tag":{"value":null,"type":"null"},"start":{"value":"1970-01-01T00:00:00.000Z","type":"timestamp"},"link":{"value":"","type":"string"},"lastUpdate":{"value":"2018-04-20T14:33:28.699Z","type":"timestamp"},"status":{"value":"完結","type":"string"},"photoUrl":{"value":"https://scontent-hkg3-2.xx.fbcdn.net/v/t1.0-1/p148x148/24862601_295311714309440_1589039543195318263_n.jpg?_nc_cat=0&oh=cbf16e3926ef590a8da91e4ce0e0b99d&oe=5B6E8881","type":"string"},"name":{"value":"陳炳洋","type":"string"},"streetAddress":{"value":"鴨脷洲中心","type":"string"},"text":{"value":"搬遷鴨脷洲中心外27號小巴站牌","type":"string"},"tagfilter":{"value":{"交通":{"value":1,"type":"number"},"社區匯報":{"value":1,"type":"number"}},"type":"object"},"createdAt":{"value":"2018-04-20T04:16:38.108Z","type":"timestamp"},"publicImageURL":{"value":"https://firebasestorage.googleapis.com/v0/b/ourland-a0d62.appspot.com/o/photo%2F6f9cde72-50d8-405a-a0ba-abb4fed2a607%2Foriginal.jpg?alt=media&token=26d48d43-64df-4f8a-a2fd-c08de6a11309","type":"string"},"interval":{"value":null,"type":"null"},"thumbnailPublicImageURL":{"value":"https://firebasestorage.googleapis.com/v0/b/ourland-a0d62.appspot.com/o/photo%2F6f9cde72-50d8-405a-a0ba-abb4fed2a607%2Fthumbnail.jpg?alt=media&token=c0d7490d-048e-4507-8357-eaec6d912924","type":"string"},"thumbnailImageURL":{"value":"gs://ourland-a0d62.appspot.com/photo/6f9cde72-50d8-405a-a0ba-abb4fed2a607/thumbnail.jpg","type":"string"},"imageUrl":{"value":"gs://ourland-a0d62.appspot.com/photo/6f9cde72-50d8-405a-a0ba-abb4fed2a607/original.jpg","type":"string"},"uid":{"value":"4ET30Mqak7eTDpCVJ3yDIrTU4sy1","type":"string"},"geolocation":{"value":{"_latitude":22.2434057,"_longitude":114.1532712},"type":"geopoint"},"duration":{"value":null,"type":"null"},"fbuid":{"value":"1726522827465168","type":"string"},"key":{"value":"6f9cde72-50d8-405a-a0ba-abb4fed2a607","type":"string"},"hide":{"value":false,"type":"boolean"}}