{"thumbnailPublicImageURL":{"value":"https://firebasestorage.googleapis.com/v0/b/ourland-a0d62.appspot.com/o/photo%2F59834696-c717-4e29-b9b1-769782d567f0%2Fthumbnail.jpg?alt=media&token=0f2ac5ac-8aec-425f-9e07-ee0f0172ee62","type":"string"},"thumbnailImageURL":{"value":"gs://ourland-a0d62.appspot.com/photo/59834696-c717-4e29-b9b1-769782d567f0/thumbnail.jpg","type":"string"},"imageUrl":{"value":"gs://ourland-a0d62.appspot.com/photo/59834696-c717-4e29-b9b1-769782d567f0/original.jpg","type":"string"},"uid":{"value":"R6FWaigWsDcV8uzXnjiFlOpSHRb2","type":"string"},"geolocation":{"value":{"_latitude":22.2931036,"_longitude":114.2375856},"type":"geopoint"},"duration":{"value":null,"type":"null"},"fbuid":{"value":"10213143183868185","type":"string"},"key":{"value":"59834696-c717-4e29-b9b1-769782d567f0","type":"string"},"hide":{"value":false,"type":"boolean"},"tag":{"value":null,"type":"null"},"start":{"value":"1970-01-01T00:00:00.000Z","type":"timestamp"},"link":{"value":"","type":"string"},"lastUpdate":{"value":"2018-04-23T15:20:04.970Z","type":"timestamp"},"status":{"value":"開放","type":"string"},"photoUrl":{"value":"https://lookaside.facebook.com/platform/profilepic/?asid=10213143183868185&height=100&width=100&ext=1523030442&hash=AeR4q2dWQIfJcSLx","type":"string"},"name":{"value":"Choi Sing","type":"string"},"streetAddress":{"value":"香港三家村崇信街2號","type":"string"},"text":{"value":"油塘四山街郵箱","type":"string"},"tagfilter":{"value":{"郵筒":{"value":1,"type":"number"},"公共設施":{"value":1,"type":"number"}},"type":"object"},"createdAt":{"value":"2018-04-22T07:59:58.096Z","type":"timestamp"},"publicImageURL":{"value":"https://firebasestorage.googleapis.com/v0/b/ourland-a0d62.appspot.com/o/photo%2F59834696-c717-4e29-b9b1-769782d567f0%2Foriginal.jpg?alt=media&token=ddf1b132-2cab-4f01-a714-d4591ebeac86","type":"string"},"interval":{"value":null,"type":"null"}}