{"interval":{"value":null,"type":"null"},"imageUrl":{"value":"gs://ourland-a0d62.appspot.com/ioIW4DiztVfItj7NtMiWFZI2EBF3/event.jpg","type":"string"},"uid":{"value":"ioIW4DiztVfItj7NtMiWFZI2EBF3","type":"string"},"geolocation":{"value":{"_latitude":22.3179137,"_longitude":114.1687442},"type":"geopoint"},"duration":{"value":"3:00","type":"string"},"fbuid":{"value":"10155908838820199","type":"string"},"key":{"value":"84c7a61e-26d5-4f00-a002-854bde9467fc","type":"string"},"hide":{"value":false,"type":"boolean"},"tag":{"value":[{"value":"ACBDE","type":"string"}],"type":"array"},"start":{"value":"2018-03-18T01:30:00.000Z","type":"timestamp"},"link":{"value":"http://www.facebook.com","type":"string"},"lastUpdate":{"value":"2018-04-15T15:45:13.298Z","type":"timestamp"},"concernRecord":{"value":[{"value":"Q72z8i9yHyaLCCiAyR5BoGd0kQr1","type":"string"}],"type":"array"},"status":{"value":"完結","type":"string"},"photoUrl":{"value":"https://scontent.xx.fbcdn.net/v/t1.0-1/p100x100/21462533_10155449870145199_152778259148008058_n.jpg?oh=c15e9082e30d13bc227f4a54b6fcc73f&oe=5B3F8F6E","type":"string"},"name":{"value":"Orochi Ben Lam","type":"string"},"streetAddress":{"value":"Langham Place","type":"string"},"text":{"value":"testing 齋宴一天遊","type":"string"},"viewCount":{"value":1,"type":"number"},"tags":{"value":[{"value":"ABC","type":"string"}],"type":"array"},"createdAt":{"value":"2018-03-13T09:33:34.891Z","type":"timestamp"},"publicImageURL":{"value":"https://firebasestorage.googleapis.com/v0/b/ourland-a0d62.appspot.com/o/ioIW4DiztVfItj7NtMiWFZI2EBF3%2F84c7a61e-26d5-4f00-a002-854bde9467fc%2Fevent.jpg?alt=media&token=cf460e8e-2b7c-4b83-aa9a-13d6f74c21c0","type":"string"}}