{"photoUrl":{"value":"https://scontent-hkg3-2.xx.fbcdn.net/v/t1.0-1/p148x148/24862601_295311714309440_1589039543195318263_n.jpg?_nc_cat=0&oh=cbf16e3926ef590a8da91e4ce0e0b99d&oe=5B6E8881","type":"string"},"name":{"value":"陳炳洋","type":"string"},"streetAddress":{"value":"鴨脷洲橋道利東邨入口","type":"string"},"text":{"value":"維修鴨脷洲橋道馬路凹洞","type":"string"},"viewCount":{"value":1,"type":"number"},"tagfilter":{"value":{"社區匯報":{"value":1,"type":"number"},"公共地方維修":{"value":1,"type":"number"}},"type":"object"},"createdAt":{"value":"2018-04-13T06:29:17.814Z","type":"timestamp"},"publicImageURL":{"value":"https://firebasestorage.googleapis.com/v0/b/ourland-a0d62.appspot.com/o/photo%2F3a197042-e34c-42a4-b25c-5b19c94987ef%2Foriginal.jpg?alt=media&token=23ba28c4-34ec-4906-bc3c-2e1f33a98fb4","type":"string"},"interval":{"value":null,"type":"null"},"thumbnailPublicImageURL":{"value":"https://firebasestorage.googleapis.com/v0/b/ourland-a0d62.appspot.com/o/photo%2F3a197042-e34c-42a4-b25c-5b19c94987ef%2Fthumbnail.jpg?alt=media&token=8c015229-502c-4308-b6e9-c68d90f57d51","type":"string"},"thumbnailImageURL":{"value":"gs://ourland-a0d62.appspot.com/photo/3a197042-e34c-42a4-b25c-5b19c94987ef/thumbnail.jpg","type":"string"},"imageUrl":{"value":"gs://ourland-a0d62.appspot.com/photo/3a197042-e34c-42a4-b25c-5b19c94987ef/original.jpg","type":"string"},"uid":{"value":"4ET30Mqak7eTDpCVJ3yDIrTU4sy1","type":"string"},"geolocation":{"value":{"_latitude":22.2414613,"_longitude":114.1560942},"type":"geopoint"},"duration":{"value":null,"type":"null"},"fbuid":{"value":"1726522827465168","type":"string"},"key":{"value":"3a197042-e34c-42a4-b25c-5b19c94987ef","type":"string"},"hide":{"value":false,"type":"boolean"},"tag":{"value":null,"type":"null"},"start":{"value":"1970-01-01T00:00:00.000Z","type":"timestamp"},"link":{"value":"https://www.facebook.com/chanpingyeung/photos/a.248768455630433.1073741827.246618229178789/347780759062535","type":"string"},"lastUpdate":{"value":"2018-04-15T16:14:36.882Z","type":"timestamp"},"status":{"value":"完結","type":"string"}}