{"lastUpdate":{"value":"2018-06-09T06:47:28.823Z","type":"timestamp"},"status":{"value":"完結","type":"string"},"photoUrl":{"value":"https://scontent-hkg3-2.xx.fbcdn.net/v/t1.0-1/p148x148/24862601_295311714309440_1589039543195318263_n.jpg?_nc_cat=0&oh=cbf16e3926ef590a8da91e4ce0e0b99d&oe=5B6E8881","type":"string"},"name":{"value":"陳炳洋","type":"string"},"streetAddress":{"value":"鴨脷洲海旁長廊公園","type":"string"},"text":{"value":"維修鴨脷洲海濱公園路燈","type":"string"},"viewCount":{"value":1,"type":"number"},"tagfilter":{"value":{"社區匯報":{"value":1,"type":"number"},"公共地方維修":{"value":1,"type":"number"}},"type":"object"},"createdAt":{"value":"2018-06-08T09:13:43.943Z","type":"timestamp"},"publicImageURL":{"value":"https://firebasestorage.googleapis.com/v0/b/ourland-a0d62.appspot.com/o/photo%2F2537617b-822b-4a08-b921-1fda42536286%2Foriginal.jpg?alt=media&token=0865556f-e119-4f08-8e59-59e1cfad32dc","type":"string"},"interval":{"value":null,"type":"null"},"thumbnailPublicImageURL":{"value":"https://firebasestorage.googleapis.com/v0/b/ourland-a0d62.appspot.com/o/photo%2F2537617b-822b-4a08-b921-1fda42536286%2Fthumbnail.jpg?alt=media&token=b5b39670-71be-49ae-a95d-09c494ed0367","type":"string"},"thumbnailImageURL":{"value":"gs://ourland-a0d62.appspot.com/photo/2537617b-822b-4a08-b921-1fda42536286/thumbnail.jpg","type":"string"},"imageUrl":{"value":"gs://ourland-a0d62.appspot.com/photo/2537617b-822b-4a08-b921-1fda42536286/original.jpg","type":"string"},"uid":{"value":"4ET30Mqak7eTDpCVJ3yDIrTU4sy1","type":"string"},"geolocation":{"value":{"_latitude":22.244947,"_longitude":114.15552},"type":"geopoint"},"duration":{"value":null,"type":"null"},"fbuid":{"value":"1726522827465168","type":"string"},"key":{"value":"2537617b-822b-4a08-b921-1fda42536286","type":"string"},"hide":{"value":false,"type":"boolean"},"tag":{"value":null,"type":"null"},"start":{"value":"1970-01-01T00:00:00.000Z","type":"timestamp"},"link":{"value":"","type":"string"}}