{"fbuid":{"value":"10159449765660019","type":"string"},"key":{"value":"78373e34-51b3-4e69-b548-85346b67a306","type":"string"},"hide":{"value":false,"type":"boolean"},"tag":{"value":[],"type":"array"},"start":{"value":"1970-01-01T00:00:00.000Z","type":"timestamp"},"link":{"value":"","type":"string"},"lastUpdate":{"value":null,"type":"null"},"status":{"value":"開放","type":"string"},"photoUrl":{"value":"https://scontent.xx.fbcdn.net/v/t1.0-1/p100x100/28872318_10160471693085019_539224288026081730_n.jpg?oh=109ff100bfd8e947b459055f36d3785c&oe=5B3782ED","type":"string"},"name":{"value":"Ho Wa Wong","type":"string"},"streetAddress":{"value":null,"type":"null"},"text":{"value":"你好","type":"string"},"createdAt":{"value":"2018-03-13T14:24:00.186Z","type":"timestamp"},"publicImageURL":{"value":null,"type":"null"},"interval":{"value":null,"type":"null"},"uid":{"value":"RmtuzaPXr3ZghY397CxS18mWfWX2","type":"string"},"imageUrl":{"value":null,"type":"null"},"geolocation":{"value":{"_latitude":22.306252336859913,"_longitude":114.18875642303492},"type":"geopoint"},"duration":{"value":null,"type":"null"}}