{"viewCount":{"value":6,"type":"number"},"thumbnailPublicImageURL":{"value":"https://firebasestorage.googleapis.com/v0/b/ourland-a0d62.appspot.com/o/photo%2F6016a58a-296e-453a-8a4e-89796033a69d%2Fthumbnail.jpg?alt=media&token=a914a0cf-79d1-42c3-9251-20d7f5e25cbf","type":"string"},"imageUrl":{"value":"gs://ourland-a0d62.appspot.com/photo/6016a58a-296e-453a-8a4e-89796033a69d/original.jpg","type":"string"},"geolocation":{"value":{"_latitude":22.2445378,"_longitude":114.1565594},"type":"geopoint"},"duration":{"value":null,"type":"null"},"fbuid":{"value":"1726522827465168","type":"string"},"key":{"value":"6016a58a-296e-453a-8a4e-89796033a69d","type":"string"},"start":{"value":"1970-01-01T00:00:00.000Z","type":"timestamp"},"link":{"value":"","type":"string"},"concernRecord":{"value":[],"type":"array"},"streetAddress":{"value":"鴨脷洲惠風街5號地下","type":"string"},"text":{"value":"Hong Kong Dog Rescue (HKDR)","type":"string"},"tagfilter":{"value":{"寵物":{"value":1,"type":"number"}},"type":"object"},"createdAt":{"value":"2018-05-21T05:19:21.369Z","type":"timestamp"},"publicImageURL":{"value":"https://firebasestorage.googleapis.com/v0/b/ourland-a0d62.appspot.com/o/photo%2F6016a58a-296e-453a-8a4e-89796033a69d%2Foriginal.jpg?alt=media&token=6ba59a89-49fe-43e8-8e55-915d75806b7e","type":"string"},"interval":{"value":null,"type":"null"},"thumbnailImageURL":{"value":"gs://ourland-a0d62.appspot.com/photo/6016a58a-296e-453a-8a4e-89796033a69d/thumbnail.jpg","type":"string"},"uid":{"value":"4ET30Mqak7eTDpCVJ3yDIrTU4sy1","type":"string"},"hide":{"value":false,"type":"boolean"},"tag":{"value":null,"type":"null"},"lastUpdate":{"value":"2018-05-21T05:20:15.176Z","type":"timestamp"},"status":{"value":"開放","type":"string"},"photoUrl":{"value":"https://scontent-hkg3-2.xx.fbcdn.net/v/t1.0-1/p148x148/24862601_295311714309440_1589039543195318263_n.jpg?_nc_cat=0&oh=cbf16e3926ef590a8da91e4ce0e0b99d&oe=5B6E8881","type":"string"},"name":{"value":"陳炳洋","type":"string"}}