{"start":{"value":"2018-06-02T12:00:00.000Z","type":"timestamp"},"link":{"value":"","type":"string"},"lastUpdate":{"value":"2018-06-07T11:43:13.489Z","type":"timestamp"},"status":{"value":"開放","type":"string"},"photoUrl":{"value":"https://scontent.xx.fbcdn.net/v/t1.0-1/p100x100/21462533_10155449870145199_152778259148008058_n.jpg?oh=c15e9082e30d13bc227f4a54b6fcc73f&oe=5B3F8F6E","type":"string"},"name":{"value":"Orochi Ben Lam","type":"string"},"streetAddress":{"value":"旺角朗豪坊對出空地","type":"string"},"text":{"value":"《沒有太陽的日子》社區放映 ","type":"string"},"viewCount":{"value":4,"type":"number"},"tagfilter":{"value":{"活動":{"value":1,"type":"number"}},"type":"object"},"createdAt":{"value":"2018-06-01T05:14:26.958Z","type":"timestamp"},"publicImageURL":{"value":"https://firebasestorage.googleapis.com/v0/b/ourland-a0d62.appspot.com/o/photo%2F319d5c91-57ea-4aa7-a46d-efeeb8dcca72%2Foriginal.jpg?alt=media&token=3eba04ef-6c81-48d2-8ad6-0bd181c57bc8","type":"string"},"interval":{"value":"一次","type":"string"},"thumbnailPublicImageURL":{"value":"https://firebasestorage.googleapis.com/v0/b/ourland-a0d62.appspot.com/o/photo%2F319d5c91-57ea-4aa7-a46d-efeeb8dcca72%2Fthumbnail.jpg?alt=media&token=96dca82d-90fd-48e9-958b-7c9d374b0f57","type":"string"},"thumbnailImageURL":{"value":"gs://ourland-a0d62.appspot.com/photo/319d5c91-57ea-4aa7-a46d-efeeb8dcca72/thumbnail.jpg","type":"string"},"imageUrl":{"value":"gs://ourland-a0d62.appspot.com/photo/319d5c91-57ea-4aa7-a46d-efeeb8dcca72/original.jpg","type":"string"},"uid":{"value":"ioIW4DiztVfItj7NtMiWFZI2EBF3","type":"string"},"geolocation":{"value":{"_latitude":22.3179137,"_longitude":114.1687442},"type":"geopoint"},"duration":{"value":"2:00","type":"string"},"fbuid":{"value":"10155908838820199","type":"string"},"key":{"value":"319d5c91-57ea-4aa7-a46d-efeeb8dcca72","type":"string"},"hide":{"value":false,"type":"boolean"},"tag":{"value":null,"type":"null"}}