{"publicImageURL":{"value":"https://firebasestorage.googleapis.com/v0/b/ourland-a0d62.appspot.com/o/photo%2F8f3b031c-e063-4a84-93c3-1d99ee1ec47b%2Foriginal.jpg?alt=media&token=431de1ff-4937-45a1-b21e-3c7c7ee99593","type":"string"},"interval":{"value":null,"type":"null"},"thumbnailPublicImageURL":{"value":"https://firebasestorage.googleapis.com/v0/b/ourland-a0d62.appspot.com/o/photo%2F8f3b031c-e063-4a84-93c3-1d99ee1ec47b%2Fthumbnail.jpg?alt=media&token=16b3bb90-18ce-492b-827d-89d61592e0c7","type":"string"},"thumbnailImageURL":{"value":"gs://ourland-a0d62.appspot.com/photo/8f3b031c-e063-4a84-93c3-1d99ee1ec47b/thumbnail.jpg","type":"string"},"imageUrl":{"value":"gs://ourland-a0d62.appspot.com/photo/8f3b031c-e063-4a84-93c3-1d99ee1ec47b/original.jpg","type":"string"},"uid":{"value":"4ET30Mqak7eTDpCVJ3yDIrTU4sy1","type":"string"},"geolocation":{"value":{"_latitude":22.238677,"_longitude":114.160696},"type":"geopoint"},"duration":{"value":null,"type":"null"},"fbuid":{"value":"1726522827465168","type":"string"},"key":{"value":"8f3b031c-e063-4a84-93c3-1d99ee1ec47b","type":"string"},"hide":{"value":false,"type":"boolean"},"tag":{"value":null,"type":"null"},"start":{"value":"1970-01-01T00:00:00.000Z","type":"timestamp"},"link":{"value":"","type":"string"},"lastUpdate":{"value":"2018-05-17T11:03:48.822Z","type":"timestamp"},"status":{"value":"完結","type":"string"},"photoUrl":{"value":"https://scontent-hkg3-2.xx.fbcdn.net/v/t1.0-1/p148x148/24862601_295311714309440_1589039543195318263_n.jpg?_nc_cat=0&oh=cbf16e3926ef590a8da91e4ce0e0b99d&oe=5B6E8881","type":"string"},"name":{"value":"陳炳洋","type":"string"},"streetAddress":{"value":"鴨脷洲新海旁道","type":"string"},"text":{"value":"移走鴨脷洲新海旁道棄置木材","type":"string"},"viewCount":{"value":3,"type":"number"},"tagfilter":{"value":{"清潔":{"value":1,"type":"number"},"社區匯報":{"value":1,"type":"number"}},"type":"object"},"createdAt":{"value":"2018-05-14T10:11:53.677Z","type":"timestamp"}}