{"photoUrl":{"value":"https://scontent.xx.fbcdn.net/v/t1.0-1/p100x100/23844583_10154815391937811_5568609168488345314_n.jpg?oh=e19d8b2a255262614e32331fe3090067&oe=5B46DF35","type":"string"},"name":{"value":"Pegasus Mak","type":"string"},"streetAddress":{"value":null,"type":"null"},"text":{"value":"朗豪坊天台","type":"string"},"createdAt":{"value":"2018-03-13T10:53:28.815Z","type":"timestamp"},"publicImageURL":{"value":"https://firebasestorage.googleapis.com/v0/b/ourland-a0d62.appspot.com/o/Q72z8i9yHyaLCCiAyR5BoGd0kQr1%2Fa8f82794-05ad-4ef4-a404-b867224979a7%2Fevent.jpg?alt=media&token=5a285358-fa27-49a6-b61c-1027164afbe8","type":"string"},"interval":{"value":null,"type":"null"},"uid":{"value":"Q72z8i9yHyaLCCiAyR5BoGd0kQr1","type":"string"},"imageUrl":{"value":"gs://ourland-a0d62.appspot.com/Q72z8i9yHyaLCCiAyR5BoGd0kQr1/a8f82794-05ad-4ef4-a404-b867224979a7/event.jpg","type":"string"},"geolocation":{"value":{"_latitude":22.3186167,"_longitude":114.1684176},"type":"geopoint"},"duration":{"value":null,"type":"null"},"fbuid":{"value":"10154417054297811","type":"string"},"key":{"value":"a8f82794-05ad-4ef4-a404-b867224979a7","type":"string"},"hide":{"value":false,"type":"boolean"},"tag":{"value":[{"value":"靚景","type":"string"}],"type":"array"},"start":{"value":"1970-01-01T00:00:00.000Z","type":"timestamp"},"link":{"value":"","type":"string"},"lastUpdate":{"value":"2018-03-13T10:53:34.179Z","type":"timestamp"},"status":{"value":"開放","type":"string"}}