{"hide":{"value":false,"type":"boolean"},"lastUpdate":{"value":null,"type":"null"},"approvedStatus":{"value":{"fbuid":{"value":"10154417054297811","type":"string"},"name":{"value":"麥哲倫","type":"string"},"isConfirm":{"value":"駁回","type":"string"},"createdAt":{"value":"2018-04-15T14:32:03.899Z","type":"timestamp"}},"type":"object"},"photoUrl":{"value":"https://scontent.xx.fbcdn.net/v/t1.0-1/p100x100/28872318_10160471693085019_539224288026081730_n.jpg?oh=109ff100bfd8e947b459055f36d3785c&oe=5B3782ED","type":"string"},"name":{"value":"Ho Wa Wong","type":"string"},"text":{"value":"測試","type":"string"},"createdAt":{"value":"2018-03-14T11:36:35.426Z","type":"timestamp"}}