{"start":{"value":"1970-01-01T00:00:00.000Z","type":"timestamp"},"link":{"value":"","type":"string"},"lastUpdate":{"value":"2018-04-19T07:14:21.473Z","type":"timestamp"},"status":{"value":"開放","type":"string"},"photoUrl":{"value":"https://scontent-hkg3-2.xx.fbcdn.net/v/t1.0-1/p148x148/24862601_295311714309440_1589039543195318263_n.jpg?_nc_cat=0&oh=cbf16e3926ef590a8da91e4ce0e0b99d&oe=5B6E8881","type":"string"},"name":{"value":"陳炳洋","type":"string"},"streetAddress":{"value":"鴨脷洲徑3號","type":"string"},"text":{"value":"鴨脷洲徑增設狗糞收集箱","type":"string"},"viewCount":{"value":2,"type":"number"},"tagfilter":{"value":{"清潔":{"value":1,"type":"number"},"社區匯報":{"value":1,"type":"number"},"寵物":{"value":1,"type":"number"},"狗糞收集箱":{"value":1,"type":"number"}},"type":"object"},"createdAt":{"value":"2018-04-19T07:13:38.968Z","type":"timestamp"},"publicImageURL":{"value":"https://firebasestorage.googleapis.com/v0/b/ourland-a0d62.appspot.com/o/photo%2F446240db-6d63-4269-aa0e-8ffa19cebfec%2Foriginal.jpg?alt=media&token=ac976194-e0e5-43cb-b19a-946216d87b8f","type":"string"},"interval":{"value":null,"type":"null"},"thumbnailPublicImageURL":{"value":"https://firebasestorage.googleapis.com/v0/b/ourland-a0d62.appspot.com/o/photo%2F446240db-6d63-4269-aa0e-8ffa19cebfec%2Fthumbnail.jpg?alt=media&token=ae9d210e-7393-4782-842c-a2509546732b","type":"string"},"thumbnailImageURL":{"value":"gs://ourland-a0d62.appspot.com/photo/446240db-6d63-4269-aa0e-8ffa19cebfec/thumbnail.jpg","type":"string"},"imageUrl":{"value":"gs://ourland-a0d62.appspot.com/photo/446240db-6d63-4269-aa0e-8ffa19cebfec/original.jpg","type":"string"},"uid":{"value":"4ET30Mqak7eTDpCVJ3yDIrTU4sy1","type":"string"},"geolocation":{"value":{"_latitude":22.2438379,"_longitude":114.1588448},"type":"geopoint"},"duration":{"value":null,"type":"null"},"fbuid":{"value":"1726522827465168","type":"string"},"key":{"value":"446240db-6d63-4269-aa0e-8ffa19cebfec","type":"string"},"hide":{"value":false,"type":"boolean"},"tag":{"value":null,"type":"null"}}