{"createdAt":{"value":"2018-04-08T15:21:24.048Z","type":"timestamp"},"hide":{"value":false,"type":"boolean"},"lastUpdate":{"value":null,"type":"null"},"photoUrl":{"value":"https://firebasestorage.googleapis.com/v0/b/ourland-a0d62.appspot.com/o/photoTest%2FUserProfile%2FQ72z8i9yHyaLCCiAyR5BoGd0kQr1%2Fprofile_aa9abf48-f9d5-4152-be65-4874b5cc002b.jpg?alt=media&token=028d13bd-abb6-476d-9e69-cc5cce2d1843","type":"string"},"name":{"value":"麥哲倫","type":"string"},"text":{"value":"testing","type":"string"},"uid":{"value":"Q72z8i9yHyaLCCiAyR5BoGd0kQr1","type":"string"}}