{"thumbnailPublicImageURL":{"value":"https://firebasestorage.googleapis.com/v0/b/ourland-a0d62.appspot.com/o/photo%2F4fa7c827-4441-465e-a400-9a235e65baa2%2Fthumbnail.jpg?alt=media&token=ef091da8-c1c8-4ba6-903d-8f6272e9bf97","type":"string"},"thumbnailImageURL":{"value":"gs://ourland-a0d62.appspot.com/photo/4fa7c827-4441-465e-a400-9a235e65baa2/thumbnail.jpg","type":"string"},"imageUrl":{"value":"gs://ourland-a0d62.appspot.com/photo/4fa7c827-4441-465e-a400-9a235e65baa2/original.jpg","type":"string"},"uid":{"value":"4ET30Mqak7eTDpCVJ3yDIrTU4sy1","type":"string"},"geolocation":{"value":{"_latitude":22.243191,"_longitude":114.153801},"type":"geopoint"},"duration":{"value":null,"type":"null"},"fbuid":{"value":"1726522827465168","type":"string"},"key":{"value":"4fa7c827-4441-465e-a400-9a235e65baa2","type":"string"},"hide":{"value":false,"type":"boolean"},"tag":{"value":null,"type":"null"},"start":{"value":"1970-01-01T00:00:00.000Z","type":"timestamp"},"link":{"value":"","type":"string"},"lastUpdate":{"value":"2018-05-10T08:39:54.944Z","type":"timestamp"},"status":{"value":"開放","type":"string"},"photoUrl":{"value":"https://scontent-hkg3-2.xx.fbcdn.net/v/t1.0-1/p148x148/24862601_295311714309440_1589039543195318263_n.jpg?_nc_cat=0&oh=cbf16e3926ef590a8da91e4ce0e0b99d&oe=5B6E8881","type":"string"},"name":{"value":"陳炳洋","type":"string"},"streetAddress":{"value":"鴨脷洲大街161號","type":"string"},"text":{"value":"鴨脷洲診所","type":"string"},"viewCount":{"value":0,"type":"number"},"tagfilter":{"value":{"假日診所":{"value":1,"type":"number"},"公共設施":{"value":1,"type":"number"}},"type":"object"},"createdAt":{"value":"2018-05-10T08:39:54.944Z","type":"timestamp"},"publicImageURL":{"value":"https://firebasestorage.googleapis.com/v0/b/ourland-a0d62.appspot.com/o/photo%2F4fa7c827-4441-465e-a400-9a235e65baa2%2Foriginal.jpg?alt=media&token=55e955d1-faf9-421c-9751-f66cfe025dcf","type":"string"},"interval":{"value":null,"type":"null"}}