{"thumbnailImageURL":{"value":"gs://ourland-a0d62.appspot.com/photo/e03cf9ce-0f23-4d7c-92f2-27d39f4bbea7/thumbnail.jpg","type":"string"},"uid":{"value":"4ET30Mqak7eTDpCVJ3yDIrTU4sy1","type":"string"},"hide":{"value":false,"type":"boolean"},"tag":{"value":null,"type":"null"},"lastUpdate":{"value":"2018-06-16T10:28:47.074Z","type":"timestamp"},"status":{"value":"完結","type":"string"},"photoUrl":{"value":"https://scontent-hkg3-2.xx.fbcdn.net/v/t1.0-1/p148x148/24862601_295311714309440_1589039543195318263_n.jpg?_nc_cat=0&oh=cbf16e3926ef590a8da91e4ce0e0b99d&oe=5B6E8881","type":"string"},"name":{"value":"陳炳洋","type":"string"},"viewCount":{"value":4,"type":"number"},"thumbnailPublicImageURL":{"value":"https://firebasestorage.googleapis.com/v0/b/ourland-a0d62.appspot.com/o/photo%2Fe03cf9ce-0f23-4d7c-92f2-27d39f4bbea7%2Fthumbnail.jpg?alt=media&token=5c2f4d8a-5fd1-47b4-86ee-1f1cc1c09b68","type":"string"},"imageUrl":{"value":"gs://ourland-a0d62.appspot.com/photo/e03cf9ce-0f23-4d7c-92f2-27d39f4bbea7/original.jpg","type":"string"},"geolocation":{"value":{"_latitude":22.242649,"_longitude":114.156559},"type":"geopoint"},"duration":{"value":null,"type":"null"},"fbuid":{"value":"1726522827465168","type":"string"},"key":{"value":"e03cf9ce-0f23-4d7c-92f2-27d39f4bbea7","type":"string"},"start":{"value":"1970-01-01T00:00:00.000Z","type":"timestamp"},"link":{"value":"","type":"string"},"concernRecord":{"value":[{"value":"mUQgwxkmPBfVA47d9lHzB482Nmp1","type":"string"}],"type":"array"},"streetAddress":{"value":"鴨脷洲平瀾街電單車泊位","type":"string"},"text":{"value":"平瀾街增設電單車泊位","type":"string"},"tagfilter":{"value":{"電單車":{"value":1,"type":"number"},"交通":{"value":1,"type":"number"},"社區匯報":{"value":1,"type":"number"}},"type":"object"},"createdAt":{"value":"2018-05-03T13:36:37.276Z","type":"timestamp"},"publicImageURL":{"value":"https://firebasestorage.googleapis.com/v0/b/ourland-a0d62.appspot.com/o/photo%2Fe03cf9ce-0f23-4d7c-92f2-27d39f4bbea7%2Foriginal.jpg?alt=media&token=0e9c443c-ab1b-4ff5-94c6-c47b803e9caf","type":"string"},"interval":{"value":null,"type":"null"}}