{"publicImageURL":{"value":"https://firebasestorage.googleapis.com/v0/b/ourland-a0d62.appspot.com/o/photoTest%2F520b474a-47f2-4825-9ce9-b36ca4fc6346%2Foriginal.jpg?alt=media&token=eb6054f4-defd-4c8b-b10a-774054f42aff","type":"string"},"interval":{"value":null,"type":"null"},"thumbnailPublicImageURL":{"value":"https://firebasestorage.googleapis.com/v0/b/ourland-a0d62.appspot.com/o/photoTest%2F520b474a-47f2-4825-9ce9-b36ca4fc6346%2Fthumbnail.jpg?alt=media&token=a8f0cf18-d9cf-40c7-b9f1-9a2458d18b7c","type":"string"},"thumbnailImageURL":{"value":"gs://ourland-a0d62.appspot.com/photoTest/520b474a-47f2-4825-9ce9-b36ca4fc6346/thumbnail.jpg","type":"string"},"imageUrl":{"value":"gs://ourland-a0d62.appspot.com/photoTest/520b474a-47f2-4825-9ce9-b36ca4fc6346/original.jpg","type":"string"},"uid":{"value":"Q72z8i9yHyaLCCiAyR5BoGd0kQr1","type":"string"},"geolocation":{"value":{"_latitude":22.318478,"_longitude":114.1683596},"type":"geopoint"},"duration":{"value":null,"type":"null"},"fbuid":{"value":"10154417054297811","type":"string"},"key":{"value":"520b474a-47f2-4825-9ce9-b36ca4fc6346","type":"string"},"hide":{"value":false,"type":"boolean"},"tag":{"value":[],"type":"array"},"start":{"value":"1970-01-01T00:00:00.000Z","type":"timestamp"},"link":{"value":"","type":"string"},"lastUpdate":{"value":"2018-05-05T14:24:54.931Z","type":"timestamp"},"concernRecord":{"value":[{"value":"Q72z8i9yHyaLCCiAyR5BoGd0kQr1","type":"string"}],"type":"array"},"status":{"value":"開放","type":"string"},"photoUrl":{"value":"https://scontent.xx.fbcdn.net/v/t1.0-1/p100x100/28870976_10155049780592811_4379565846649896960_n.jpg?oh=c952552f31507af74f789ed6ba07ad43&oe=5B74327A","type":"string"},"name":{"value":"Pegasus Mak","type":"string"},"streetAddress":{"value":null,"type":"null"},"text":{"value":"Test with Picture Preview","type":"string"},"viewCount":{"value":1,"type":"number"},"createdAt":{"value":"2018-03-23T09:27:14.176Z","type":"timestamp"}}