{"interval":{"value":null,"type":"null"},"thumbnailPublicImageURL":{"value":null,"type":"null"},"thumbnailImageURL":{"value":null,"type":"null"},"imageUrl":{"value":null,"type":"null"},"uid":{"value":"RmtuzaPXr3ZghY397CxS18mWfWX2","type":"string"},"geolocation":{"value":{"_latitude":22.396428,"_longitude":114.10949699999999},"type":"geopoint"},"duration":{"value":null,"type":"null"},"fbuid":{"value":"10159449765660019","type":"string"},"key":{"value":"6c01340c-4882-4992-b31b-ae6ec4e77331","type":"string"},"hide":{"value":false,"type":"boolean"},"tag":{"value":[],"type":"array"},"start":{"value":"1970-01-01T00:00:00.000Z","type":"timestamp"},"link":{"value":"","type":"string"},"lastUpdate":{"value":null,"type":"null"},"status":{"value":"開放","type":"string"},"photoUrl":{"value":"https://scontent.xx.fbcdn.net/v/t1.0-1/p100x100/24991197_10160062541885019_2799081530111197640_n.jpg?_nc_cat=0&oh=0dd77b3f296f074819f8c13b35465240&oe=5B2BCF48","type":"string"},"name":{"value":"Ho Wa Wong","type":"string"},"streetAddress":{"value":null,"type":"null"},"text":{"value":"合合","type":"string"},"viewCount":{"value":5,"type":"number"},"createdAt":{"value":"2018-03-24T13:51:11.323Z","type":"timestamp"},"publicImageURL":{"value":null,"type":"null"}}