{"imageUrl":{"value":"gs://ourland-a0d62.appspot.com/photo/91003665-a886-4212-b9ec-3cf46beff710/original.jpg","type":"string"},"uid":{"value":"4ET30Mqak7eTDpCVJ3yDIrTU4sy1","type":"string"},"geolocation":{"value":{"_latitude":22.243579,"_longitude":114.1549433},"type":"geopoint"},"duration":{"value":null,"type":"null"},"fbuid":{"value":"1726522827465168","type":"string"},"key":{"value":"91003665-a886-4212-b9ec-3cf46beff710","type":"string"},"hide":{"value":false,"type":"boolean"},"tag":{"value":null,"type":"null"},"start":{"value":"1970-01-01T00:00:00.000Z","type":"timestamp"},"link":{"value":"","type":"string"},"lastUpdate":{"value":"2018-04-26T14:49:15.113Z","type":"timestamp"},"status":{"value":"完結","type":"string"},"photoUrl":{"value":"https://scontent-hkg3-2.xx.fbcdn.net/v/t1.0-1/p148x148/24862601_295311714309440_1589039543195318263_n.jpg?_nc_cat=0&oh=cbf16e3926ef590a8da91e4ce0e0b99d&oe=5B6E8881","type":"string"},"name":{"value":"陳炳洋","type":"string"},"streetAddress":{"value":"鴨脷洲文麗大樓","type":"string"},"text":{"value":"文麗大樓旁樓梯鋪設防滑鋼砂","type":"string"},"viewCount":{"value":2,"type":"number"},"tagfilter":{"value":{"社區匯報":{"value":1,"type":"number"},"公共地方維修":{"value":1,"type":"number"}},"type":"object"},"createdAt":{"value":"2018-04-24T10:09:27.395Z","type":"timestamp"},"publicImageURL":{"value":"https://firebasestorage.googleapis.com/v0/b/ourland-a0d62.appspot.com/o/photo%2F91003665-a886-4212-b9ec-3cf46beff710%2Foriginal.jpg?alt=media&token=16423040-4c17-4811-8072-a435b5b47618","type":"string"},"interval":{"value":null,"type":"null"},"thumbnailPublicImageURL":{"value":"https://firebasestorage.googleapis.com/v0/b/ourland-a0d62.appspot.com/o/photo%2F91003665-a886-4212-b9ec-3cf46beff710%2Fthumbnail.jpg?alt=media&token=a0dcab55-b016-4493-918b-c9244c0f811f","type":"string"},"thumbnailImageURL":{"value":"gs://ourland-a0d62.appspot.com/photo/91003665-a886-4212-b9ec-3cf46beff710/thumbnail.jpg","type":"string"}}