{"lastUpdate":{"value":null,"type":"null"},"approvedStatus":{"value":{"fbuid":{"value":"140969833258766","type":"string"},"name":{"value":"我地。香港","type":"string"},"isConfirm":{"value":"接納","type":"string"},"createdAt":{"value":"2018-04-15T18:10:53.482Z","type":"timestamp"}},"type":"object"},"photoUrl":{"value":"https://firebasestorage.googleapis.com/v0/b/ourland-a0d62.appspot.com/o/photo%2FUserProfile%2FQ72z8i9yHyaLCCiAyR5BoGd0kQr1%2Fprofile_e07c3975-5cb3-431b-a388-a94c9eecd8f6.jpg?alt=media&token=42c8aed1-f609-4885-90ec-4399151ce9a1","type":"string"},"name":{"value":"麥家凱","type":"string"},"uid":{"value":"Q72z8i9yHyaLCCiAyR5BoGd0kQr1","type":"string"},"createdAt":{"value":"2018-04-15T18:06:43.700Z","type":"timestamp"},"hide":{"value":false,"type":"boolean"},"changeStatus":{"value":"完結","type":"string"}}