{"imageUrl":{"value":"gs://ourland-a0d62.appspot.com/photo/560c8f8e-5f91-4456-87cb-1bf11b4abbcc/original.jpg","type":"string"},"uid":{"value":"mUQgwxkmPBfVA47d9lHzB482Nmp1","type":"string"},"geolocation":{"value":{"_latitude":22.3187705,"_longitude":114.1685066},"type":"geopoint"},"duration":{"value":null,"type":"null"},"fbuid":{"value":"140969833258766","type":"string"},"key":{"value":"560c8f8e-5f91-4456-87cb-1bf11b4abbcc","type":"string"},"hide":{"value":false,"type":"boolean"},"tag":{"value":null,"type":"null"},"start":{"value":"1970-01-01T00:00:00.000Z","type":"timestamp"},"link":{"value":"","type":"string"},"lastUpdate":{"value":"2018-04-17T06:48:39.666Z","type":"timestamp"},"status":{"value":"開放","type":"string"},"photoUrl":{"value":"https://firebasestorage.googleapis.com/v0/b/ourland-a0d62.appspot.com/o/photo%2FUserProfile%2FmUQgwxkmPBfVA47d9lHzB482Nmp1%2Fprofile_a6ae4b62-1d9e-437f-bdf9-3e6e68d30729.jpg?alt=media&token=a05ff2b7-b23c-44c7-8756-abff6e12bd37","type":"string"},"name":{"value":"我地。香港","type":"string"},"streetAddress":{"value":"朗豪坊 B2 超市隔離","type":"string"},"text":{"value":"郵筒及郵票售賣 - 朗豪坊","type":"string"},"viewCount":{"value":2,"type":"number"},"tagfilter":{"value":{"郵筒":{"value":1,"type":"number"},"公共設施":{"value":1,"type":"number"}},"type":"object"},"createdAt":{"value":"2018-04-17T06:48:39.666Z","type":"timestamp"},"publicImageURL":{"value":"https://firebasestorage.googleapis.com/v0/b/ourland-a0d62.appspot.com/o/photo%2F560c8f8e-5f91-4456-87cb-1bf11b4abbcc%2Foriginal.jpg?alt=media&token=01f2d4d4-3108-47d6-9e4a-2e1db191898a","type":"string"},"interval":{"value":null,"type":"null"},"thumbnailPublicImageURL":{"value":"https://firebasestorage.googleapis.com/v0/b/ourland-a0d62.appspot.com/o/photo%2F560c8f8e-5f91-4456-87cb-1bf11b4abbcc%2Fthumbnail.jpg?alt=media&token=4d28c615-84e4-4689-a056-f35c8ba3f19a","type":"string"},"thumbnailImageURL":{"value":"gs://ourland-a0d62.appspot.com/photo/560c8f8e-5f91-4456-87cb-1bf11b4abbcc/thumbnail.jpg","type":"string"}}