{"interval":{"value":null,"type":"null"},"thumbnailPublicImageURL":{"value":"https://firebasestorage.googleapis.com/v0/b/ourland-a0d62.appspot.com/o/photo%2Fc7f56e89-c917-408f-95f5-b0386f0aadd2%2Fthumbnail.jpg?alt=media&token=7d47f0cd-e8da-452d-b47e-977fdea211a5","type":"string"},"thumbnailImageURL":{"value":"gs://ourland-a0d62.appspot.com/photo/c7f56e89-c917-408f-95f5-b0386f0aadd2/thumbnail.jpg","type":"string"},"imageUrl":{"value":"gs://ourland-a0d62.appspot.com/photo/c7f56e89-c917-408f-95f5-b0386f0aadd2/original.jpg","type":"string"},"uid":{"value":"R6FWaigWsDcV8uzXnjiFlOpSHRb2","type":"string"},"geolocation":{"value":{"_latitude":22.2976746,"_longitude":114.2393766},"type":"geopoint"},"duration":{"value":null,"type":"null"},"fbuid":{"value":"10213143183868185","type":"string"},"key":{"value":"c7f56e89-c917-408f-95f5-b0386f0aadd2","type":"string"},"hide":{"value":false,"type":"boolean"},"tag":{"value":null,"type":"null"},"start":{"value":"1970-01-01T00:00:00.000Z","type":"timestamp"},"link":{"value":"","type":"string"},"lastUpdate":{"value":"2018-05-12T13:24:00.355Z","type":"timestamp"},"status":{"value":"開放","type":"string"},"photoUrl":{"value":"https://lookaside.facebook.com/platform/profilepic/?asid=10213143183868185&height=100&width=100&ext=1523030442&hash=AeR4q2dWQIfJcSLx","type":"string"},"name":{"value":"Choi Sing","type":"string"},"streetAddress":{"value":"香港油塘鯉魚門道80號","type":"string"},"text":{"value":"油塘鯉魚門遊樂場","type":"string"},"viewCount":{"value":2,"type":"number"},"tagfilter":{"value":{"公廁":{"value":1,"type":"number"},"足球場":{"value":1,"type":"number"}},"type":"object"},"createdAt":{"value":"2018-05-12T13:24:00.355Z","type":"timestamp"},"publicImageURL":{"value":"https://firebasestorage.googleapis.com/v0/b/ourland-a0d62.appspot.com/o/photo%2Fc7f56e89-c917-408f-95f5-b0386f0aadd2%2Foriginal.jpg?alt=media&token=3ce2f578-05c2-4bfa-845c-e91456d8dc47","type":"string"}}