{"start":{"value":"1970-01-01T00:00:00.000Z","type":"timestamp"},"link":{"value":"","type":"string"},"lastUpdate":{"value":"2018-04-21T14:32:16.147Z","type":"timestamp"},"status":{"value":"開放","type":"string"},"photoUrl":{"value":"https://lookaside.facebook.com/platform/profilepic/?asid=10213143183868185&height=100&width=100&ext=1523030442&hash=AeR4q2dWQIfJcSLx","type":"string"},"name":{"value":"Choi Sing","type":"string"},"streetAddress":{"value":"APM, 418 Kwun Tong Rd, Kwun Tong, 香港","type":"string"},"text":{"value":"觀塘地鐵站郵箱","type":"string"},"tagfilter":{"value":{"公共設施":{"value":1,"type":"number"},"郵筒":{"value":1,"type":"number"}},"type":"object"},"createdAt":{"value":"2018-04-21T01:44:11.339Z","type":"timestamp"},"publicImageURL":{"value":"https://firebasestorage.googleapis.com/v0/b/ourland-a0d62.appspot.com/o/photo%2Fc5703fa7-a926-49c9-92f1-eadde92c2a52%2Foriginal.jpg?alt=media&token=0879bbae-b8ca-47d5-bbf7-d26d98286368","type":"string"},"interval":{"value":null,"type":"null"},"thumbnailPublicImageURL":{"value":"https://firebasestorage.googleapis.com/v0/b/ourland-a0d62.appspot.com/o/photo%2Fc5703fa7-a926-49c9-92f1-eadde92c2a52%2Fthumbnail.jpg?alt=media&token=a3b65550-c9a2-4b9e-bd91-5c7b207a37b7","type":"string"},"thumbnailImageURL":{"value":"gs://ourland-a0d62.appspot.com/photo/c5703fa7-a926-49c9-92f1-eadde92c2a52/thumbnail.jpg","type":"string"},"imageUrl":{"value":"gs://ourland-a0d62.appspot.com/photo/c5703fa7-a926-49c9-92f1-eadde92c2a52/original.jpg","type":"string"},"uid":{"value":"R6FWaigWsDcV8uzXnjiFlOpSHRb2","type":"string"},"geolocation":{"value":{"_latitude":22.3121334,"_longitude":114.2251591},"type":"geopoint"},"duration":{"value":null,"type":"null"},"fbuid":{"value":"10213143183868185","type":"string"},"key":{"value":"c5703fa7-a926-49c9-92f1-eadde92c2a52","type":"string"},"hide":{"value":false,"type":"boolean"},"tag":{"value":null,"type":"null"}}