{"start":{"value":"1970-01-01T00:00:00.000Z","type":"timestamp"},"link":{"value":"","type":"string"},"concernRecord":{"value":[],"type":"array"},"streetAddress":{"value":"山市街","type":"string"},"text":{"value":"狗厠所","type":"string"},"tagfilter":{"value":{"狗厠所":{"value":1,"type":"number"},"寵物":{"value":1,"type":"number"}},"type":"object"},"createdAt":{"value":"2018-04-05T07:45:50.619Z","type":"timestamp"},"publicImageURL":{"value":"https://firebasestorage.googleapis.com/v0/b/ourland-a0d62.appspot.com/o/photo%2F9c483173-2f0c-4921-8be4-6bc72ac700d6%2Foriginal.jpg?alt=media&token=0efd7bdd-ace5-40dc-b3f1-31c27e53e531","type":"string"},"interval":{"value":null,"type":"null"},"thumbnailImageURL":{"value":"gs://ourland-a0d62.appspot.com/photo/9c483173-2f0c-4921-8be4-6bc72ac700d6/thumbnail.jpg","type":"string"},"uid":{"value":"lqqxvhx5nFQBss7rM7Puw91uZfc2","type":"string"},"hide":{"value":false,"type":"boolean"},"tag":{"value":null,"type":"null"},"lastUpdate":{"value":"2018-04-15T18:06:02.987Z","type":"timestamp"},"status":{"value":"開放","type":"string"},"photoUrl":{"value":"https://scontent.xx.fbcdn.net/v/t1.0-1/c1.0.100.100/p100x100/21462221_10155090721163160_820811670143121116_n.jpg?_nc_cat=0&oh=f6eabc4455bb1d664b8fb1fac2049ba4&oe=5B729301","type":"string"},"name":{"value":"Luke JD","type":"string"},"viewCount":{"value":3,"type":"number"},"thumbnailPublicImageURL":{"value":"https://firebasestorage.googleapis.com/v0/b/ourland-a0d62.appspot.com/o/photo%2F9c483173-2f0c-4921-8be4-6bc72ac700d6%2Fthumbnail.jpg?alt=media&token=c201cfa2-88f7-4abf-94d5-9e2a525367e6","type":"string"},"imageUrl":{"value":"gs://ourland-a0d62.appspot.com/photo/9c483173-2f0c-4921-8be4-6bc72ac700d6/original.jpg","type":"string"},"geolocation":{"value":{"_latitude":22.2830801,"_longitude":114.130297},"type":"geopoint"},"duration":{"value":null,"type":"null"},"fbuid":{"value":"10155610587553160","type":"string"},"key":{"value":"9c483173-2f0c-4921-8be4-6bc72ac700d6","type":"string"}}