{"start":{"value":"2018-03-05T06:59:00.000Z","type":"timestamp"},"link":{"value":"","type":"string"},"lastUpdate":{"value":null,"type":"null"},"status":{"value":"開放","type":"string"},"photoUrl":{"value":"https://scontent.xx.fbcdn.net/v/t1.0-1/c29.0.100.100/p100x100/10354686_10150004552801856_220367501106153455_n.jpg?oh=ae85820c92b6e480694ddeb3969160bd&oe=5B3F3077","type":"string"},"name":{"value":"Our Land HK","type":"string"},"streetAddress":{"value":"","type":"string"},"text":{"value":"區諾軒街站義工招人","type":"string"},"createdAt":{"value":"2018-03-05T04:59:17.066Z","type":"timestamp"},"interval":{"value":null,"type":"null"},"uid":{"value":"mUQgwxkmPBfVA47d9lHzB482Nmp1","type":"string"},"geolocation":{"value":{"_latitude":22.2793635,"_longitude":114.1651706},"type":"geopoint"},"duration":{"value":"1:00","type":"string"},"fbuid":{"value":"140969833258766","type":"string"},"key":{"value":"bc4e32b9-3256-47d2-981a-ecb66a3007b4","type":"string"},"hide":{"value":false,"type":"boolean"},"tag":{"value":[{"value":"立法會補選","type":"string"}],"type":"array"}}