{"hide":{"value":false,"type":"boolean"},"changeStatus":{"value":"完結","type":"string"},"lastUpdate":{"value":null,"type":"null"},"approvedStatus":{"value":{"fbuid":{"value":"140969833258766","type":"string"},"name":{"value":"我地。香港","type":"string"},"isConfirm":{"value":"接納","type":"string"},"createdAt":{"value":"2018-04-19T08:18:54.594Z","type":"timestamp"}},"type":"object"},"photoUrl":{"value":"https://scontent-hkg3-2.xx.fbcdn.net/v/t1.0-1/p148x148/24862601_295311714309440_1589039543195318263_n.jpg?_nc_cat=0&oh=cbf16e3926ef590a8da91e4ce0e0b99d&oe=5B6E8881","type":"string"},"name":{"value":"陳炳洋","type":"string"},"uid":{"value":"4ET30Mqak7eTDpCVJ3yDIrTU4sy1","type":"string"},"createdAt":{"value":"2018-04-17T12:49:34.806Z","type":"timestamp"}}