{"createdAt":{"value":"2018-03-13T01:53:09.286Z","type":"timestamp"},"publicImageURL":{"value":"https://firebasestorage.googleapis.com/v0/b/ourland-a0d62.appspot.com/o/RmtuzaPXr3ZghY397CxS18mWfWX2%2Fd945ce21-ca71-4fc6-97be-df56568af728%2Fevent.jpg?alt=media&token=728b4847-ef1e-4f89-8c2c-eb528ff497b5","type":"string"},"interval":{"value":null,"type":"null"},"uid":{"value":"RmtuzaPXr3ZghY397CxS18mWfWX2","type":"string"},"imageUrl":{"value":"gs://ourland-a0d62.appspot.com/RmtuzaPXr3ZghY397CxS18mWfWX2/d945ce21-ca71-4fc6-97be-df56568af728/event.jpg","type":"string"},"geolocation":{"value":{"_latitude":22.3780666,"_longitude":114.1079394},"type":"geopoint"},"duration":{"value":null,"type":"null"},"fbuid":{"value":"10159449765660019","type":"string"},"key":{"value":"d945ce21-ca71-4fc6-97be-df56568af728","type":"string"},"hide":{"value":false,"type":"boolean"},"tag":{"value":[{"value":"丁丁","type":"string"},{"value":"曾大","type":"string"},{"value":"民建聯","type":"string"},{"value":"測試","type":"string"}],"type":"array"},"start":{"value":"1970-01-01T00:00:00.000Z","type":"timestamp"},"link":{"value":"","type":"string"},"lastUpdate":{"value":"2018-03-14T15:20:51.050Z","type":"timestamp"},"concernRecord":{"value":[{"value":"RmtuzaPXr3ZghY397CxS18mWfWX2","type":"string"}],"type":"array"},"status":{"value":"開放","type":"string"},"photoUrl":{"value":"https://scontent.xx.fbcdn.net/v/t1.0-1/p100x100/28872318_10160471693085019_539224288026081730_n.jpg?oh=109ff100bfd8e947b459055f36d3785c&oe=5B3782ED","type":"string"},"name":{"value":"Ho Wa Wong","type":"string"},"streetAddress":{"value":null,"type":"null"},"text":{"value":"曾大大丁丁","type":"string"}}