{"interval":{"value":null,"type":"null"},"uid":{"value":"9DZ2L2DD5qZjnufFKWtRUYvfghS2","type":"string"},"imageUrl":{"value":null,"type":"null"},"geolocation":{"value":{"_latitude":22.3181703,"_longitude":114.1617391},"type":"geopoint"},"duration":{"value":null,"type":"null"},"fbuid":{"value":"10155922692130310","type":"string"},"key":{"value":"4db9bcd5-9466-44aa-9ad0-bd98bf65071d","type":"string"},"hide":{"value":false,"type":"boolean"},"tag":{"value":[],"type":"array"},"start":{"value":"1970-01-01T00:00:00.000Z","type":"timestamp"},"link":{"value":"","type":"string"},"lastUpdate":{"value":"2018-04-11T11:57:03.934Z","type":"timestamp"},"concernRecord":{"value":[],"type":"array"},"status":{"value":"開放","type":"string"},"photoUrl":{"value":"https://scontent.xx.fbcdn.net/v/t1.0-1/p100x100/20031858_10155250720205310_2165780080100572193_n.jpg?oh=e543f6b77e6cbe6514c5540aff4860c4&oe=5B4690C5","type":"string"},"name":{"value":"Windie Terry","type":"string"},"streetAddress":{"value":null,"type":"null"},"text":{"value":"櫻桃街","type":"string"},"createdAt":{"value":"2018-03-13T05:39:46.704Z","type":"timestamp"},"publicImageURL":{"value":null,"type":"null"}}