{"tag":{"value":null,"type":"null"},"start":{"value":"1970-01-01T00:00:00.000Z","type":"timestamp"},"link":{"value":"","type":"string"},"lastUpdate":{"value":"2018-05-01T10:00:56.007Z","type":"timestamp"},"status":{"value":"開放","type":"string"},"photoUrl":{"value":"https://firebasestorage.googleapis.com/v0/b/ourland-a0d62.appspot.com/o/photo%2FUserProfile%2FmUQgwxkmPBfVA47d9lHzB482Nmp1%2Fprofile_a6ae4b62-1d9e-437f-bdf9-3e6e68d30729.jpg?alt=media&token=a05ff2b7-b23c-44c7-8756-abff6e12bd37","type":"string"},"name":{"value":"我地。香港","type":"string"},"streetAddress":{"value":"新月花園","type":"string"},"text":{"value":"新月花園 - 有新款遊樂設施","type":"string"},"tagfilter":{"value":{"繩橋":{"value":1,"type":"number"},"遊樂場":{"value":1,"type":"number"},"滑梯":{"value":1,"type":"number"}},"type":"object"},"createdAt":{"value":"2018-05-01T10:00:56.007Z","type":"timestamp"},"publicImageURL":{"value":"https://firebasestorage.googleapis.com/v0/b/ourland-a0d62.appspot.com/o/photo%2F133936ba-14b9-4b90-86be-1ab173b72f5b%2Foriginal.jpg?alt=media&token=f1e73fe9-d26e-4cc7-8ec8-7156c1a13810","type":"string"},"interval":{"value":null,"type":"null"},"thumbnailPublicImageURL":{"value":"https://firebasestorage.googleapis.com/v0/b/ourland-a0d62.appspot.com/o/photo%2F133936ba-14b9-4b90-86be-1ab173b72f5b%2Fthumbnail.jpg?alt=media&token=b44d7034-1564-4a46-bfa5-e54f658f8487","type":"string"},"thumbnailImageURL":{"value":"gs://ourland-a0d62.appspot.com/photo/133936ba-14b9-4b90-86be-1ab173b72f5b/thumbnail.jpg","type":"string"},"imageUrl":{"value":"gs://ourland-a0d62.appspot.com/photo/133936ba-14b9-4b90-86be-1ab173b72f5b/original.jpg","type":"string"},"uid":{"value":"mUQgwxkmPBfVA47d9lHzB482Nmp1","type":"string"},"geolocation":{"value":{"_latitude":22.2699592,"_longitude":114.1838912},"type":"geopoint"},"duration":{"value":null,"type":"null"},"fbuid":{"value":"140969833258766","type":"string"},"key":{"value":"133936ba-14b9-4b90-86be-1ab173b72f5b","type":"string"},"hide":{"value":false,"type":"boolean"}}