{"publicImageURL":{"value":"https://firebasestorage.googleapis.com/v0/b/ourland-a0d62.appspot.com/o/photo%2F18c218ec-05eb-45cd-b881-e909d835a339%2Foriginal.jpg?alt=media&token=f466bb80-606e-49ee-a988-dafdb38d68a4","type":"string"},"interval":{"value":"一次","type":"string"},"thumbnailPublicImageURL":{"value":"https://firebasestorage.googleapis.com/v0/b/ourland-a0d62.appspot.com/o/photo%2F18c218ec-05eb-45cd-b881-e909d835a339%2Fthumbnail.jpg?alt=media&token=0bc63b58-f794-4ece-a3f8-2ebd6f917166","type":"string"},"thumbnailImageURL":{"value":"gs://ourland-a0d62.appspot.com/photo/18c218ec-05eb-45cd-b881-e909d835a339/thumbnail.jpg","type":"string"},"imageUrl":{"value":"gs://ourland-a0d62.appspot.com/photo/18c218ec-05eb-45cd-b881-e909d835a339/original.jpg","type":"string"},"uid":{"value":"4ET30Mqak7eTDpCVJ3yDIrTU4sy1","type":"string"},"geolocation":{"value":{"_latitude":22.243859,"_longitude":114.1546879},"type":"geopoint"},"duration":{"value":"1:30","type":"string"},"fbuid":{"value":"1726522827465168","type":"string"},"key":{"value":"18c218ec-05eb-45cd-b881-e909d835a339","type":"string"},"hide":{"value":false,"type":"boolean"},"tag":{"value":null,"type":"null"},"start":{"value":"2018-04-19T10:30:00.000Z","type":"timestamp"},"link":{"value":"https://goo.gl/forms/HclpSLXFK7YRIn303","type":"string"},"lastUpdate":{"value":"2018-04-20T14:34:09.274Z","type":"timestamp"},"status":{"value":"完結","type":"string"},"photoUrl":{"value":"https://scontent-hkg3-2.xx.fbcdn.net/v/t1.0-1/p148x148/24862601_295311714309440_1589039543195318263_n.jpg?_nc_cat=0&oh=cbf16e3926ef590a8da91e4ce0e0b99d&oe=5B6E8881","type":"string"},"name":{"value":"陳炳洋","type":"string"},"streetAddress":{"value":"鴨脷洲東南大廈","type":"string"},"text":{"value":"鴨脷洲新海旁道用地規劃問卷調查Day09—東南大廈站","type":"string"},"tagfilter":{"value":{"社區調查":{"value":1,"type":"number"},"鴨脷洲新海旁道":{"value":1,"type":"number"},"社區規劃":{"value":1,"type":"number"}},"type":"object"},"createdAt":{"value":"2018-04-19T08:22:41.508Z","type":"timestamp"}}