{"lastUpdate":{"value":"2018-06-01T13:58:01.309Z","type":"timestamp"},"status":{"value":"開放","type":"string"},"photoUrl":{"value":"https://lookaside.facebook.com/platform/profilepic/?asid=10213143183868185&height=100&width=100&ext=1523030442&hash=AeR4q2dWQIfJcSLx","type":"string"},"name":{"value":"Choi Sing","type":"string"},"streetAddress":{"value":"香港銅鑼灣銅鑼灣道84-86號","type":"string"},"text":{"value":"銅鑼灣道郵箱","type":"string"},"viewCount":{"value":0,"type":"number"},"tagfilter":{"value":{"公共設施":{"value":1,"type":"number"},"郵箱":{"value":1,"type":"number"}},"type":"object"},"createdAt":{"value":"2018-06-01T13:58:01.309Z","type":"timestamp"},"publicImageURL":{"value":"https://firebasestorage.googleapis.com/v0/b/ourland-a0d62.appspot.com/o/photo%2Fae94ef4a-873b-4740-bdf4-e6591aadcc13%2Foriginal.jpg?alt=media&token=68fd6444-9e39-4a11-b89a-e933a3221b16","type":"string"},"interval":{"value":null,"type":"null"},"thumbnailPublicImageURL":{"value":"https://firebasestorage.googleapis.com/v0/b/ourland-a0d62.appspot.com/o/photo%2Fae94ef4a-873b-4740-bdf4-e6591aadcc13%2Fthumbnail.jpg?alt=media&token=b2e8d2c8-c635-4f63-98a6-b2c708267833","type":"string"},"thumbnailImageURL":{"value":"gs://ourland-a0d62.appspot.com/photo/ae94ef4a-873b-4740-bdf4-e6591aadcc13/thumbnail.jpg","type":"string"},"imageUrl":{"value":"gs://ourland-a0d62.appspot.com/photo/ae94ef4a-873b-4740-bdf4-e6591aadcc13/original.jpg","type":"string"},"uid":{"value":"R6FWaigWsDcV8uzXnjiFlOpSHRb2","type":"string"},"geolocation":{"value":{"_latitude":22.2793802,"_longitude":114.192049},"type":"geopoint"},"duration":{"value":null,"type":"null"},"fbuid":{"value":"10213143183868185","type":"string"},"key":{"value":"ae94ef4a-873b-4740-bdf4-e6591aadcc13","type":"string"},"hide":{"value":false,"type":"boolean"},"tag":{"value":null,"type":"null"},"start":{"value":"1970-01-01T00:00:00.000Z","type":"timestamp"},"link":{"value":"","type":"string"}}