{"viewCount":{"value":4,"type":"number"},"tagfilter":{"value":{},"type":"object"},"createdAt":{"value":"2018-05-09T07:07:52.735Z","type":"timestamp"},"publicImageURL":{"value":null,"type":"null"},"interval":{"value":"每週","type":"string"},"thumbnailPublicImageURL":{"value":null,"type":"null"},"thumbnailImageURL":{"value":null,"type":"null"},"imageUrl":{"value":null,"type":"null"},"uid":{"value":"6QxibVFOSkaMbE95Aqz90KFaRM73","type":"string"},"geolocation":{"value":{"_latitude":22.313482,"_longitude":114.187385},"type":"geopoint"},"duration":{"value":"1:30","type":"string"},"fbuid":{"value":"2012612212101263","type":"string"},"key":{"value":"56530bde-65dd-4858-b44c-ac64790d7ae5","type":"string"},"hide":{"value":false,"type":"boolean"},"tag":{"value":null,"type":"null"},"start":{"value":"2018-05-10T10:05:34.000Z","type":"timestamp"},"link":{"value":"","type":"string"},"lastUpdate":{"value":"2018-05-09T07:07:52.735Z","type":"timestamp"},"status":{"value":"開放","type":"string"},"photoUrl":{"value":"https://firebasestorage.googleapis.com/v0/b/ourland-a0d62.appspot.com/o/photo%2FUserProfile%2F6QxibVFOSkaMbE95Aqz90KFaRM73%2Fprofile_d38a2fb7-7662-4c4e-b4a0-176f83bf6ce2.jpg?alt=media&token=2e35ad7a-8f54-46df-bdd4-ee91a364f3a0","type":"string"},"name":{"value":"林正軒","type":"string"},"streetAddress":{"value":"漆馬大廈","type":"string"},"text":{"value":"中醫義診 血壓檢查","type":"string"}}