{"start":{"value":"1970-01-01T00:00:00.000Z","type":"timestamp"},"link":{"value":"","type":"string"},"lastUpdate":{"value":"2018-03-05T05:37:01.654Z","type":"timestamp"},"status":{"value":"開放","type":"string"},"photoUrl":{"value":"https://scontent.xx.fbcdn.net/v/t1.0-1/c29.0.100.100/p100x100/10354686_10150004552801856_220367501106153455_n.jpg?oh=ae85820c92b6e480694ddeb3969160bd&oe=5B3F3077","type":"string"},"name":{"value":"Our Land HK","type":"string"},"streetAddress":{"value":"","type":"string"},"text":{"value":"Ben meeting","type":"string"},"createdAt":{"value":"2018-03-05T05:36:54.130Z","type":"timestamp"},"publicImageURL":{"value":"https://firebasestorage.googleapis.com/v0/b/ourland-a0d62.appspot.com/o/mUQgwxkmPBfVA47d9lHzB482Nmp1%2F5fcdde0d-4c40-4f63-b1a4-eb0a22f779de%2Fevent.jpg?alt=media&token=061d4380-f248-44cf-b565-3ce7f83a03c3","type":"string"},"interval":{"value":null,"type":"null"},"uid":{"value":"mUQgwxkmPBfVA47d9lHzB482Nmp1","type":"string"},"imageUrl":{"value":"gs://ourland-a0d62.appspot.com/mUQgwxkmPBfVA47d9lHzB482Nmp1/5fcdde0d-4c40-4f63-b1a4-eb0a22f779de/event.jpg","type":"string"},"geolocation":{"value":{"_latitude":22.2812411,"_longitude":114.1659156},"type":"geopoint"},"duration":{"value":null,"type":"null"},"fbuid":{"value":"140969833258766","type":"string"},"key":{"value":"5fcdde0d-4c40-4f63-b1a4-eb0a22f779de","type":"string"},"hide":{"value":false,"type":"boolean"},"tag":{"value":[],"type":"array"}}