{"createdAt":{"value":"2018-04-03T11:25:33.396Z","type":"timestamp"},"publicImageURL":{"value":null,"type":"null"},"interval":{"value":null,"type":"null"},"thumbnailPublicImageURL":{"value":null,"type":"null"},"thumbnailImageURL":{"value":null,"type":"null"},"imageUrl":{"value":null,"type":"null"},"uid":{"value":"Q72z8i9yHyaLCCiAyR5BoGd0kQr1","type":"string"},"geolocation":{"value":{"_latitude":22.318468799999998,"_longitude":114.16832},"type":"geopoint"},"duration":{"value":null,"type":"null"},"fbuid":{"value":"10154417054297811","type":"string"},"key":{"value":"6043328f-6b5b-4e1c-a6d7-09a192df5da2","type":"string"},"hide":{"value":false,"type":"boolean"},"tag":{"value":[{"value":"Test","type":"string"}],"type":"array"},"start":{"value":"1970-01-01T00:00:00.000Z","type":"timestamp"},"link":{"value":"FAKE?","type":"string"},"lastUpdate":{"value":null,"type":"null"},"status":{"value":"開放","type":"string"},"photoUrl":{"value":"https://lookaside.facebook.com/platform/profilepic/?asid=10154417054297811&height=100&width=100&ext=1522859988&hash=AeQF4eoHbKLM8LDj","type":"string"},"name":{"value":"Pegasus Mak","type":"string"},"streetAddress":{"value":null,"type":"null"},"text":{"value":"Test with Publish Message","type":"string"}}