{"startTime":{"value":"12:00","type":"string"},"thumbnailPublicImageURL":{"value":"https://firebasestorage.googleapis.com/v0/b/ourland-a0d62.appspot.com/o/photo%2F3a1828be-4c67-47c6-aabe-b72529acbc4c%2Fthumbnail.jpg?alt=media&token=d164e044-1b0c-497e-9ff7-b804b38418d9","type":"string"},"imageUrl":{"value":"gs://ourland-a0d62.appspot.com/photo/3a1828be-4c67-47c6-aabe-b72529acbc4c/original.jpg","type":"string"},"geolocation":{"value":{"_latitude":22.317201,"_longitude":114.185904},"type":"geopoint"},"duration":{"value":"1:00","type":"string"},"fbuid":{"value":"2012612212101263","type":"string"},"key":{"value":"3a1828be-4c67-47c6-aabe-b72529acbc4c","type":"string"},"start":{"value":"2018-05-17T00:00:00.000Z","type":"timestamp"},"link":{"value":"","type":"string"},"concernRecord":{"value":[{"value":"mUQgwxkmPBfVA47d9lHzB482Nmp1","type":"string"}],"type":"array"},"streetAddress":{"value":"樂民新村","type":"string"},"text":{"value":"父親節 世界盃 摺疊杯 遊戲坊","type":"string"},"tagfilter":{"value":{"活動":{"value":1,"type":"number"}},"type":"object"},"createdAt":{"value":"2018-06-15T16:43:26.081Z","type":"timestamp"},"publicImageURL":{"value":"https://firebasestorage.googleapis.com/v0/b/ourland-a0d62.appspot.com/o/photo%2F3a1828be-4c67-47c6-aabe-b72529acbc4c%2Foriginal.jpg?alt=media&token=23fb90b8-006c-42d5-84ac-f5096ed040f8","type":"string"},"happyCount":{"value":1,"type":"number"},"interval":{"value":"不重複","type":"string"},"sadCount":{"value":0,"type":"number"},"thumbnailImageURL":{"value":"gs://ourland-a0d62.appspot.com/photo/3a1828be-4c67-47c6-aabe-b72529acbc4c/thumbnail.jpg","type":"string"},"uid":{"value":"6QxibVFOSkaMbE95Aqz90KFaRM73","type":"string"},"hide":{"value":false,"type":"boolean"},"endDate":{"value":null,"type":"null"},"tag":{"value":null,"type":"null"},"lastUpdate":{"value":"2018-06-15T16:43:26.081Z","type":"timestamp"},"everydayOpenning":{"value":null,"type":"null"},"status":{"value":"開放","type":"string"},"photoUrl":{"value":"https://firebasestorage.googleapis.com/v0/b/ourland-a0d62.appspot.com/o/photo%2FUserProfile%2F6QxibVFOSkaMbE95Aqz90KFaRM73%2Fprofile_2caee744-56d9-46c4-a977-c2979260ea4b.jpg?alt=media&token=69efb402-d5b2-42ec-b9e0-ee960382b879","type":"string"},"name":{"value":"林正軒","type":"string"},"weekdaysOpennings":{"value":null,"type":"null"},"viewCount":{"value":1,"type":"number"}}