{"thumbnailPublicImageURL":{"value":null,"type":"null"},"imageUrl":{"value":null,"type":"null"},"geolocation":{"value":{"_latitude":22.317764,"_longitude":114.187711},"type":"geopoint"},"duration":{"value":null,"type":"null"},"fbuid":{"value":"2012612212101263","type":"string"},"key":{"value":"1de61a0e-dd6e-4583-981d-971fb119b82a","type":"string"},"start":{"value":"1970-01-01T00:00:00.000Z","type":"timestamp"},"link":{"value":"","type":"string"},"streetAddress":{"value":"土瓜灣站","type":"string"},"text":{"value":"關注沙中線豆腐渣工程","type":"string"},"tagfilter":{"value":{"社區匯報":{"value":1,"type":"number"}},"type":"object"},"createdAt":{"value":"2018-06-15T16:44:44.882Z","type":"timestamp"},"publicImageURL":{"value":null,"type":"null"},"interval":{"value":null,"type":"null"},"thumbnailImageURL":{"value":null,"type":"null"},"uid":{"value":"6QxibVFOSkaMbE95Aqz90KFaRM73","type":"string"},"hide":{"value":false,"type":"boolean"},"endDate":{"value":null,"type":"null"},"tag":{"value":null,"type":"null"},"everydayOpenning":{"value":null,"type":"null"},"lastUpdate":{"value":"2018-06-15T16:44:44.882Z","type":"timestamp"},"status":{"value":"開放","type":"string"},"photoUrl":{"value":"https://firebasestorage.googleapis.com/v0/b/ourland-a0d62.appspot.com/o/photo%2FUserProfile%2F6QxibVFOSkaMbE95Aqz90KFaRM73%2Fprofile_2caee744-56d9-46c4-a977-c2979260ea4b.jpg?alt=media&token=69efb402-d5b2-42ec-b9e0-ee960382b879","type":"string"},"name":{"value":"林正軒","type":"string"},"weekdaysOpennings":{"value":null,"type":"null"},"viewCount":{"value":1,"type":"number"},"startTime":{"value":null,"type":"null"}}