{"tagfilter":{"value":{"公共設施":{"value":1,"type":"number"},"郵箱":{"value":1,"type":"number"}},"type":"object"},"createdAt":{"value":"2018-04-28T10:09:46.376Z","type":"timestamp"},"publicImageURL":{"value":"https://firebasestorage.googleapis.com/v0/b/ourland-a0d62.appspot.com/o/photo%2F7c0ae1b3-5f67-421a-8609-26412f73f1d0%2Foriginal.jpg?alt=media&token=a1100b7a-d933-4353-9f9a-933f9ed4f7dd","type":"string"},"interval":{"value":null,"type":"null"},"thumbnailPublicImageURL":{"value":"https://firebasestorage.googleapis.com/v0/b/ourland-a0d62.appspot.com/o/photo%2F7c0ae1b3-5f67-421a-8609-26412f73f1d0%2Fthumbnail.jpg?alt=media&token=bc9401c7-66fc-42ab-a597-84ea6842d6c1","type":"string"},"thumbnailImageURL":{"value":"gs://ourland-a0d62.appspot.com/photo/7c0ae1b3-5f67-421a-8609-26412f73f1d0/thumbnail.jpg","type":"string"},"imageUrl":{"value":"gs://ourland-a0d62.appspot.com/photo/7c0ae1b3-5f67-421a-8609-26412f73f1d0/original.jpg","type":"string"},"uid":{"value":"R6FWaigWsDcV8uzXnjiFlOpSHRb2","type":"string"},"geolocation":{"value":{"_latitude":22.3064757,"_longitude":114.2368178},"type":"geopoint"},"duration":{"value":null,"type":"null"},"fbuid":{"value":"10213143183868185","type":"string"},"key":{"value":"7c0ae1b3-5f67-421a-8609-26412f73f1d0","type":"string"},"hide":{"value":false,"type":"boolean"},"tag":{"value":null,"type":"null"},"start":{"value":"1970-01-01T00:00:00.000Z","type":"timestamp"},"link":{"value":"","type":"string"},"lastUpdate":{"value":"2018-04-28T10:09:46.376Z","type":"timestamp"},"status":{"value":"開放","type":"string"},"photoUrl":{"value":"https://lookaside.facebook.com/platform/profilepic/?asid=10213143183868185&height=100&width=100&ext=1523030442&hash=AeR4q2dWQIfJcSLx","type":"string"},"name":{"value":"Choi Sing","type":"string"},"streetAddress":{"value":"香港藍田安田街18號","type":"string"},"text":{"value":"藍田平田商場郵箱","type":"string"}}