{"lastUpdate":{"value":"2018-05-17T16:52:29.565Z","type":"timestamp"},"status":{"value":"開放","type":"string"},"photoUrl":{"value":"https://firebasestorage.googleapis.com/v0/b/ourland-a0d62.appspot.com/o/photo%2FUserProfile%2F6QxibVFOSkaMbE95Aqz90KFaRM73%2Fprofile_7d1b9a72-b3bb-4511-8349-9e23ae819608.jpg?alt=media&token=e93fcc8d-91fe-47e9-9d9f-b7a2e08b3825","type":"string"},"name":{"value":"Vincent Lam","type":"string"},"viewCount":{"value":12,"type":"number"},"thumbnailPublicImageURL":{"value":"https://firebasestorage.googleapis.com/v0/b/ourland-a0d62.appspot.com/o/photo%2Fbea3edb2-8323-4dc6-bb43-be679984970f%2Fthumbnail.jpg?alt=media&token=f84e2804-6d56-4d43-b105-591eebb4a411","type":"string"},"imageUrl":{"value":"gs://ourland-a0d62.appspot.com/photo/bea3edb2-8323-4dc6-bb43-be679984970f/original.jpg","type":"string"},"geolocation":{"value":{"_latitude":22.317201,"_longitude":114.185904},"type":"geopoint"},"duration":{"value":"1:00","type":"string"},"fbuid":{"value":"2012612212101263","type":"string"},"key":{"value":"bea3edb2-8323-4dc6-bb43-be679984970f","type":"string"},"start":{"value":"2018-05-13T12:00:20.000Z","type":"timestamp"},"link":{"value":"","type":"string"},"concernRecord":{"value":[],"type":"array"},"streetAddress":{"value":"樂民新村","type":"string"},"text":{"value":"小小心意，送給各位母親","type":"string"},"tagfilter":{"value":{},"type":"object"},"createdAt":{"value":"2018-05-01T10:31:19.899Z","type":"timestamp"},"publicImageURL":{"value":"https://firebasestorage.googleapis.com/v0/b/ourland-a0d62.appspot.com/o/photo%2Fbea3edb2-8323-4dc6-bb43-be679984970f%2Foriginal.jpg?alt=media&token=02e8d99b-d861-462b-81f9-56f525dd683a","type":"string"},"interval":{"value":"一次","type":"string"},"thumbnailImageURL":{"value":"gs://ourland-a0d62.appspot.com/photo/bea3edb2-8323-4dc6-bb43-be679984970f/thumbnail.jpg","type":"string"},"uid":{"value":"6QxibVFOSkaMbE95Aqz90KFaRM73","type":"string"},"hide":{"value":false,"type":"boolean"},"tag":{"value":null,"type":"null"}}