{"interval":{"value":null,"type":"null"},"imageUrl":{"value":"gs://ourland-a0d62.appspot.com/photoDB/91832bf5-2b4d-44ef-a013-c96940bdf616/event.jpg","type":"string"},"uid":{"value":"ioIW4DiztVfItj7NtMiWFZI2EBF3","type":"string"},"geolocation":{"value":{"_latitude":22.3223495,"_longitude":114.1679249},"type":"geopoint"},"duration":{"value":"2:00","type":"string"},"fbuid":{"value":"10155908838820199","type":"string"},"key":{"value":"91832bf5-2b4d-44ef-a013-c96940bdf616","type":"string"},"hide":{"value":false,"type":"boolean"},"tag":{"value":null,"type":"null"},"start":{"value":"2018-03-25T11:30:00.000Z","type":"timestamp"},"link":{"value":"","type":"string"},"lastUpdate":{"value":"2018-05-23T11:13:55.706Z","type":"timestamp"},"concernRecord":{"value":[],"type":"array"},"status":{"value":"完結","type":"string"},"photoUrl":{"value":"https://scontent.xx.fbcdn.net/v/t1.0-1/p100x100/21462533_10155449870145199_152778259148008058_n.jpg?_nc_cat=0&oh=c15e9082e30d13bc227f4a54b6fcc73f&oe=5B3F8F6E","type":"string"},"name":{"value":"Orochi Ben Lam","type":"string"},"streetAddress":{"value":"基榮小學","type":"string"},"text":{"value":"🎥社區放映：《 311 - 復興與再生 》🎥","type":"string"},"viewCount":{"value":3,"type":"number"},"tagfilter":{"value":{},"type":"object"},"createdAt":{"value":"2018-03-21T02:33:51.810Z","type":"timestamp"},"publicImageURL":{"value":"https://firebasestorage.googleapis.com/v0/b/ourland-a0d62.appspot.com/o/photo%2F91832bf5-2b4d-44ef-a013-c96940bdf616%2Fevent.jpg?alt=media&token=3b6c0732-8eb5-44c3-b5ae-bdd9152476db","type":"string"}}