{"streetAddress":{"value":"hku dragon boat club training centre","type":"string"},"text":{"value":"處理鴨脷洲新海旁道非法棄置垃圾","type":"string"},"viewCount":{"value":1,"type":"number"},"tagfilter":{"value":{"社區匯報":{"value":1,"type":"number"},"清潔":{"value":1,"type":"number"}},"type":"object"},"createdAt":{"value":"2018-05-30T06:54:52.763Z","type":"timestamp"},"publicImageURL":{"value":"https://firebasestorage.googleapis.com/v0/b/ourland-a0d62.appspot.com/o/photo%2Fc1975274-09bc-4392-8439-34fa50facbee%2Foriginal.jpg?alt=media&token=0a743632-1799-4257-b581-b229f05ca9c1","type":"string"},"interval":{"value":null,"type":"null"},"thumbnailPublicImageURL":{"value":"https://firebasestorage.googleapis.com/v0/b/ourland-a0d62.appspot.com/o/photo%2Fc1975274-09bc-4392-8439-34fa50facbee%2Fthumbnail.jpg?alt=media&token=75d1af49-76f0-41e6-a1b3-d3dfcb15c395","type":"string"},"thumbnailImageURL":{"value":"gs://ourland-a0d62.appspot.com/photo/c1975274-09bc-4392-8439-34fa50facbee/thumbnail.jpg","type":"string"},"imageUrl":{"value":"gs://ourland-a0d62.appspot.com/photo/c1975274-09bc-4392-8439-34fa50facbee/original.jpg","type":"string"},"uid":{"value":"4ET30Mqak7eTDpCVJ3yDIrTU4sy1","type":"string"},"geolocation":{"value":{"_latitude":22.2453978,"_longitude":114.1590333},"type":"geopoint"},"duration":{"value":null,"type":"null"},"fbuid":{"value":"1726522827465168","type":"string"},"key":{"value":"c1975274-09bc-4392-8439-34fa50facbee","type":"string"},"hide":{"value":false,"type":"boolean"},"tag":{"value":null,"type":"null"},"start":{"value":"1970-01-01T00:00:00.000Z","type":"timestamp"},"link":{"value":"","type":"string"},"lastUpdate":{"value":"2018-05-30T10:23:57.210Z","type":"timestamp"},"status":{"value":"完結","type":"string"},"photoUrl":{"value":"https://scontent-hkg3-2.xx.fbcdn.net/v/t1.0-1/p148x148/24862601_295311714309440_1589039543195318263_n.jpg?_nc_cat=0&oh=cbf16e3926ef590a8da91e4ce0e0b99d&oe=5B6E8881","type":"string"},"name":{"value":"陳炳洋","type":"string"}}