{"createdAt":{"value":"2018-06-01T09:04:19.268Z","type":"timestamp"},"publicImageURL":{"value":"https://firebasestorage.googleapis.com/v0/b/ourland-a0d62.appspot.com/o/photo%2F8d80c430-4309-4c74-aa21-2e87356e3d11%2Foriginal.jpg?alt=media&token=f6a28196-6d0c-4ad1-a9e9-33f718f66827","type":"string"},"interval":{"value":null,"type":"null"},"thumbnailPublicImageURL":{"value":"https://firebasestorage.googleapis.com/v0/b/ourland-a0d62.appspot.com/o/photo%2F8d80c430-4309-4c74-aa21-2e87356e3d11%2Fthumbnail.jpg?alt=media&token=6f3c4a8d-f2f5-489c-b367-37cd09acfcfb","type":"string"},"thumbnailImageURL":{"value":"gs://ourland-a0d62.appspot.com/photo/8d80c430-4309-4c74-aa21-2e87356e3d11/thumbnail.jpg","type":"string"},"imageUrl":{"value":"gs://ourland-a0d62.appspot.com/photo/8d80c430-4309-4c74-aa21-2e87356e3d11/original.jpg","type":"string"},"uid":{"value":"4ET30Mqak7eTDpCVJ3yDIrTU4sy1","type":"string"},"geolocation":{"value":{"_latitude":22.243799,"_longitude":114.1588541},"type":"geopoint"},"duration":{"value":"1:30","type":"string"},"fbuid":{"value":"1726522827465168","type":"string"},"key":{"value":"8d80c430-4309-4c74-aa21-2e87356e3d11","type":"string"},"hide":{"value":false,"type":"boolean"},"tag":{"value":null,"type":"null"},"start":{"value":"2018-06-01T10:30:00.000Z","type":"timestamp"},"link":{"value":"https://goo.gl/forms/HclpSLXFK7YRIn303","type":"string"},"lastUpdate":{"value":"2018-06-03T07:07:10.573Z","type":"timestamp"},"status":{"value":"完結","type":"string"},"photoUrl":{"value":"https://scontent-hkg3-2.xx.fbcdn.net/v/t1.0-1/p148x148/24862601_295311714309440_1589039543195318263_n.jpg?_nc_cat=0&oh=cbf16e3926ef590a8da91e4ce0e0b99d&oe=5B6E8881","type":"string"},"name":{"value":"陳炳洋","type":"string"},"streetAddress":{"value":"鴨脷洲深灣軒","type":"string"},"text":{"value":"鴨脷洲新海旁道用地規劃問卷調查Day19—深灣軒站","type":"string"},"viewCount":{"value":2,"type":"number"},"tagfilter":{"value":{"社區調查":{"value":1,"type":"number"},"鴨脷洲新海旁道":{"value":1,"type":"number"},"社區規劃":{"value":1,"type":"number"}},"type":"object"}}