{"imageUrl":{"value":"gs://ourland-a0d62.appspot.com/photo/5799544d-eab2-4cb2-a02b-5053d6a513ee/original.jpg","type":"string"},"uid":{"value":"Q72z8i9yHyaLCCiAyR5BoGd0kQr1","type":"string"},"geolocation":{"value":{"_latitude":22.277763,"_longitude":114.161812},"type":"geopoint"},"duration":{"value":null,"type":"null"},"fbuid":{"value":"10154417054297811","type":"string"},"key":{"value":"5799544d-eab2-4cb2-a02b-5053d6a513ee","type":"string"},"hide":{"value":false,"type":"boolean"},"tag":{"value":null,"type":"null"},"start":{"value":"1970-01-01T00:00:00.000Z","type":"timestamp"},"link":{"value":"","type":"string"},"lastUpdate":{"value":"2018-03-23T14:48:54.336Z","type":"timestamp"},"status":{"value":"開放","type":"string"},"photoUrl":{"value":"https://scontent.xx.fbcdn.net/v/t1.0-1/p100x100/28870976_10155049780592811_4379565846649896960_n.jpg?_nc_cat=0&oh=c952552f31507af74f789ed6ba07ad43&oe=5B74327A","type":"string"},"name":{"value":"Pegasus Mak","type":"string"},"streetAddress":{"value":"香港公園","type":"string"},"text":{"value":"香港公園長滑梯","type":"string"},"viewCount":{"value":2,"type":"number"},"tagfilter":{"value":{"遊樂場":{"value":1,"type":"number"},"滑梯":{"value":1,"type":"number"}},"type":"object"},"createdAt":{"value":"2018-03-23T14:48:54.336Z","type":"timestamp"},"publicImageURL":{"value":"https://firebasestorage.googleapis.com/v0/b/ourland-a0d62.appspot.com/o/photo%2F5799544d-eab2-4cb2-a02b-5053d6a513ee%2Foriginal.jpg?alt=media&token=b9431cc6-64ae-4289-acf8-fab4f924f7be","type":"string"},"interval":{"value":null,"type":"null"},"thumbnailPublicImageURL":{"value":"https://firebasestorage.googleapis.com/v0/b/ourland-a0d62.appspot.com/o/photo%2F5799544d-eab2-4cb2-a02b-5053d6a513ee%2Fthumbnail.jpg?alt=media&token=34e7c40c-0581-4486-acf1-68309710d5fe","type":"string"},"thumbnailImageURL":{"value":"gs://ourland-a0d62.appspot.com/photo/5799544d-eab2-4cb2-a02b-5053d6a513ee/thumbnail.jpg","type":"string"}}