{"createdAt":{"value":"2018-06-13T16:00:39.539Z","type":"timestamp"},"publicImageURL":{"value":"https://firebasestorage.googleapis.com/v0/b/ourland-a0d62.appspot.com/o/photo%2F16d5751d-3090-444f-9242-09f6f215d243%2Foriginal.jpg?alt=media&token=13a7a142-848c-4c39-bdb2-72ac7ba983c0","type":"string"},"interval":{"value":null,"type":"null"},"thumbnailImageURL":{"value":"gs://ourland-a0d62.appspot.com/photo/16d5751d-3090-444f-9242-09f6f215d243/thumbnail.jpg","type":"string"},"uid":{"value":"mUQgwxkmPBfVA47d9lHzB482Nmp1","type":"string"},"hide":{"value":false,"type":"boolean"},"endDate":{"value":null,"type":"null"},"tag":{"value":null,"type":"null"},"everydayOpenning":{"value":{"close":{"value":"21:50","type":"string"},"open":{"value":"08:00","type":"string"},"enable":{"value":true,"type":"boolean"}},"type":"object"},"lastUpdate":{"value":"2018-06-13T16:01:59.510Z","type":"timestamp"},"status":{"value":"開放","type":"string"},"photoUrl":{"value":"https://firebasestorage.googleapis.com/v0/b/ourland-a0d62.appspot.com/o/photo%2FUserProfile%2FmUQgwxkmPBfVA47d9lHzB482Nmp1%2Fprofile_a6ae4b62-1d9e-437f-bdf9-3e6e68d30729.jpg?alt=media&token=a05ff2b7-b23c-44c7-8756-abff6e12bd37","type":"string"},"name":{"value":"我地。香港","type":"string"},"weekdaysOpennings":{"value":null,"type":"null"},"viewCount":{"value":0,"type":"number"},"startTime":{"value":null,"type":"null"},"thumbnailPublicImageURL":{"value":"https://firebasestorage.googleapis.com/v0/b/ourland-a0d62.appspot.com/o/photo%2F16d5751d-3090-444f-9242-09f6f215d243%2Fthumbnail.jpg?alt=media&token=6572bb46-8d56-432c-bc81-1a066a0dc956","type":"string"},"imageUrl":{"value":"gs://ourland-a0d62.appspot.com/photo/16d5751d-3090-444f-9242-09f6f215d243/original.jpg","type":"string"},"geolocation":{"value":{"_latitude":22.42599,"_longitude":114.229557},"type":"geopoint"},"duration":{"value":null,"type":"null"},"fbuid":{"value":"140969833258766","type":"string"},"key":{"value":"16d5751d-3090-444f-9242-09f6f215d243","type":"string"},"start":{"value":"2018-05-13T00:00:00.000Z","type":"timestamp"},"link":{"value":"http://www.lcsd.gov.hk/tc/facilities/facilitieslist/facilities.php?ftid=15&did=10&fcid=","type":"string"},"streetAddress":{"value":"馬鞍山體育館","type":"string"},"text":{"value":"馬鞍山兒童遊戲室","type":"string"},"tagfilter":{"value":{"公共設施":{"value":1,"type":"number"},"兒童遊戲室":{"value":1,"type":"number"},"兒童遊樂場":{"value":1,"type":"number"}},"type":"object"}}