{"interval":{"value":null,"type":"null"},"thumbnailPublicImageURL":{"value":"https://firebasestorage.googleapis.com/v0/b/ourland-a0d62.appspot.com/o/photo%2F39d74260-efc3-4f99-891c-f8572d8558d5%2Fthumbnail.jpg?alt=media&token=810ba155-dd34-4096-b29d-e65f4cd0640b","type":"string"},"thumbnailImageURL":{"value":"gs://ourland-a0d62.appspot.com/photo/39d74260-efc3-4f99-891c-f8572d8558d5/thumbnail.jpg","type":"string"},"imageUrl":{"value":"gs://ourland-a0d62.appspot.com/photo/39d74260-efc3-4f99-891c-f8572d8558d5/original.jpg","type":"string"},"uid":{"value":"R6FWaigWsDcV8uzXnjiFlOpSHRb2","type":"string"},"geolocation":{"value":{"_latitude":22.2877715,"_longitude":114.1506413},"type":"geopoint"},"duration":{"value":null,"type":"null"},"fbuid":{"value":"10213143183868185","type":"string"},"key":{"value":"39d74260-efc3-4f99-891c-f8572d8558d5","type":"string"},"hide":{"value":false,"type":"boolean"},"tag":{"value":null,"type":"null"},"start":{"value":"1970-01-01T00:00:00.000Z","type":"timestamp"},"link":{"value":"","type":"string"},"lastUpdate":{"value":"2018-05-23T10:48:31.048Z","type":"timestamp"},"status":{"value":"開放","type":"string"},"photoUrl":{"value":"https://lookaside.facebook.com/platform/profilepic/?asid=10213143183868185&height=100&width=100&ext=1523030442&hash=AeR4q2dWQIfJcSLx","type":"string"},"name":{"value":"Choi Sing","type":"string"},"streetAddress":{"value":"香港上環摩利臣街2號","type":"string"},"text":{"value":"上環地鐵站郵箱","type":"string"},"viewCount":{"value":3,"type":"number"},"tagfilter":{"value":{"郵箱":{"value":1,"type":"number"},"公共設施":{"value":1,"type":"number"}},"type":"object"},"createdAt":{"value":"2018-05-23T10:48:31.048Z","type":"timestamp"},"publicImageURL":{"value":"https://firebasestorage.googleapis.com/v0/b/ourland-a0d62.appspot.com/o/photo%2F39d74260-efc3-4f99-891c-f8572d8558d5%2Foriginal.jpg?alt=media&token=24ee8cba-c731-4791-8df3-0dc41b8b40be","type":"string"}}