{"lastUpdate":{"value":null,"type":"null"},"approvedStatus":{"value":{"name":{"value":"麥哲倫","type":"string"},"isConfirm":{"value":"接納","type":"string"},"createdAt":{"value":"2018-04-15T15:34:42.332Z","type":"timestamp"},"fbuid":{"value":"10154417054297811","type":"string"}},"type":"object"},"photoUrl":{"value":"https://firebasestorage.googleapis.com/v0/b/ourland-a0d62.appspot.com/o/photoTest%2FUserProfile%2FQ72z8i9yHyaLCCiAyR5BoGd0kQr1%2Fprofile_aa9abf48-f9d5-4152-be65-4874b5cc002b.jpg?alt=media&token=028d13bd-abb6-476d-9e69-cc5cce2d1843","type":"string"},"name":{"value":"麥哲倫","type":"string"},"streetAddress":{"value":"Langham Place","type":"string"},"uid":{"value":"Q72z8i9yHyaLCCiAyR5BoGd0kQr1","type":"string"},"geolocation":{"value":{"_latitude":22.3179137,"_longitude":114.1687442},"type":"geopoint"},"createdAt":{"value":"2018-04-15T15:23:59.850Z","type":"timestamp"},"hide":{"value":false,"type":"boolean"}}