{"thumbnailPublicImageURL":{"value":"https://firebasestorage.googleapis.com/v0/b/ourland-a0d62.appspot.com/o/photo%2F297e12c7-34a3-4a01-b4c6-f97625029b0b%2Fthumbnail.jpg?alt=media&token=a13d5233-5266-43aa-a6b0-d18c195b5931","type":"string"},"imageUrl":{"value":"gs://ourland-a0d62.appspot.com/photo/297e12c7-34a3-4a01-b4c6-f97625029b0b/original.jpg","type":"string"},"geolocation":{"value":{"_latitude":22.2436814,"_longitude":114.1553075},"type":"geopoint"},"duration":{"value":"1:00","type":"string"},"fbuid":{"value":"1726522827465168","type":"string"},"key":{"value":"297e12c7-34a3-4a01-b4c6-f97625029b0b","type":"string"},"start":{"value":"2018-05-08T02:00:00.000Z","type":"timestamp"},"link":{"value":"","type":"string"},"concernRecord":{"value":[],"type":"array"},"streetAddress":{"value":"鴨脷洲大街利東站A1出口","type":"string"},"text":{"value":"母親節派番梘花","type":"string"},"tagfilter":{"value":{"社區活動":{"value":1,"type":"number"},"母親節":{"value":1,"type":"number"}},"type":"object"},"createdAt":{"value":"2018-05-08T03:37:45.401Z","type":"timestamp"},"publicImageURL":{"value":"https://firebasestorage.googleapis.com/v0/b/ourland-a0d62.appspot.com/o/photo%2F297e12c7-34a3-4a01-b4c6-f97625029b0b%2Foriginal.jpg?alt=media&token=d4cc1944-6b24-423e-bfba-7560fe7c8beb","type":"string"},"interval":{"value":null,"type":"null"},"thumbnailImageURL":{"value":"gs://ourland-a0d62.appspot.com/photo/297e12c7-34a3-4a01-b4c6-f97625029b0b/thumbnail.jpg","type":"string"},"uid":{"value":"4ET30Mqak7eTDpCVJ3yDIrTU4sy1","type":"string"},"hide":{"value":false,"type":"boolean"},"tag":{"value":null,"type":"null"},"lastUpdate":{"value":"2018-05-17T16:52:20.130Z","type":"timestamp"},"status":{"value":"完結","type":"string"},"photoUrl":{"value":"https://scontent-hkg3-2.xx.fbcdn.net/v/t1.0-1/p148x148/24862601_295311714309440_1589039543195318263_n.jpg?_nc_cat=0&oh=cbf16e3926ef590a8da91e4ce0e0b99d&oe=5B6E8881","type":"string"},"name":{"value":"陳炳洋","type":"string"},"viewCount":{"value":8,"type":"number"}}