{"publicImageURL":{"value":"https://firebasestorage.googleapis.com/v0/b/ourland-a0d62.appspot.com/o/photo%2Fda08caab-e29b-479b-a722-9e68095b178b%2Foriginal.jpg?alt=media&token=9a55aceb-6342-4f2e-8b48-8d37dff282b2","type":"string"},"interval":{"value":null,"type":"null"},"thumbnailPublicImageURL":{"value":"https://firebasestorage.googleapis.com/v0/b/ourland-a0d62.appspot.com/o/photo%2Fda08caab-e29b-479b-a722-9e68095b178b%2Fthumbnail.jpg?alt=media&token=cae3c15c-f672-4f26-ad60-a24b19dc29ed","type":"string"},"thumbnailImageURL":{"value":"gs://ourland-a0d62.appspot.com/photo/da08caab-e29b-479b-a722-9e68095b178b/thumbnail.jpg","type":"string"},"imageUrl":{"value":"gs://ourland-a0d62.appspot.com/photo/da08caab-e29b-479b-a722-9e68095b178b/original.jpg","type":"string"},"uid":{"value":"R6FWaigWsDcV8uzXnjiFlOpSHRb2","type":"string"},"geolocation":{"value":{"_latitude":22.3085909,"_longitude":114.2350497},"type":"geopoint"},"duration":{"value":null,"type":"null"},"fbuid":{"value":"10213143183868185","type":"string"},"key":{"value":"da08caab-e29b-479b-a722-9e68095b178b","type":"string"},"hide":{"value":false,"type":"boolean"},"tag":{"value":null,"type":"null"},"start":{"value":"1970-01-01T00:00:00.000Z","type":"timestamp"},"link":{"value":"","type":"string"},"lastUpdate":{"value":"2018-04-28T09:48:12.979Z","type":"timestamp"},"status":{"value":"開放","type":"string"},"photoUrl":{"value":"https://lookaside.facebook.com/platform/profilepic/?asid=10213143183868185&height=100&width=100&ext=1523030442&hash=AeR4q2dWQIfJcSLx","type":"string"},"name":{"value":"Choi Sing","type":"string"},"streetAddress":{"value":"香港藍田啓田道50號","type":"string"},"text":{"value":"藍田郵政局","type":"string"},"tagfilter":{"value":{"郵局":{"value":1,"type":"number"}},"type":"object"},"createdAt":{"value":"2018-04-28T09:48:12.979Z","type":"timestamp"}}