{"thumbnailPublicImageURL":{"value":"https://firebasestorage.googleapis.com/v0/b/ourland-a0d62.appspot.com/o/photo%2F1ac37248-378a-4934-91fb-2b77b0c72aa2%2Fthumbnail.jpg?alt=media&token=fd867a01-8002-4f8f-adba-6636c7405ea2","type":"string"},"thumbnailImageURL":{"value":"gs://ourland-a0d62.appspot.com/photo/1ac37248-378a-4934-91fb-2b77b0c72aa2/thumbnail.jpg","type":"string"},"imageUrl":{"value":"gs://ourland-a0d62.appspot.com/photo/1ac37248-378a-4934-91fb-2b77b0c72aa2/original.jpg","type":"string"},"uid":{"value":"4ET30Mqak7eTDpCVJ3yDIrTU4sy1","type":"string"},"geolocation":{"value":{"_latitude":22.243941,"_longitude":114.153059},"type":"geopoint"},"duration":{"value":null,"type":"null"},"fbuid":{"value":"1726522827465168","type":"string"},"key":{"value":"1ac37248-378a-4934-91fb-2b77b0c72aa2","type":"string"},"hide":{"value":false,"type":"boolean"},"tag":{"value":null,"type":"null"},"start":{"value":"1970-01-01T00:00:00.000Z","type":"timestamp"},"link":{"value":"","type":"string"},"lastUpdate":{"value":"2018-05-29T11:11:43.934Z","type":"timestamp"},"status":{"value":"開放","type":"string"},"photoUrl":{"value":"https://scontent-hkg3-2.xx.fbcdn.net/v/t1.0-1/p148x148/24862601_295311714309440_1589039543195318263_n.jpg?_nc_cat=0&oh=cbf16e3926ef590a8da91e4ce0e0b99d&oe=5B6E8881","type":"string"},"name":{"value":"陳炳洋","type":"string"},"streetAddress":{"value":"鴨脷洲大街巴士總站","type":"string"},"text":{"value":"鴨脷洲大街往西邨鐵樓梯安裝預製組件","type":"string"},"viewCount":{"value":3,"type":"number"},"tagfilter":{"value":{"社區匯報":{"value":1,"type":"number"},"公共地方維修":{"value":1,"type":"number"}},"type":"object"},"createdAt":{"value":"2018-05-29T10:28:08.470Z","type":"timestamp"},"publicImageURL":{"value":"https://firebasestorage.googleapis.com/v0/b/ourland-a0d62.appspot.com/o/photo%2F1ac37248-378a-4934-91fb-2b77b0c72aa2%2Foriginal.jpg?alt=media&token=59e3aee4-7f00-4e55-83db-78f80f95e725","type":"string"},"interval":{"value":null,"type":"null"}}