{"createdAt":{"value":"2018-04-13T05:02:24.430Z","type":"timestamp"},"publicImageURL":{"value":"https://firebasestorage.googleapis.com/v0/b/ourland-a0d62.appspot.com/o/photo%2F2777b853-6095-46fb-ac1b-f657698dfaff%2Foriginal.jpg?alt=media&token=80be83fe-20b9-41f1-9669-c37aae3e96b1","type":"string"},"interval":{"value":"一次","type":"string"},"thumbnailPublicImageURL":{"value":"https://firebasestorage.googleapis.com/v0/b/ourland-a0d62.appspot.com/o/photo%2F2777b853-6095-46fb-ac1b-f657698dfaff%2Fthumbnail.jpg?alt=media&token=1cb9e6d4-68b2-4166-aadd-6ece30d67d9f","type":"string"},"thumbnailImageURL":{"value":"gs://ourland-a0d62.appspot.com/photo/2777b853-6095-46fb-ac1b-f657698dfaff/thumbnail.jpg","type":"string"},"imageUrl":{"value":"gs://ourland-a0d62.appspot.com/photo/2777b853-6095-46fb-ac1b-f657698dfaff/original.jpg","type":"string"},"uid":{"value":"4ET30Mqak7eTDpCVJ3yDIrTU4sy1","type":"string"},"geolocation":{"value":{"_latitude":22.244217,"_longitude":114.1543084},"type":"geopoint"},"duration":{"value":"1:30","type":"string"},"fbuid":{"value":"1726522827465168","type":"string"},"key":{"value":"2777b853-6095-46fb-ac1b-f657698dfaff","type":"string"},"hide":{"value":false,"type":"boolean"},"tag":{"value":null,"type":"null"},"start":{"value":"2018-04-13T10:30:00.000Z","type":"timestamp"},"link":{"value":"https://goo.gl/forms/HclpSLXFK7YRIn303","type":"string"},"lastUpdate":{"value":"2018-04-16T13:25:50.868Z","type":"timestamp"},"status":{"value":"完結","type":"string"},"photoUrl":{"value":"https://scontent-hkg3-2.xx.fbcdn.net/v/t1.0-1/p148x148/24862601_295311714309440_1589039543195318263_n.jpg?_nc_cat=0&oh=cbf16e3926ef590a8da91e4ce0e0b99d&oe=5B6E8881","type":"string"},"name":{"value":"陳炳洋","type":"string"},"streetAddress":{"value":"鴨脷洲悅海華庭","type":"string"},"text":{"value":"鴨脷洲新海旁道用地規劃問卷調查Day05—悅海華庭站","type":"string"},"tagfilter":{"value":{"鴨脷洲新海旁道":{"value":1,"type":"number"},"社區規劃":{"value":1,"type":"number"},"社區調查":{"value":1,"type":"number"}},"type":"object"}}