{"thumbnailPublicImageURL":{"value":"https://firebasestorage.googleapis.com/v0/b/ourland-a0d62.appspot.com/o/photo%2F1ec38132-8b10-4703-ae9d-bac8ef8d4740%2Fthumbnail.jpg?alt=media&token=161d1018-1ded-4acb-8db2-b56137c6ab67","type":"string"},"imageUrl":{"value":"gs://ourland-a0d62.appspot.com/photo/1ec38132-8b10-4703-ae9d-bac8ef8d4740/original.jpg","type":"string"},"geolocation":{"value":{"_latitude":22.2448554,"_longitude":114.1566912},"type":"geopoint"},"duration":{"value":null,"type":"null"},"fbuid":{"value":"1726522827465168","type":"string"},"key":{"value":"1ec38132-8b10-4703-ae9d-bac8ef8d4740","type":"string"},"start":{"value":"1970-01-01T00:00:00.000Z","type":"timestamp"},"link":{"value":"","type":"string"},"streetAddress":{"value":"鴨脷洲平瀾街2號","type":"string"},"text":{"value":"運輸署兌現承諾 在平瀾街增設7個電單車泊位","type":"string"},"tagfilter":{"value":{"電單車":{"value":1,"type":"number"},"交通":{"value":1,"type":"number"}},"type":"object"},"createdAt":{"value":"2018-06-15T11:07:06.989Z","type":"timestamp"},"publicImageURL":{"value":"https://firebasestorage.googleapis.com/v0/b/ourland-a0d62.appspot.com/o/photo%2F1ec38132-8b10-4703-ae9d-bac8ef8d4740%2Foriginal.jpg?alt=media&token=55b4a1c6-f937-4307-a507-810400d5245a","type":"string"},"happyCount":{"value":1,"type":"number"},"interval":{"value":null,"type":"null"},"sadCount":{"value":0,"type":"number"},"thumbnailImageURL":{"value":"gs://ourland-a0d62.appspot.com/photo/1ec38132-8b10-4703-ae9d-bac8ef8d4740/thumbnail.jpg","type":"string"},"uid":{"value":"4ET30Mqak7eTDpCVJ3yDIrTU4sy1","type":"string"},"hide":{"value":false,"type":"boolean"},"endDate":{"value":null,"type":"null"},"tag":{"value":null,"type":"null"},"lastUpdate":{"value":"2018-06-16T10:29:05.821Z","type":"timestamp"},"everydayOpenning":{"value":null,"type":"null"},"status":{"value":"完結","type":"string"},"photoUrl":{"value":"https://scontent-hkg3-2.xx.fbcdn.net/v/t1.0-1/p148x148/24862601_295311714309440_1589039543195318263_n.jpg?_nc_cat=0&oh=cbf16e3926ef590a8da91e4ce0e0b99d&oe=5B6E8881","type":"string"},"name":{"value":"陳炳洋","type":"string"},"weekdaysOpennings":{"value":null,"type":"null"},"viewCount":{"value":1,"type":"number"},"startTime":{"value":null,"type":"null"}}