{"publicImageURL":{"value":"https://firebasestorage.googleapis.com/v0/b/ourland-a0d62.appspot.com/o/photoTest%2Fc9fff2de-f268-4964-9d42-f90d8ed2e0d7%2Fevent.jpg?alt=media&token=cb7767d0-26b4-4fb7-83ad-ef47ec01d883","type":"string"},"interval":{"value":null,"type":"null"},"uid":{"value":"RmtuzaPXr3ZghY397CxS18mWfWX2","type":"string"},"imageUrl":{"value":"gs://ourland-a0d62.appspot.com/photoTest/c9fff2de-f268-4964-9d42-f90d8ed2e0d7/event.jpg","type":"string"},"geolocation":{"value":{"_latitude":22.3780666,"_longitude":114.1079394},"type":"geopoint"},"duration":{"value":null,"type":"null"},"fbuid":{"value":"10159449765660019","type":"string"},"key":{"value":"c9fff2de-f268-4964-9d42-f90d8ed2e0d7","type":"string"},"hide":{"value":false,"type":"boolean"},"tag":{"value":[{"value":"測試","type":"string"}],"type":"array"},"start":{"value":"1970-01-01T00:00:00.000Z","type":"timestamp"},"link":{"value":"","type":"string"},"lastUpdate":{"value":"2018-03-20T17:00:34.494Z","type":"timestamp"},"status":{"value":"開放","type":"string"},"photoUrl":{"value":"https://scontent.xx.fbcdn.net/v/t1.0-1/p100x100/24991197_10160062541885019_2799081530111197640_n.jpg?_nc_cat=0&oh=0dd77b3f296f074819f8c13b35465240&oe=5B2BCF48","type":"string"},"name":{"value":"Ho Wa Wong","type":"string"},"streetAddress":{"value":"荃灣中心","type":"string"},"text":{"value":"測試","type":"string"},"createdAt":{"value":"2018-03-20T17:00:29.933Z","type":"timestamp"}}