{"photoUrl":{"value":"https://scontent.xx.fbcdn.net/v/t1.0-1/c0.12.100.100/p100x100/10675786_10152297162787793_8590432386147829112_n.jpg?_nc_cat=0&oh=fd9fc979512897eff313437c8f9b72ef&oe=5B2F3F67","type":"string"},"name":{"value":"Chan Chak To","type":"string"},"streetAddress":{"value":"功樂道","type":"string"},"text":{"value":"漂書","type":"string"},"tagfilter":{"value":{},"type":"object"},"createdAt":{"value":"2018-04-14T07:09:33.752Z","type":"timestamp"},"publicImageURL":{"value":"https://firebasestorage.googleapis.com/v0/b/ourland-a0d62.appspot.com/o/photo%2Fe57eb556-e276-4459-abae-d3634cad6607%2Foriginal.jpg?alt=media&token=6f197257-1ce7-4b8b-afed-9c5abd124700","type":"string"},"interval":{"value":null,"type":"null"},"thumbnailPublicImageURL":{"value":"https://firebasestorage.googleapis.com/v0/b/ourland-a0d62.appspot.com/o/photo%2Fe57eb556-e276-4459-abae-d3634cad6607%2Fthumbnail.jpg?alt=media&token=f13b2e2e-a5fe-42b5-9b71-57363b9a0382","type":"string"},"thumbnailImageURL":{"value":"gs://ourland-a0d62.appspot.com/photo/e57eb556-e276-4459-abae-d3634cad6607/thumbnail.jpg","type":"string"},"imageUrl":{"value":"gs://ourland-a0d62.appspot.com/photo/e57eb556-e276-4459-abae-d3634cad6607/original.jpg","type":"string"},"uid":{"value":"ZFbYgtfhFpYOJXoVsmwKDLPcBHj2","type":"string"},"geolocation":{"value":{"_latitude":22.317567,"_longitude":114.219892},"type":"geopoint"},"duration":{"value":null,"type":"null"},"fbuid":{"value":"10155265785827793","type":"string"},"key":{"value":"e57eb556-e276-4459-abae-d3634cad6607","type":"string"},"hide":{"value":false,"type":"boolean"},"tag":{"value":null,"type":"null"},"start":{"value":"1970-01-01T00:00:00.000Z","type":"timestamp"},"link":{"value":"","type":"string"},"lastUpdate":{"value":"2018-04-15T18:13:29.237Z","type":"timestamp"},"status":{"value":"完結","type":"string"}}