{"thumbnailPublicImageURL":{"value":"https://firebasestorage.googleapis.com/v0/b/ourland-a0d62.appspot.com/o/photo%2F6c65b1db-1159-4608-9122-9e6dfe0f3f21%2Fthumbnail.jpg?alt=media&token=f770a0e4-d7fe-4b71-ba7e-f42c933bd2ba","type":"string"},"thumbnailImageURL":{"value":"gs://ourland-a0d62.appspot.com/photo/6c65b1db-1159-4608-9122-9e6dfe0f3f21/thumbnail.jpg","type":"string"},"imageUrl":{"value":"gs://ourland-a0d62.appspot.com/photo/6c65b1db-1159-4608-9122-9e6dfe0f3f21/original.jpg","type":"string"},"uid":{"value":"R6FWaigWsDcV8uzXnjiFlOpSHRb2","type":"string"},"geolocation":{"value":{"_latitude":22.3076015,"_longitude":114.2225307},"type":"geopoint"},"duration":{"value":null,"type":"null"},"fbuid":{"value":"10213143183868185","type":"string"},"key":{"value":"6c65b1db-1159-4608-9122-9e6dfe0f3f21","type":"string"},"hide":{"value":false,"type":"boolean"},"tag":{"value":null,"type":"null"},"start":{"value":"1970-01-01T00:00:00.000Z","type":"timestamp"},"link":{"value":"","type":"string"},"lastUpdate":{"value":"2018-05-06T08:15:37.409Z","type":"timestamp"},"status":{"value":"開放","type":"string"},"photoUrl":{"value":"https://lookaside.facebook.com/platform/profilepic/?asid=10213143183868185&height=100&width=100&ext=1523030442&hash=AeR4q2dWQIfJcSLx","type":"string"},"name":{"value":"Choi Sing","type":"string"},"streetAddress":{"value":"香港觀塘觀塘碼頭巴士總站23號","type":"string"},"text":{"value":"觀塘碼頭廣場寵物公園","type":"string"},"viewCount":{"value":0,"type":"number"},"tagfilter":{"value":{"寵物公園":{"value":1,"type":"number"}},"type":"object"},"createdAt":{"value":"2018-05-06T08:15:37.409Z","type":"timestamp"},"publicImageURL":{"value":"https://firebasestorage.googleapis.com/v0/b/ourland-a0d62.appspot.com/o/photo%2F6c65b1db-1159-4608-9122-9e6dfe0f3f21%2Foriginal.jpg?alt=media&token=36504567-a1eb-4679-8b80-d69baa071299","type":"string"},"interval":{"value":null,"type":"null"}}