{"publicImageURL":{"value":"https://firebasestorage.googleapis.com/v0/b/ourland-a0d62.appspot.com/o/photo%2F83c8a2ef-d1e0-4266-bdf4-1e3847c4b909%2Foriginal.jpg?alt=media&token=6f7da11d-b420-4fed-b252-3eaa749e9b6a","type":"string"},"interval":{"value":null,"type":"null"},"thumbnailPublicImageURL":{"value":"https://firebasestorage.googleapis.com/v0/b/ourland-a0d62.appspot.com/o/photo%2F83c8a2ef-d1e0-4266-bdf4-1e3847c4b909%2Fthumbnail.jpg?alt=media&token=760a2cba-4ba9-4c21-a429-b5572cd4eb40","type":"string"},"thumbnailImageURL":{"value":"gs://ourland-a0d62.appspot.com/photo/83c8a2ef-d1e0-4266-bdf4-1e3847c4b909/thumbnail.jpg","type":"string"},"imageUrl":{"value":"gs://ourland-a0d62.appspot.com/photo/83c8a2ef-d1e0-4266-bdf4-1e3847c4b909/original.jpg","type":"string"},"uid":{"value":"4ET30Mqak7eTDpCVJ3yDIrTU4sy1","type":"string"},"geolocation":{"value":{"_latitude":22.243561,"_longitude":114.153859},"type":"geopoint"},"duration":{"value":null,"type":"null"},"fbuid":{"value":"1726522827465168","type":"string"},"key":{"value":"83c8a2ef-d1e0-4266-bdf4-1e3847c4b909","type":"string"},"hide":{"value":false,"type":"boolean"},"tag":{"value":null,"type":"null"},"start":{"value":"1970-01-01T00:00:00.000Z","type":"timestamp"},"link":{"value":"","type":"string"},"lastUpdate":{"value":"2018-05-10T08:48:40.251Z","type":"timestamp"},"status":{"value":"開放","type":"string"},"photoUrl":{"value":"https://scontent-hkg3-2.xx.fbcdn.net/v/t1.0-1/p148x148/24862601_295311714309440_1589039543195318263_n.jpg?_nc_cat=0&oh=cbf16e3926ef590a8da91e4ce0e0b99d&oe=5B6E8881","type":"string"},"name":{"value":"陳炳洋","type":"string"},"streetAddress":{"value":"鴨脷洲大街150號地下8-9號舖","type":"string"},"text":{"value":"西醫林德華","type":"string"},"viewCount":{"value":1,"type":"number"},"tagfilter":{"value":{"假日診所":{"value":1,"type":"number"}},"type":"object"},"createdAt":{"value":"2018-05-10T08:48:40.251Z","type":"timestamp"}}