{"lastUpdate":{"value":"2018-04-11T04:50:04.022Z","type":"timestamp"},"status":{"value":"開放","type":"string"},"photoUrl":{"value":"https://scontent-hkg3-2.xx.fbcdn.net/v/t1.0-1/p148x148/24862601_295311714309440_1589039543195318263_n.jpg?_nc_cat=0&oh=cbf16e3926ef590a8da91e4ce0e0b99d&oe=5B6E8881","type":"string"},"name":{"value":"陳炳洋","type":"string"},"streetAddress":{"value":"鴨脷洲悅海街利發大廈","type":"string"},"text":{"value":"重鋪悅海街行人路凹陷路面","type":"string"},"tagfilter":{"value":{"社區匯報":{"value":1,"type":"number"},"公共地方維修":{"value":1,"type":"number"}},"type":"object"},"createdAt":{"value":"2018-04-11T04:50:04.022Z","type":"timestamp"},"publicImageURL":{"value":"https://firebasestorage.googleapis.com/v0/b/ourland-a0d62.appspot.com/o/photo%2F925d5cf8-c0b9-41b0-a6d3-b909700cf5a6%2Foriginal.jpg?alt=media&token=a992dc43-c6da-4a59-98a7-6ad1df70fab7","type":"string"},"interval":{"value":null,"type":"null"},"thumbnailPublicImageURL":{"value":"https://firebasestorage.googleapis.com/v0/b/ourland-a0d62.appspot.com/o/photo%2F925d5cf8-c0b9-41b0-a6d3-b909700cf5a6%2Fthumbnail.jpg?alt=media&token=ca4026ec-7d9b-494f-bfa6-333e30ebd0d2","type":"string"},"thumbnailImageURL":{"value":"gs://ourland-a0d62.appspot.com/photo/925d5cf8-c0b9-41b0-a6d3-b909700cf5a6/thumbnail.jpg","type":"string"},"imageUrl":{"value":"gs://ourland-a0d62.appspot.com/photo/925d5cf8-c0b9-41b0-a6d3-b909700cf5a6/original.jpg","type":"string"},"uid":{"value":"4ET30Mqak7eTDpCVJ3yDIrTU4sy1","type":"string"},"geolocation":{"value":{"_latitude":22.2440186,"_longitude":114.1550594},"type":"geopoint"},"duration":{"value":null,"type":"null"},"fbuid":{"value":"1726522827465168","type":"string"},"key":{"value":"925d5cf8-c0b9-41b0-a6d3-b909700cf5a6","type":"string"},"hide":{"value":false,"type":"boolean"},"tag":{"value":null,"type":"null"},"start":{"value":"1970-01-01T00:00:00.000Z","type":"timestamp"},"link":{"value":"https://www.facebook.com/chanpingyeung/photos/a.248768455630433.1073741827.246618229178789/344954572678487/?type=3&theater","type":"string"}}