{"thumbnailPublicImageURL":{"value":"https://firebasestorage.googleapis.com/v0/b/ourland-a0d62.appspot.com/o/photo%2F57d75b5a-010e-48fc-923d-711c3a4ee721%2Fthumbnail.jpg?alt=media&token=bee22b16-dd02-40a6-ba20-565f80be2800","type":"string"},"thumbnailImageURL":{"value":"gs://ourland-a0d62.appspot.com/photo/57d75b5a-010e-48fc-923d-711c3a4ee721/thumbnail.jpg","type":"string"},"imageUrl":{"value":"gs://ourland-a0d62.appspot.com/photo/57d75b5a-010e-48fc-923d-711c3a4ee721/original.jpg","type":"string"},"uid":{"value":"4ET30Mqak7eTDpCVJ3yDIrTU4sy1","type":"string"},"geolocation":{"value":{"_latitude":22.2445751,"_longitude":114.1568592},"type":"geopoint"},"duration":{"value":"1:30","type":"string"},"fbuid":{"value":"1726522827465168","type":"string"},"key":{"value":"57d75b5a-010e-48fc-923d-711c3a4ee721","type":"string"},"hide":{"value":false,"type":"boolean"},"tag":{"value":null,"type":"null"},"start":{"value":"2018-05-17T10:30:00.000Z","type":"timestamp"},"link":{"value":"https://goo.gl/forms/HclpSLXFK7YRIn303","type":"string"},"lastUpdate":{"value":"2018-05-25T01:50:26.063Z","type":"timestamp"},"status":{"value":"完結","type":"string"},"photoUrl":{"value":"https://scontent-hkg3-2.xx.fbcdn.net/v/t1.0-1/p148x148/24862601_295311714309440_1589039543195318263_n.jpg?_nc_cat=0&oh=cbf16e3926ef590a8da91e4ce0e0b99d&oe=5B6E8881","type":"string"},"name":{"value":"陳炳洋","type":"string"},"streetAddress":{"value":"鴨脷洲大街26號地下","type":"string"},"text":{"value":"鴨脷洲新海旁道用地規劃問卷調查Day17—忠昌茶餐廳站","type":"string"},"viewCount":{"value":2,"type":"number"},"tagfilter":{"value":{"鴨脷洲新海旁道":{"value":1,"type":"number"},"社匿調查":{"value":1,"type":"number"},"社區規劃":{"value":1,"type":"number"}},"type":"object"},"createdAt":{"value":"2018-05-23T09:38:17.541Z","type":"timestamp"},"publicImageURL":{"value":"https://firebasestorage.googleapis.com/v0/b/ourland-a0d62.appspot.com/o/photo%2F57d75b5a-010e-48fc-923d-711c3a4ee721%2Foriginal.jpg?alt=media&token=965607db-29aa-4f0a-85d3-ecad60efcae8","type":"string"},"interval":{"value":null,"type":"null"}}