{"interval":{"value":null,"type":"null"},"thumbnailPublicImageURL":{"value":"https://firebasestorage.googleapis.com/v0/b/ourland-a0d62.appspot.com/o/photoTest%2F19045c4e-785a-43c5-aab7-8cc4b06dc60a%2Fthumbnail.jpg?alt=media&token=d6820a24-c232-4d35-9be7-44ca4cb593c1","type":"string"},"thumbnailImageURL":{"value":"gs://ourland-a0d62.appspot.com/photoTest/19045c4e-785a-43c5-aab7-8cc4b06dc60a/thumbnail.jpg","type":"string"},"imageUrl":{"value":"gs://ourland-a0d62.appspot.com/photoTest/19045c4e-785a-43c5-aab7-8cc4b06dc60a/original.jpg","type":"string"},"uid":{"value":"Q72z8i9yHyaLCCiAyR5BoGd0kQr1","type":"string"},"geolocation":{"value":{"_latitude":22.3250982,"_longitude":114.1736492},"type":"geopoint"},"duration":{"value":null,"type":"null"},"fbuid":{"value":"10154417054297811","type":"string"},"key":{"value":"19045c4e-785a-43c5-aab7-8cc4b06dc60a","type":"string"},"hide":{"value":false,"type":"boolean"},"tag":{"value":[],"type":"array"},"start":{"value":"1970-01-01T00:00:00.000Z","type":"timestamp"},"link":{"value":"","type":"string"},"lastUpdate":{"value":"2018-04-11T16:08:26.012Z","type":"timestamp"},"concernRecord":{"value":[],"type":"array"},"status":{"value":"開放","type":"string"},"photoUrl":{"value":"https://scontent.xx.fbcdn.net/v/t1.0-1/p100x100/28870976_10155049780592811_4379565846649896960_n.jpg?oh=535b600133b91c13a59c4fb80824ade5&oe=5B4CA57A","type":"string"},"name":{"value":"Pegasus Mak","type":"string"},"streetAddress":{"value":"","type":"string"},"text":{"value":"Testing","type":"string"},"viewCount":{"value":1,"type":"number"},"createdAt":{"value":"2018-03-21T00:52:53.323Z","type":"timestamp"},"publicImageURL":{"value":"https://firebasestorage.googleapis.com/v0/b/ourland-a0d62.appspot.com/o/photoTest%2F19045c4e-785a-43c5-aab7-8cc4b06dc60a%2Foriginal.jpg?alt=media&token=eda3ab35-73de-4400-b94a-74f47eac461c","type":"string"}}