{"start":{"value":"1970-01-01T00:00:00.000Z","type":"timestamp"},"link":{"value":"","type":"string"},"lastUpdate":{"value":"2018-04-29T07:18:15.372Z","type":"timestamp"},"status":{"value":"開放","type":"string"},"photoUrl":{"value":"https://lookaside.facebook.com/platform/profilepic/?asid=10213143183868185&height=100&width=100&ext=1523030442&hash=AeR4q2dWQIfJcSLx","type":"string"},"name":{"value":"Choi Sing","type":"string"},"streetAddress":{"value":"香港橫頭磡聯合道198號樂富廣場 A區","type":"string"},"text":{"value":"樂富地鐵站郵箱","type":"string"},"viewCount":{"value":1,"type":"number"},"tagfilter":{"value":{"公共設施":{"value":1,"type":"number"},"郵箱":{"value":1,"type":"number"}},"type":"object"},"createdAt":{"value":"2018-04-29T07:16:56.673Z","type":"timestamp"},"publicImageURL":{"value":"https://firebasestorage.googleapis.com/v0/b/ourland-a0d62.appspot.com/o/photo%2F3584e1fc-329a-4811-95da-47bd9e56c14a%2Foriginal.jpg?alt=media&token=23fde5d6-79d4-4b48-b5de-f2757a8b67ab","type":"string"},"interval":{"value":null,"type":"null"},"thumbnailPublicImageURL":{"value":"https://firebasestorage.googleapis.com/v0/b/ourland-a0d62.appspot.com/o/photo%2F3584e1fc-329a-4811-95da-47bd9e56c14a%2Fthumbnail.jpg?alt=media&token=b0feb40b-30e6-40d4-98db-545b2627b1ad","type":"string"},"thumbnailImageURL":{"value":"gs://ourland-a0d62.appspot.com/photo/3584e1fc-329a-4811-95da-47bd9e56c14a/thumbnail.jpg","type":"string"},"imageUrl":{"value":"gs://ourland-a0d62.appspot.com/photo/3584e1fc-329a-4811-95da-47bd9e56c14a/original.jpg","type":"string"},"uid":{"value":"R6FWaigWsDcV8uzXnjiFlOpSHRb2","type":"string"},"geolocation":{"value":{"_latitude":22.3380682,"_longitude":114.1873852},"type":"geopoint"},"duration":{"value":null,"type":"null"},"fbuid":{"value":"10213143183868185","type":"string"},"key":{"value":"3584e1fc-329a-4811-95da-47bd9e56c14a","type":"string"},"hide":{"value":false,"type":"boolean"},"tag":{"value":null,"type":"null"}}