{"publicImageURL":{"value":"https://firebasestorage.googleapis.com/v0/b/ourland-a0d62.appspot.com/o/photo%2Fbb675d26-3297-4fb3-8f0d-123e3b3c2387%2Foriginal.jpg?alt=media&token=cbb59753-6156-4f30-a05e-a0d3ddf07102","type":"string"},"interval":{"value":null,"type":"null"},"thumbnailPublicImageURL":{"value":"https://firebasestorage.googleapis.com/v0/b/ourland-a0d62.appspot.com/o/photo%2Fbb675d26-3297-4fb3-8f0d-123e3b3c2387%2Fthumbnail.jpg?alt=media&token=ec2a2dba-57fa-4de9-bf93-b09f252913bf","type":"string"},"thumbnailImageURL":{"value":"gs://ourland-a0d62.appspot.com/photo/bb675d26-3297-4fb3-8f0d-123e3b3c2387/thumbnail.jpg","type":"string"},"imageUrl":{"value":"gs://ourland-a0d62.appspot.com/photo/bb675d26-3297-4fb3-8f0d-123e3b3c2387/original.jpg","type":"string"},"uid":{"value":"R6FWaigWsDcV8uzXnjiFlOpSHRb2","type":"string"},"geolocation":{"value":{"_latitude":22.3108193,"_longitude":114.2381842},"type":"geopoint"},"duration":{"value":null,"type":"null"},"fbuid":{"value":"10213143183868185","type":"string"},"key":{"value":"bb675d26-3297-4fb3-8f0d-123e3b3c2387","type":"string"},"hide":{"value":false,"type":"boolean"},"tag":{"value":null,"type":"null"},"start":{"value":"1970-01-01T00:00:00.000Z","type":"timestamp"},"link":{"value":"","type":"string"},"lastUpdate":{"value":"2018-05-12T09:04:18.928Z","type":"timestamp"},"status":{"value":"開放","type":"string"},"photoUrl":{"value":"https://lookaside.facebook.com/platform/profilepic/?asid=10213143183868185&height=100&width=100&ext=1523030442&hash=AeR4q2dWQIfJcSLx","type":"string"},"name":{"value":"Choi Sing","type":"string"},"streetAddress":{"value":"香港藍田碧雲道223號德田邨1座德敬樓","type":"string"},"text":{"value":"藍田德田啟源中醫診所","type":"string"},"viewCount":{"value":0,"type":"number"},"tagfilter":{"value":{"假日診所":{"value":1,"type":"number"},"骨科":{"value":1,"type":"number"},"內科":{"value":1,"type":"number"}},"type":"object"},"createdAt":{"value":"2018-05-12T09:04:18.928Z","type":"timestamp"}}