{"imageUrl":{"value":"gs://ourland-a0d62.appspot.com/photo/5e6436a4-f363-4d2a-a598-9c4127eb6f0a/original.jpg","type":"string"},"uid":{"value":"R6FWaigWsDcV8uzXnjiFlOpSHRb2","type":"string"},"geolocation":{"value":{"_latitude":22.30782,"_longitude":114.2227917},"type":"geopoint"},"duration":{"value":null,"type":"null"},"fbuid":{"value":"10213143183868185","type":"string"},"key":{"value":"5e6436a4-f363-4d2a-a598-9c4127eb6f0a","type":"string"},"hide":{"value":false,"type":"boolean"},"tag":{"value":null,"type":"null"},"start":{"value":"1970-01-01T00:00:00.000Z","type":"timestamp"},"link":{"value":"","type":"string"},"lastUpdate":{"value":"2018-05-06T08:23:49.126Z","type":"timestamp"},"status":{"value":"開放","type":"string"},"photoUrl":{"value":"https://lookaside.facebook.com/platform/profilepic/?asid=10213143183868185&height=100&width=100&ext=1523030442&hash=AeR4q2dWQIfJcSLx","type":"string"},"name":{"value":"Choi Sing","type":"string"},"streetAddress":{"value":"香港觀塘偉業街225號","type":"string"},"text":{"value":"觀塘偉業街郵箱","type":"string"},"viewCount":{"value":0,"type":"number"},"tagfilter":{"value":{},"type":"object"},"createdAt":{"value":"2018-05-06T08:23:49.126Z","type":"timestamp"},"publicImageURL":{"value":"https://firebasestorage.googleapis.com/v0/b/ourland-a0d62.appspot.com/o/photo%2F5e6436a4-f363-4d2a-a598-9c4127eb6f0a%2Foriginal.jpg?alt=media&token=26b6c40a-761b-4833-9f3b-c5455b3cd61a","type":"string"},"interval":{"value":null,"type":"null"},"thumbnailPublicImageURL":{"value":"https://firebasestorage.googleapis.com/v0/b/ourland-a0d62.appspot.com/o/photo%2F5e6436a4-f363-4d2a-a598-9c4127eb6f0a%2Fthumbnail.jpg?alt=media&token=5cbc7d98-b2fb-48ff-9c06-6a3777f29b3e","type":"string"},"thumbnailImageURL":{"value":"gs://ourland-a0d62.appspot.com/photo/5e6436a4-f363-4d2a-a598-9c4127eb6f0a/thumbnail.jpg","type":"string"}}