{"createdAt":{"value":"2018-03-31T16:54:54.655Z","type":"timestamp"},"publicImageURL":{"value":"https://firebasestorage.googleapis.com/v0/b/ourland-a0d62.appspot.com/o/photo%2F5c0229e7-f71a-4a25-bb2c-af21636f28eb%2Foriginal.jpg?alt=media&token=03ad7fb9-cb82-4aba-a236-f36967600010","type":"string"},"interval":{"value":null,"type":"null"},"thumbnailPublicImageURL":{"value":"https://firebasestorage.googleapis.com/v0/b/ourland-a0d62.appspot.com/o/photo%2F5c0229e7-f71a-4a25-bb2c-af21636f28eb%2Fthumbnail.jpg?alt=media&token=8b6365b1-0094-4355-9743-4ebe69992473","type":"string"},"thumbnailImageURL":{"value":"gs://ourland-a0d62.appspot.com/photo/5c0229e7-f71a-4a25-bb2c-af21636f28eb/thumbnail.jpg","type":"string"},"imageUrl":{"value":"gs://ourland-a0d62.appspot.com/photo/5c0229e7-f71a-4a25-bb2c-af21636f28eb/original.jpg","type":"string"},"uid":{"value":"RmtuzaPXr3ZghY397CxS18mWfWX2","type":"string"},"geolocation":{"value":{"_latitude":22.3699122,"_longitude":114.1144306},"type":"geopoint"},"duration":{"value":null,"type":"null"},"fbuid":{"value":"10159449765660019","type":"string"},"key":{"value":"5c0229e7-f71a-4a25-bb2c-af21636f28eb","type":"string"},"hide":{"value":false,"type":"boolean"},"tag":{"value":null,"type":"null"},"start":{"value":"1970-01-01T00:00:00.000Z","type":"timestamp"},"link":{"value":"http://www.d18hk.com/%E6%B0%91%E7%94%9F/%E8%A1%97%E5%9D%8A%E4%BE%86%E7%A8%BF-%E9%80%9F%E7%9C%8B%EF%BC%81%E5%A5%97%E8%B7%AF%E4%B8%8D%E8%AE%8A%EF%BC%8C%E4%B8%8D%E8%89%AF%E5%95%86%E5%AE%B6%E8%AE%8A%E7%A8%AE%E6%94%BB%E5%85%A5%E8%8D%83_6911/","type":"string"},"lastUpdate":{"value":"2018-03-31T16:54:54.655Z","type":"timestamp"},"status":{"value":"開放","type":"string"},"photoUrl":{"value":"https://lookaside.facebook.com/platform/profilepic/?asid=10159449765660019&height=100&width=100&ext=1522773210&hash=AeR7__TagiupVL0Q","type":"string"},"name":{"value":"Ho Wa Wong","type":"string"},"streetAddress":{"value":"荃灣","type":"string"},"text":{"value":"不良商家變種攻入荃灣","type":"string"},"tagfilter":{"value":{"荃灣":{"value":1,"type":"number"},"不良商家":{"value":1,"type":"number"}},"type":"object"}}