{"start":{"value":"1970-01-01T00:00:00.000Z","type":"timestamp"},"link":{"value":"","type":"string"},"lastUpdate":{"value":"2018-05-12T09:05:54.923Z","type":"timestamp"},"status":{"value":"開放","type":"string"},"photoUrl":{"value":"https://lookaside.facebook.com/platform/profilepic/?asid=10213143183868185&height=100&width=100&ext=1523030442&hash=AeR4q2dWQIfJcSLx","type":"string"},"name":{"value":"Choi Sing","type":"string"},"streetAddress":{"value":"香港藍田碧雲道223號德田邨1座德敬樓","type":"string"},"text":{"value":"藍田德田西醫陳道璟","type":"string"},"viewCount":{"value":0,"type":"number"},"tagfilter":{"value":{"假日診所":{"value":1,"type":"number"}},"type":"object"},"createdAt":{"value":"2018-05-12T09:05:54.923Z","type":"timestamp"},"publicImageURL":{"value":"https://firebasestorage.googleapis.com/v0/b/ourland-a0d62.appspot.com/o/photo%2Fc151e1bb-3866-4f6d-92d7-d1777a3209b9%2Foriginal.jpg?alt=media&token=61c7540d-3f14-4355-b0a7-18b96813f6d1","type":"string"},"interval":{"value":null,"type":"null"},"thumbnailPublicImageURL":{"value":"https://firebasestorage.googleapis.com/v0/b/ourland-a0d62.appspot.com/o/photo%2Fc151e1bb-3866-4f6d-92d7-d1777a3209b9%2Fthumbnail.jpg?alt=media&token=80a75377-6773-4382-bbe7-3e6c8455d12b","type":"string"},"thumbnailImageURL":{"value":"gs://ourland-a0d62.appspot.com/photo/c151e1bb-3866-4f6d-92d7-d1777a3209b9/thumbnail.jpg","type":"string"},"imageUrl":{"value":"gs://ourland-a0d62.appspot.com/photo/c151e1bb-3866-4f6d-92d7-d1777a3209b9/original.jpg","type":"string"},"uid":{"value":"R6FWaigWsDcV8uzXnjiFlOpSHRb2","type":"string"},"geolocation":{"value":{"_latitude":22.3109235,"_longitude":114.2380276},"type":"geopoint"},"duration":{"value":null,"type":"null"},"fbuid":{"value":"10213143183868185","type":"string"},"key":{"value":"c151e1bb-3866-4f6d-92d7-d1777a3209b9","type":"string"},"hide":{"value":false,"type":"boolean"},"tag":{"value":null,"type":"null"}}