{"publicImageURL":{"value":"https://firebasestorage.googleapis.com/v0/b/ourland-a0d62.appspot.com/o/photo%2F82d9d751-7838-4061-89ef-1cfb8d61b76a%2Foriginal.jpg?alt=media&token=11a6328b-66a1-4329-9e2a-acdf21fc2c64","type":"string"},"interval":{"value":null,"type":"null"},"thumbnailPublicImageURL":{"value":"https://firebasestorage.googleapis.com/v0/b/ourland-a0d62.appspot.com/o/photo%2F82d9d751-7838-4061-89ef-1cfb8d61b76a%2Fthumbnail.jpg?alt=media&token=682cb0c7-14c9-41e6-95d6-83833575e1f4","type":"string"},"thumbnailImageURL":{"value":"gs://ourland-a0d62.appspot.com/photo/82d9d751-7838-4061-89ef-1cfb8d61b76a/thumbnail.jpg","type":"string"},"imageUrl":{"value":"gs://ourland-a0d62.appspot.com/photo/82d9d751-7838-4061-89ef-1cfb8d61b76a/original.jpg","type":"string"},"uid":{"value":"I7seclgelBhBHo6ZEEC6obrCVsn1","type":"string"},"geolocation":{"value":{"_latitude":22.44809099033939,"_longitude":114.0045667414484},"type":"geopoint"},"duration":{"value":null,"type":"null"},"fbuid":{"value":"10156267851746912","type":"string"},"key":{"value":"82d9d751-7838-4061-89ef-1cfb8d61b76a","type":"string"},"hide":{"value":false,"type":"boolean"},"tag":{"value":null,"type":"null"},"start":{"value":"1970-01-01T00:00:00.000Z","type":"timestamp"},"link":{"value":"","type":"string"},"lastUpdate":{"value":"2018-04-14T07:18:40.017Z","type":"timestamp"},"status":{"value":"開放","type":"string"},"photoUrl":{"value":"https://firebasestorage.googleapis.com/v0/b/ourland-a0d62.appspot.com/o/photo%2FUserProfile%2FI7seclgelBhBHo6ZEEC6obrCVsn1%2Fprofile_313cc130-8d6e-4fc5-a991-74b15c7e3513.jpg?alt=media&token=95111cb8-1763-42b4-999c-b5d1cb34ccaf","type":"string"},"name":{"value":"朱子洛 Leo Chu","type":"string"},"streetAddress":{"value":"天水圍鐵路站大堂C出口","type":"string"},"text":{"value":"郵箱","type":"string"},"viewCount":{"value":3,"type":"number"},"tagfilter":{"value":{},"type":"object"},"createdAt":{"value":"2018-04-14T07:18:40.017Z","type":"timestamp"}}