{"createdAt":{"value":"2018-03-31T16:39:31.403Z","type":"timestamp"},"publicImageURL":{"value":"https://firebasestorage.googleapis.com/v0/b/ourland-a0d62.appspot.com/o/photo%2F7ea463ba-22c4-4ce8-b4a0-63c24dd6b156%2Foriginal.jpg?alt=media&token=98e67352-5e96-43a9-837f-2678da144d77","type":"string"},"interval":{"value":null,"type":"null"},"thumbnailPublicImageURL":{"value":"https://firebasestorage.googleapis.com/v0/b/ourland-a0d62.appspot.com/o/photo%2F7ea463ba-22c4-4ce8-b4a0-63c24dd6b156%2Fthumbnail.jpg?alt=media&token=681b2579-5ae7-415c-bff3-382369deb584","type":"string"},"thumbnailImageURL":{"value":"gs://ourland-a0d62.appspot.com/photo/7ea463ba-22c4-4ce8-b4a0-63c24dd6b156/thumbnail.jpg","type":"string"},"imageUrl":{"value":"gs://ourland-a0d62.appspot.com/photo/7ea463ba-22c4-4ce8-b4a0-63c24dd6b156/original.jpg","type":"string"},"uid":{"value":"RmtuzaPXr3ZghY397CxS18mWfWX2","type":"string"},"geolocation":{"value":{"_latitude":22.3764012,"_longitude":114.111548},"type":"geopoint"},"duration":{"value":null,"type":"null"},"fbuid":{"value":"10159449765660019","type":"string"},"key":{"value":"7ea463ba-22c4-4ce8-b4a0-63c24dd6b156","type":"string"},"hide":{"value":false,"type":"boolean"},"tag":{"value":null,"type":"null"},"start":{"value":"1970-01-01T00:00:00.000Z","type":"timestamp"},"link":{"value":"https://www.facebook.com/dparkhk/videos/1738557056173371/","type":"string"},"lastUpdate":{"value":"2018-04-15T18:10:05.861Z","type":"timestamp"},"status":{"value":"完結","type":"string"},"photoUrl":{"value":"https://lookaside.facebook.com/platform/profilepic/?asid=10159449765660019&height=100&width=100&ext=1522773210&hash=AeR7__TagiupVL0Q","type":"string"},"name":{"value":"Ho Wa Wong","type":"string"},"streetAddress":{"value":"愉景新城","type":"string"},"text":{"value":"愉景新城書展","type":"string"},"viewCount":{"value":1,"type":"number"},"tagfilter":{"value":{"書展":{"value":1,"type":"number"},"愉景新城":{"value":1,"type":"number"},"荃灣":{"value":1,"type":"number"},"減價":{"value":1,"type":"number"}},"type":"object"}}