{"publicImageURL":{"value":"https://firebasestorage.googleapis.com/v0/b/ourland-a0d62.appspot.com/o/photo%2Fc0abca75-761b-4fc8-a3c7-b0df454bbf29%2Foriginal.jpg?alt=media&token=ebefdfc3-8208-4d09-b236-ccf65c7f43e5","type":"string"},"interval":{"value":null,"type":"null"},"thumbnailPublicImageURL":{"value":"https://firebasestorage.googleapis.com/v0/b/ourland-a0d62.appspot.com/o/photo%2Fc0abca75-761b-4fc8-a3c7-b0df454bbf29%2Fthumbnail.jpg?alt=media&token=6e17d284-2f56-4477-a217-068b580f3fc4","type":"string"},"thumbnailImageURL":{"value":"gs://ourland-a0d62.appspot.com/photo/c0abca75-761b-4fc8-a3c7-b0df454bbf29/thumbnail.jpg","type":"string"},"imageUrl":{"value":"gs://ourland-a0d62.appspot.com/photo/c0abca75-761b-4fc8-a3c7-b0df454bbf29/original.jpg","type":"string"},"uid":{"value":"R6FWaigWsDcV8uzXnjiFlOpSHRb2","type":"string"},"geolocation":{"value":{"_latitude":22.277288,"_longitude":114.1836598},"type":"geopoint"},"duration":{"value":null,"type":"null"},"fbuid":{"value":"10213143183868185","type":"string"},"key":{"value":"c0abca75-761b-4fc8-a3c7-b0df454bbf29","type":"string"},"hide":{"value":false,"type":"boolean"},"tag":{"value":null,"type":"null"},"start":{"value":"1970-01-01T00:00:00.000Z","type":"timestamp"},"link":{"value":"","type":"string"},"lastUpdate":{"value":"2018-04-26T10:49:29.530Z","type":"timestamp"},"status":{"value":"開放","type":"string"},"photoUrl":{"value":"https://lookaside.facebook.com/platform/profilepic/?asid=10213143183868185&height=100&width=100&ext=1523030442&hash=AeR4q2dWQIfJcSLx","type":"string"},"name":{"value":"Choi Sing","type":"string"},"streetAddress":{"value":"香港禮頓山禮頓里8號","type":"string"},"text":{"value":"禮頓道郵箱","type":"string"},"tagfilter":{"value":{"郵箱":{"value":1,"type":"number"},"公共設施":{"value":1,"type":"number"}},"type":"object"},"createdAt":{"value":"2018-04-26T10:49:29.530Z","type":"timestamp"}}