{"interval":{"value":null,"type":"null"},"thumbnailPublicImageURL":{"value":"https://firebasestorage.googleapis.com/v0/b/ourland-a0d62.appspot.com/o/photo%2F70b34fb4-a7ff-4ad8-bf63-18b0a35be5fb%2Fthumbnail.jpg?alt=media&token=46f05c16-ffa9-4f43-a41e-148a8a541e3c","type":"string"},"thumbnailImageURL":{"value":"gs://ourland-a0d62.appspot.com/photo/70b34fb4-a7ff-4ad8-bf63-18b0a35be5fb/thumbnail.jpg","type":"string"},"imageUrl":{"value":"gs://ourland-a0d62.appspot.com/photo/70b34fb4-a7ff-4ad8-bf63-18b0a35be5fb/original.jpg","type":"string"},"uid":{"value":"4ET30Mqak7eTDpCVJ3yDIrTU4sy1","type":"string"},"geolocation":{"value":{"_latitude":22.243637,"_longitude":114.1551291},"type":"geopoint"},"duration":{"value":"1:30","type":"string"},"fbuid":{"value":"1726522827465168","type":"string"},"key":{"value":"70b34fb4-a7ff-4ad8-bf63-18b0a35be5fb","type":"string"},"hide":{"value":false,"type":"boolean"},"tag":{"value":null,"type":"null"},"start":{"value":"2018-04-20T10:30:00.000Z","type":"timestamp"},"link":{"value":"https://goo.gl/forms/HclpSLXFK7YRIn303","type":"string"},"lastUpdate":{"value":"2018-04-23T15:41:05.717Z","type":"timestamp"},"status":{"value":"完結","type":"string"},"photoUrl":{"value":"https://scontent-hkg3-2.xx.fbcdn.net/v/t1.0-1/p148x148/24862601_295311714309440_1589039543195318263_n.jpg?_nc_cat=0&oh=cbf16e3926ef590a8da91e4ce0e0b99d&oe=5B6E8881","type":"string"},"name":{"value":"陳炳洋","type":"string"},"streetAddress":{"value":"鴨脷洲大街仁正大廈","type":"string"},"text":{"value":"鴨脷洲新海旁道用地規劃問卷調查Day10—仁正大廈站","type":"string"},"tagfilter":{"value":{"社區調查":{"value":1,"type":"number"},"鴨脷洲新海旁道":{"value":1,"type":"number"},"社區規劃":{"value":1,"type":"number"}},"type":"object"},"createdAt":{"value":"2018-04-23T03:52:14.120Z","type":"timestamp"},"publicImageURL":{"value":"https://firebasestorage.googleapis.com/v0/b/ourland-a0d62.appspot.com/o/photo%2F70b34fb4-a7ff-4ad8-bf63-18b0a35be5fb%2Foriginal.jpg?alt=media&token=6d8bc10b-a02c-41de-8748-a9e7dd9c4da6","type":"string"}}