{"lastUpdate":{"value":null,"type":"null"},"photoUrl":{"value":"https://firebasestorage.googleapis.com/v0/b/ourland-a0d62.appspot.com/o/photoTest%2FUserProfile%2FQ72z8i9yHyaLCCiAyR5BoGd0kQr1%2Fprofile_aa9abf48-f9d5-4152-be65-4874b5cc002b.jpg?alt=media&token=028d13bd-abb6-476d-9e69-cc5cce2d1843","type":"string"},"name":{"value":"麥哲倫","type":"string"},"uid":{"value":"Q72z8i9yHyaLCCiAyR5BoGd0kQr1","type":"string"},"tags":{"value":[{"value":"Testing","type":"string"},{"value":"ABC","type":"string"}],"type":"array"},"createdAt":{"value":"2018-04-15T14:25:29.951Z","type":"timestamp"},"fbuid":{"value":"10154417054297811","type":"string"},"hide":{"value":false,"type":"boolean"}}