{"streetAddress":{"value":"鴨脷洲利枝道145號","type":"string"},"text":{"value":"鴨脷洲新海旁道用地規劃問卷調查Day02—利枝道站","type":"string"},"viewCount":{"value":5,"type":"number"},"tagfilter":{"value":{"社區規劃":{"value":1,"type":"number"},"社區調查":{"value":1,"type":"number"},"鴨脷洲新海旁道":{"value":1,"type":"number"}},"type":"object"},"createdAt":{"value":"2018-04-10T09:44:15.046Z","type":"timestamp"},"publicImageURL":{"value":"https://firebasestorage.googleapis.com/v0/b/ourland-a0d62.appspot.com/o/photo%2F13707fd0-1f63-4300-8bab-27017e724815%2Foriginal.jpg?alt=media&token=bb98a3f6-f6b4-4e97-bce6-9ee6c4845789","type":"string"},"interval":{"value":null,"type":"null"},"thumbnailPublicImageURL":{"value":"https://firebasestorage.googleapis.com/v0/b/ourland-a0d62.appspot.com/o/photo%2F13707fd0-1f63-4300-8bab-27017e724815%2Fthumbnail.jpg?alt=media&token=7b877eea-a048-4944-8343-1f561a67be92","type":"string"},"thumbnailImageURL":{"value":"gs://ourland-a0d62.appspot.com/photo/13707fd0-1f63-4300-8bab-27017e724815/thumbnail.jpg","type":"string"},"imageUrl":{"value":"gs://ourland-a0d62.appspot.com/photo/13707fd0-1f63-4300-8bab-27017e724815/original.jpg","type":"string"},"uid":{"value":"4ET30Mqak7eTDpCVJ3yDIrTU4sy1","type":"string"},"geolocation":{"value":{"_latitude":22.2436059,"_longitude":114.1526907},"type":"geopoint"},"duration":{"value":"1:30","type":"string"},"fbuid":{"value":"1726522827465168","type":"string"},"key":{"value":"13707fd0-1f63-4300-8bab-27017e724815","type":"string"},"hide":{"value":false,"type":"boolean"},"tag":{"value":null,"type":"null"},"start":{"value":"2018-04-10T10:30:00.000Z","type":"timestamp"},"link":{"value":"https://goo.gl/forms/HclpSLXFK7YRIn303","type":"string"},"lastUpdate":{"value":"2018-04-15T16:12:13.833Z","type":"timestamp"},"status":{"value":"完結","type":"string"},"photoUrl":{"value":"https://scontent-hkg3-2.xx.fbcdn.net/v/t1.0-1/p148x148/24862601_295311714309440_1589039543195318263_n.jpg?_nc_cat=0&oh=cbf16e3926ef590a8da91e4ce0e0b99d&oe=5B6E8881","type":"string"},"name":{"value":"陳炳洋","type":"string"}}