{"name":{"value":"陳炳洋","type":"string"},"text":{"value":"有48個泊位可供使用","type":"string"},"uid":{"value":"4ET30Mqak7eTDpCVJ3yDIrTU4sy1","type":"string"},"createdAt":{"value":"2018-04-16T06:34:09.250Z","type":"timestamp"},"hide":{"value":false,"type":"boolean"},"lastUpdate":{"value":null,"type":"null"},"photoUrl":{"value":"https://scontent-hkg3-2.xx.fbcdn.net/v/t1.0-1/p148x148/24862601_295311714309440_1589039543195318263_n.jpg?_nc_cat=0&oh=cbf16e3926ef590a8da91e4ce0e0b99d&oe=5B6E8881","type":"string"}}