{"publicImageURL":{"value":"https://firebasestorage.googleapis.com/v0/b/ourland-a0d62.appspot.com/o/photo%2F5f99f1d7-2b78-4eaf-ba02-226634219712%2Foriginal.jpg?alt=media&token=992ce738-30f6-4830-b38c-bbf7df3b49c0","type":"string"},"interval":{"value":null,"type":"null"},"thumbnailPublicImageURL":{"value":"https://firebasestorage.googleapis.com/v0/b/ourland-a0d62.appspot.com/o/photo%2F5f99f1d7-2b78-4eaf-ba02-226634219712%2Fthumbnail.jpg?alt=media&token=75a49771-5059-4868-9104-b424fbe8d6ea","type":"string"},"thumbnailImageURL":{"value":"gs://ourland-a0d62.appspot.com/photo/5f99f1d7-2b78-4eaf-ba02-226634219712/thumbnail.jpg","type":"string"},"imageUrl":{"value":"gs://ourland-a0d62.appspot.com/photo/5f99f1d7-2b78-4eaf-ba02-226634219712/original.jpg","type":"string"},"uid":{"value":"4ET30Mqak7eTDpCVJ3yDIrTU4sy1","type":"string"},"geolocation":{"value":{"_latitude":22.244947,"_longitude":114.15552},"type":"geopoint"},"duration":{"value":null,"type":"null"},"fbuid":{"value":"1726522827465168","type":"string"},"key":{"value":"5f99f1d7-2b78-4eaf-ba02-226634219712","type":"string"},"hide":{"value":false,"type":"boolean"},"tag":{"value":null,"type":"null"},"start":{"value":"1970-01-01T00:00:00.000Z","type":"timestamp"},"link":{"value":"","type":"string"},"lastUpdate":{"value":"2018-04-23T10:55:40.070Z","type":"timestamp"},"status":{"value":"開放","type":"string"},"photoUrl":{"value":"https://scontent-hkg3-2.xx.fbcdn.net/v/t1.0-1/p148x148/24862601_295311714309440_1589039543195318263_n.jpg?_nc_cat=0&oh=cbf16e3926ef590a8da91e4ce0e0b99d&oe=5B6E8881","type":"string"},"name":{"value":"陳炳洋","type":"string"},"streetAddress":{"value":"鴨脷洲海濱長廊寵物公園","type":"string"},"text":{"value":"鴨脷洲海濱長廊寵物公園","type":"string"},"viewCount":{"value":1,"type":"number"},"tagfilter":{"value":{"公共設施":{"value":1,"type":"number"},"寵物":{"value":1,"type":"number"}},"type":"object"},"createdAt":{"value":"2018-04-23T10:55:40.070Z","type":"timestamp"}}