{"viewCount":{"value":2,"type":"number"},"tagfilter":{"value":{"社區匯報":{"value":1,"type":"number"},"公共地方維修":{"value":1,"type":"number"}},"type":"object"},"createdAt":{"value":"2018-05-04T08:28:29.475Z","type":"timestamp"},"publicImageURL":{"value":"https://firebasestorage.googleapis.com/v0/b/ourland-a0d62.appspot.com/o/photo%2F54c58f99-5819-467e-8264-51fb9b48e9d5%2Foriginal.jpg?alt=media&token=6595e569-dcdb-48b7-b0a7-4b60deb07e2e","type":"string"},"interval":{"value":null,"type":"null"},"thumbnailPublicImageURL":{"value":"https://firebasestorage.googleapis.com/v0/b/ourland-a0d62.appspot.com/o/photo%2F54c58f99-5819-467e-8264-51fb9b48e9d5%2Fthumbnail.jpg?alt=media&token=ecd71f87-15c5-47f7-9264-688991f5b6f7","type":"string"},"thumbnailImageURL":{"value":"gs://ourland-a0d62.appspot.com/photo/54c58f99-5819-467e-8264-51fb9b48e9d5/thumbnail.jpg","type":"string"},"imageUrl":{"value":"gs://ourland-a0d62.appspot.com/photo/54c58f99-5819-467e-8264-51fb9b48e9d5/original.jpg","type":"string"},"uid":{"value":"4ET30Mqak7eTDpCVJ3yDIrTU4sy1","type":"string"},"geolocation":{"value":{"_latitude":22.2445248,"_longitude":114.1560696},"type":"geopoint"},"duration":{"value":null,"type":"null"},"fbuid":{"value":"1726522827465168","type":"string"},"key":{"value":"54c58f99-5819-467e-8264-51fb9b48e9d5","type":"string"},"hide":{"value":false,"type":"boolean"},"tag":{"value":null,"type":"null"},"start":{"value":"1970-01-01T00:00:00.000Z","type":"timestamp"},"link":{"value":"","type":"string"},"lastUpdate":{"value":"2018-05-05T03:26:36.451Z","type":"timestamp"},"status":{"value":"完結","type":"string"},"photoUrl":{"value":"https://scontent-hkg3-2.xx.fbcdn.net/v/t1.0-1/p148x148/24862601_295311714309440_1589039543195318263_n.jpg?_nc_cat=0&oh=cbf16e3926ef590a8da91e4ce0e0b99d&oe=5B6E8881","type":"string"},"name":{"value":"陳炳洋","type":"string"},"streetAddress":{"value":"鴨脷洲洪聖街9-11號","type":"string"},"text":{"value":"維修損壞路燈 (編號：50671)","type":"string"}}