{"duration":{"value":null,"type":"null"},"fbuid":{"value":"10159449765660019","type":"string"},"key":{"value":"88e9a927-da07-4c14-8b79-5ccaada2a908","type":"string"},"hide":{"value":false,"type":"boolean"},"tag":{"value":[],"type":"array"},"start":{"value":"1970-01-01T00:00:00.000Z","type":"timestamp"},"link":{"value":"","type":"string"},"lastUpdate":{"value":null,"type":"null"},"status":{"value":"開放","type":"string"},"photoUrl":{"value":"https://scontent.xx.fbcdn.net/v/t1.0-1/p100x100/28471365_10160457101375019_7383667940023974646_n.jpg?oh=d962355593c2cb16dcbbf22445c5df52&oe=5B005757","type":"string"},"name":{"value":"Ho Wa Wong","type":"string"},"streetAddress":{"value":null,"type":"null"},"text":{"value":"aaaa","type":"string"},"createdAt":{"value":"2018-03-07T14:35:46.383Z","type":"timestamp"},"interval":{"value":null,"type":"null"},"uid":{"value":"RmtuzaPXr3ZghY397CxS18mWfWX2","type":"string"},"geolocation":{"value":{"_latitude":22.3788059,"_longitude":114.10736109999999},"type":"geopoint"}}