{"viewCount":{"value":1,"type":"number"},"tagfilter":{"value":{"社區關注":{"value":1,"type":"number"},"環保":{"value":1,"type":"number"}},"type":"object"},"createdAt":{"value":"2018-04-08T01:42:26.038Z","type":"timestamp"},"publicImageURL":{"value":"https://firebasestorage.googleapis.com/v0/b/ourland-a0d62.appspot.com/o/photo%2Fa86c9b41-9a77-40ac-a541-7102b42ffb01%2Foriginal.jpg?alt=media&token=1ae862f1-297a-42f3-b91a-5806707b89ec","type":"string"},"interval":{"value":null,"type":"null"},"thumbnailPublicImageURL":{"value":"https://firebasestorage.googleapis.com/v0/b/ourland-a0d62.appspot.com/o/photo%2Fa86c9b41-9a77-40ac-a541-7102b42ffb01%2Fthumbnail.jpg?alt=media&token=7d77c4b2-a3c5-418c-afc8-3cb2288b6066","type":"string"},"thumbnailImageURL":{"value":"gs://ourland-a0d62.appspot.com/photo/a86c9b41-9a77-40ac-a541-7102b42ffb01/thumbnail.jpg","type":"string"},"imageUrl":{"value":"gs://ourland-a0d62.appspot.com/photo/a86c9b41-9a77-40ac-a541-7102b42ffb01/original.jpg","type":"string"},"uid":{"value":"lqqxvhx5nFQBss7rM7Puw91uZfc2","type":"string"},"geolocation":{"value":{"_latitude":22.4231448,"_longitude":114.2063565},"type":"geopoint"},"duration":{"value":null,"type":"null"},"fbuid":{"value":"10155610587553160","type":"string"},"key":{"value":"a86c9b41-9a77-40ac-a541-7102b42ffb01","type":"string"},"hide":{"value":false,"type":"boolean"},"tag":{"value":null,"type":"null"},"start":{"value":"1970-01-01T00:00:00.000Z","type":"timestamp"},"link":{"value":"https://www.facebook.com/againstMLSReclamation/","type":"string"},"lastUpdate":{"value":"2018-04-15T18:04:22.564Z","type":"timestamp"},"status":{"value":"開放","type":"string"},"photoUrl":{"value":"https://scontent.xx.fbcdn.net/v/t1.0-1/c1.0.100.100/p100x100/21462221_10155090721163160_820811670143121116_n.jpg?_nc_cat=0&oh=f6eabc4455bb1d664b8fb1fac2049ba4&oe=5B729301","type":"string"},"name":{"value":"Luke JD","type":"string"},"streetAddress":{"value":"馬料水","type":"string"},"text":{"value":"反對馬料水填海","type":"string"}}