{"interval":{"value":null,"type":"null"},"thumbnailPublicImageURL":{"value":null,"type":"null"},"thumbnailImageURL":{"value":null,"type":"null"},"imageUrl":{"value":null,"type":"null"},"uid":{"value":"Q72z8i9yHyaLCCiAyR5BoGd0kQr1","type":"string"},"geolocation":{"value":{"_latitude":22.2829989,"_longitude":114.1370848},"type":"geopoint"},"duration":{"value":null,"type":"null"},"fbuid":{"value":"10154417054297811","type":"string"},"key":{"value":"f4847898-7d89-432e-9a6f-60f4a38cc090","type":"string"},"hide":{"value":true,"type":"boolean"},"tag":{"value":[],"type":"array"},"start":{"value":"1970-01-01T00:00:00.000Z","type":"timestamp"},"link":{"value":"","type":"string"},"lastUpdate":{"value":"2018-04-15T15:54:23.745Z","type":"timestamp"},"status":{"value":"開放","type":"string"},"photoUrl":{"value":"https://lookaside.facebook.com/platform/profilepic/?asid=10154417054297811&height=100&width=100&ext=1522859988&hash=AeQF4eoHbKLM8LDj","type":"string"},"name":{"value":"Pegasus Mak","type":"string"},"streetAddress":{"value":"HKU","type":"string"},"text":{"value":"Add for publish messge","type":"string"},"createdAt":{"value":"2018-04-03T11:30:37.460Z","type":"timestamp"},"publicImageURL":{"value":null,"type":"null"}}