{"tagfilter":{"value":{"社區匯報":{"value":1,"type":"number"},"公共地方維修":{"value":1,"type":"number"}},"type":"object"},"createdAt":{"value":"2018-04-13T06:59:49.130Z","type":"timestamp"},"publicImageURL":{"value":"https://firebasestorage.googleapis.com/v0/b/ourland-a0d62.appspot.com/o/photo%2F09b34ef2-55dc-46ba-8b7f-40f931c7dc3d%2Foriginal.jpg?alt=media&token=7075f464-4f1a-468a-8bc8-73ff5a5c703f","type":"string"},"interval":{"value":null,"type":"null"},"thumbnailPublicImageURL":{"value":"https://firebasestorage.googleapis.com/v0/b/ourland-a0d62.appspot.com/o/photo%2F09b34ef2-55dc-46ba-8b7f-40f931c7dc3d%2Fthumbnail.jpg?alt=media&token=6afe92c8-bb82-4435-bac2-b7c488bd8bab","type":"string"},"thumbnailImageURL":{"value":"gs://ourland-a0d62.appspot.com/photo/09b34ef2-55dc-46ba-8b7f-40f931c7dc3d/thumbnail.jpg","type":"string"},"imageUrl":{"value":"gs://ourland-a0d62.appspot.com/photo/09b34ef2-55dc-46ba-8b7f-40f931c7dc3d/original.jpg","type":"string"},"uid":{"value":"4ET30Mqak7eTDpCVJ3yDIrTU4sy1","type":"string"},"geolocation":{"value":{"_latitude":22.2435479,"_longitude":114.1525049},"type":"geopoint"},"duration":{"value":null,"type":"null"},"fbuid":{"value":"1726522827465168","type":"string"},"key":{"value":"09b34ef2-55dc-46ba-8b7f-40f931c7dc3d","type":"string"},"hide":{"value":false,"type":"boolean"},"tag":{"value":null,"type":"null"},"start":{"value":"1970-01-01T00:00:00.000Z","type":"timestamp"},"link":{"value":"https://www.facebook.com/chanpingyeung/photos/a.248768455630433.1073741827.246618229178789/347816879058923","type":"string"},"lastUpdate":{"value":"2018-04-15T16:13:06.941Z","type":"timestamp"},"status":{"value":"完結","type":"string"},"photoUrl":{"value":"https://scontent-hkg3-2.xx.fbcdn.net/v/t1.0-1/p148x148/24862601_295311714309440_1589039543195318263_n.jpg?_nc_cat=0&oh=cbf16e3926ef590a8da91e4ce0e0b99d&oe=5B6E8881","type":"string"},"name":{"value":"陳炳洋","type":"string"},"streetAddress":{"value":"鴨脷洲大街百良大廈","type":"string"},"text":{"value":"更換損壞電燈柱 (編號：31928)","type":"string"}}