{"lastUpdate":{"value":"2018-05-23T11:14:15.227Z","type":"timestamp"},"status":{"value":"完結","type":"string"},"photoUrl":{"value":"https://scontent.xx.fbcdn.net/v/t1.0-1/p100x100/21462533_10155449870145199_152778259148008058_n.jpg?oh=c15e9082e30d13bc227f4a54b6fcc73f&oe=5B3F8F6E","type":"string"},"name":{"value":"Orochi Ben Lam","type":"string"},"viewCount":{"value":10,"type":"number"},"imageUrl":{"value":"gs://ourland-a0d62.appspot.com/ioIW4DiztVfItj7NtMiWFZI2EBF3/7805e9a4-c70d-4d22-bcc6-9477b13fd861/event.jpg","type":"string"},"geolocation":{"value":{"_latitude":22.3250785,"_longitude":114.1683631},"type":"geopoint"},"duration":{"value":"1:30","type":"string"},"fbuid":{"value":"10155908838820199","type":"string"},"key":{"value":"7805e9a4-c70d-4d22-bcc6-9477b13fd861","type":"string"},"start":{"value":"2017-03-08T23:30:00.000Z","type":"timestamp"},"link":{"value":"","type":"string"},"concernRecord":{"value":[],"type":"array"},"streetAddress":{"value":"太子港鐵站B2出口","type":"string"},"text":{"value":"油尖旺社區報《油紙》派發點","type":"string"},"tagfilter":{"value":{"社區前進":{"value":1,"type":"number"},"社區報":{"value":1,"type":"number"},"油紙":{"value":1,"type":"number"}},"type":"object"},"createdAt":{"value":"2018-03-05T06:23:02.975Z","type":"timestamp"},"publicImageURL":{"value":"https://firebasestorage.googleapis.com/v0/b/ourland-a0d62.appspot.com/o/ioIW4DiztVfItj7NtMiWFZI2EBF3%2F7805e9a4-c70d-4d22-bcc6-9477b13fd861%2Fevent.jpg?alt=media&token=ef20e4a8-1a93-4daa-abce-70d9a463451d","type":"string"},"happyCount":{"value":1,"type":"number"},"interval":{"value":null,"type":"null"},"sadCount":{"value":0,"type":"number"},"uid":{"value":"ioIW4DiztVfItj7NtMiWFZI2EBF3","type":"string"},"hide":{"value":false,"type":"boolean"},"tag":{"value":null,"type":"null"}}