{"interval":{"value":null,"type":"null"},"uid":{"value":"Q72z8i9yHyaLCCiAyR5BoGd0kQr1","type":"string"},"geolocation":{"value":{"_latitude":22.2758835,"_longitude":114.145532},"type":"geopoint"},"duration":{"value":null,"type":"null"},"fbuid":{"value":"10154417054297811","type":"string"},"key":{"value":"3244e158-57e1-4e50-9605-e28d412b3a67","type":"string"},"hide":{"value":false,"type":"boolean"},"tag":{"value":[{"value":"講座","type":"string"},{"value":"立案法團","type":"string"}],"type":"array"},"start":{"value":null,"type":"null"},"link":{"value":"","type":"string"},"concernRecord":{"value":[],"type":"array"},"lastUpdate":{"value":"2018-03-14T14:35:48.701Z","type":"timestamp"},"status":{"value":"開放","type":"string"},"photoUrl":{"value":"https://scontent.xx.fbcdn.net/v/t1.0-1/p100x100/23844583_10154815391937811_5568609168488345314_n.jpg?oh=72b855f3bef81b030987a8cdedb406d7&oe=5B1F5235","type":"string"},"name":{"value":"Pegasus Mak","type":"string"},"text":{"value":"立案法團講座","type":"string"},"createdAt":{"value":1518092306080,"type":"number"}}