{"streetAddress":{"value":"鴨脷洲風之塔公園","type":"string"},"text":{"value":"鴨脷洲風之塔公園","type":"string"},"tagfilter":{"value":{"休憩設施":{"value":1,"type":"number"},"鴨脷洲大街":{"value":1,"type":"number"},"公園":{"value":1,"type":"number"}},"type":"object"},"createdAt":{"value":"2018-04-16T06:45:08.569Z","type":"timestamp"},"publicImageURL":{"value":"https://firebasestorage.googleapis.com/v0/b/ourland-a0d62.appspot.com/o/photo%2F4dd5254b-f806-4f8d-8ee6-8685b69e75b4%2Foriginal.jpg?alt=media&token=cf7f5830-2a9c-4634-b10b-6212847e527a","type":"string"},"interval":{"value":null,"type":"null"},"thumbnailPublicImageURL":{"value":"https://firebasestorage.googleapis.com/v0/b/ourland-a0d62.appspot.com/o/photo%2F4dd5254b-f806-4f8d-8ee6-8685b69e75b4%2Fthumbnail.jpg?alt=media&token=f9dff245-99dc-4128-99fb-558f65bd1659","type":"string"},"thumbnailImageURL":{"value":"gs://ourland-a0d62.appspot.com/photo/4dd5254b-f806-4f8d-8ee6-8685b69e75b4/thumbnail.jpg","type":"string"},"imageUrl":{"value":"gs://ourland-a0d62.appspot.com/photo/4dd5254b-f806-4f8d-8ee6-8685b69e75b4/original.jpg","type":"string"},"uid":{"value":"4ET30Mqak7eTDpCVJ3yDIrTU4sy1","type":"string"},"geolocation":{"value":{"_latitude":22.244715,"_longitude":114.153217},"type":"geopoint"},"duration":{"value":null,"type":"null"},"fbuid":{"value":"1726522827465168","type":"string"},"key":{"value":"4dd5254b-f806-4f8d-8ee6-8685b69e75b4","type":"string"},"hide":{"value":false,"type":"boolean"},"tag":{"value":null,"type":"null"},"start":{"value":"1970-01-01T00:00:00.000Z","type":"timestamp"},"link":{"value":"","type":"string"},"lastUpdate":{"value":"2018-04-16T06:45:08.569Z","type":"timestamp"},"status":{"value":"開放","type":"string"},"photoUrl":{"value":"https://scontent-hkg3-2.xx.fbcdn.net/v/t1.0-1/p148x148/24862601_295311714309440_1589039543195318263_n.jpg?_nc_cat=0&oh=cbf16e3926ef590a8da91e4ce0e0b99d&oe=5B6E8881","type":"string"},"name":{"value":"陳炳洋","type":"string"}}