{"duration":{"value":"五天","type":"string"},"fbuid":{"value":"1726522827465168","type":"string"},"key":{"value":"5d87a260-d50e-4831-a3e1-435dee1b931c","type":"string"},"hide":{"value":false,"type":"boolean"},"tag":{"value":null,"type":"null"},"start":{"value":"2018-06-22T00:00:00.000Z","type":"timestamp"},"link":{"value":"https://goo.gl/uDahWF","type":"string"},"lastUpdate":{"value":"2018-04-11T04:11:15.635Z","type":"timestamp"},"status":{"value":"開放","type":"string"},"photoUrl":{"value":"https://scontent-hkg3-2.xx.fbcdn.net/v/t1.0-1/p148x148/24862601_295311714309440_1589039543195318263_n.jpg?_nc_cat=0&oh=cbf16e3926ef590a8da91e4ce0e0b99d&oe=5B6E8881","type":"string"},"name":{"value":"陳炳洋","type":"string"},"streetAddress":{"value":"鴨脷洲邨利福樓低座地下5號","type":"string"},"text":{"value":"日本九州5天團","type":"string"},"viewCount":{"value":2,"type":"number"},"tagfilter":{"value":{"帶住洋洋去旅行":{"value":1,"type":"number"}},"type":"object"},"createdAt":{"value":"2018-04-11T04:11:15.635Z","type":"timestamp"},"publicImageURL":{"value":"https://firebasestorage.googleapis.com/v0/b/ourland-a0d62.appspot.com/o/photo%2F5d87a260-d50e-4831-a3e1-435dee1b931c%2Foriginal.jpg?alt=media&token=2f46ec2f-e0df-4d07-a95d-7545bf2854ba","type":"string"},"interval":{"value":null,"type":"null"},"thumbnailPublicImageURL":{"value":"https://firebasestorage.googleapis.com/v0/b/ourland-a0d62.appspot.com/o/photo%2F5d87a260-d50e-4831-a3e1-435dee1b931c%2Fthumbnail.jpg?alt=media&token=a9e29c5c-9e15-4e1d-bceb-e90fb17679a8","type":"string"},"thumbnailImageURL":{"value":"gs://ourland-a0d62.appspot.com/photo/5d87a260-d50e-4831-a3e1-435dee1b931c/thumbnail.jpg","type":"string"},"imageUrl":{"value":"gs://ourland-a0d62.appspot.com/photo/5d87a260-d50e-4831-a3e1-435dee1b931c/original.jpg","type":"string"},"uid":{"value":"4ET30Mqak7eTDpCVJ3yDIrTU4sy1","type":"string"},"geolocation":{"value":{"_latitude":22.2441865,"_longitude":114.1512974},"type":"geopoint"}}