{"thumbnailPublicImageURL":{"value":"https://firebasestorage.googleapis.com/v0/b/ourland-a0d62.appspot.com/o/photo%2F38484bca-586d-43ba-a51f-24f08fbd351c%2Fthumbnail.jpg?alt=media&token=4ef6ebf0-3a33-4fca-99fb-d3d7d9c90bdb","type":"string"},"thumbnailImageURL":{"value":"gs://ourland-a0d62.appspot.com/photo/38484bca-586d-43ba-a51f-24f08fbd351c/thumbnail.jpg","type":"string"},"imageUrl":{"value":"gs://ourland-a0d62.appspot.com/photo/38484bca-586d-43ba-a51f-24f08fbd351c/original.jpg","type":"string"},"uid":{"value":"R6FWaigWsDcV8uzXnjiFlOpSHRb2","type":"string"},"geolocation":{"value":{"_latitude":22.3322336,"_longitude":114.2071045},"type":"geopoint"},"duration":{"value":null,"type":"null"},"fbuid":{"value":"10213143183868185","type":"string"},"key":{"value":"38484bca-586d-43ba-a51f-24f08fbd351c","type":"string"},"hide":{"value":false,"type":"boolean"},"tag":{"value":null,"type":"null"},"start":{"value":"1970-01-01T00:00:00.000Z","type":"timestamp"},"link":{"value":"","type":"string"},"lastUpdate":{"value":"2018-04-29T06:49:42.126Z","type":"timestamp"},"status":{"value":"開放","type":"string"},"photoUrl":{"value":"https://lookaside.facebook.com/platform/profilepic/?asid=10213143183868185&height=100&width=100&ext=1523030442&hash=AeR4q2dWQIfJcSLx","type":"string"},"name":{"value":"Choi Sing","type":"string"},"streetAddress":{"value":"香港九龍灣觀塘道 7, 觀塘繞道 2","type":"string"},"text":{"value":"有機農墟@都市綠洲","type":"string"},"tagfilter":{"value":{},"type":"object"},"createdAt":{"value":"2018-04-29T06:49:42.126Z","type":"timestamp"},"publicImageURL":{"value":"https://firebasestorage.googleapis.com/v0/b/ourland-a0d62.appspot.com/o/photo%2F38484bca-586d-43ba-a51f-24f08fbd351c%2Foriginal.jpg?alt=media&token=f7c0ed61-5008-479c-86a9-723155dd4ea0","type":"string"},"interval":{"value":null,"type":"null"}}