{"publicImageURL":{"value":null,"type":"null"},"interval":{"value":null,"type":"null"},"thumbnailPublicImageURL":{"value":null,"type":"null"},"thumbnailImageURL":{"value":null,"type":"null"},"imageUrl":{"value":null,"type":"null"},"uid":{"value":"Q72z8i9yHyaLCCiAyR5BoGd0kQr1","type":"string"},"geolocation":{"value":{"_latitude":22.3184316,"_longitude":114.1683399},"type":"geopoint"},"duration":{"value":null,"type":"null"},"fbuid":{"value":"10154417054297811","type":"string"},"key":{"value":"8d64dd4d-2ae2-4a20-9e15-0f3f10821121","type":"string"},"hide":{"value":false,"type":"boolean"},"tag":{"value":[],"type":"array"},"start":{"value":"1970-01-01T00:00:00.000Z","type":"timestamp"},"link":{"value":"Fake link","type":"string"},"lastUpdate":{"value":"2018-04-04T17:20:39.745Z","type":"timestamp"},"concernRecord":{"value":[{"value":"Q72z8i9yHyaLCCiAyR5BoGd0kQr1","type":"string"}],"type":"array"},"status":{"value":"開放","type":"string"},"photoUrl":{"value":"https://lookaside.facebook.com/platform/profilepic/?asid=10154417054297811&height=100&width=100&ext=1522859988&hash=AeQF4eoHbKLM8LDj","type":"string"},"name":{"value":"Pegasus Mak","type":"string"},"streetAddress":{"value":null,"type":"null"},"text":{"value":"Test with fake link","type":"string"},"createdAt":{"value":"2018-04-03T11:15:23.484Z","type":"timestamp"}}