{"photoUrl":{"value":"https://scontent.xx.fbcdn.net/v/t1.0-1/p100x100/23844583_10154815391937811_5568609168488345314_n.jpg?oh=e19d8b2a255262614e32331fe3090067&oe=5B46DF35","type":"string"},"name":{"value":"Pegasus Mak","type":"string"},"streetAddress":{"value":null,"type":"null"},"text":{"value":"朗豪坊試again ","type":"string"},"createdAt":{"value":"2018-03-13T11:22:20.468Z","type":"timestamp"},"publicImageURL":{"value":"https://firebasestorage.googleapis.com/v0/b/ourland-a0d62.appspot.com/o/Q72z8i9yHyaLCCiAyR5BoGd0kQr1%2F974f02c3-79e5-4354-ba4c-d7a76ef68b13%2Fevent.jpg?alt=media&token=c1549cd1-c203-478b-afbb-524ff9aff5cc","type":"string"},"interval":{"value":null,"type":"null"},"uid":{"value":"Q72z8i9yHyaLCCiAyR5BoGd0kQr1","type":"string"},"imageUrl":{"value":"gs://ourland-a0d62.appspot.com/Q72z8i9yHyaLCCiAyR5BoGd0kQr1/974f02c3-79e5-4354-ba4c-d7a76ef68b13/event.jpg","type":"string"},"geolocation":{"value":{"_latitude":22.318673,"_longitude":114.1684547},"type":"geopoint"},"duration":{"value":null,"type":"null"},"fbuid":{"value":"10154417054297811","type":"string"},"key":{"value":"974f02c3-79e5-4354-ba4c-d7a76ef68b13","type":"string"},"hide":{"value":false,"type":"boolean"},"tag":{"value":[{"value":"Testing","type":"string"}],"type":"array"},"start":{"value":"1970-01-01T00:00:00.000Z","type":"timestamp"},"link":{"value":"","type":"string"},"lastUpdate":{"value":"2018-03-13T11:22:25.372Z","type":"timestamp"},"status":{"value":"開放","type":"string"}}