{"start":{"value":"2018-04-18T10:30:00.000Z","type":"timestamp"},"link":{"value":"https://goo.gl/forms/HclpSLXFK7YRIn303","type":"string"},"lastUpdate":{"value":"2018-04-19T08:18:46.933Z","type":"timestamp"},"status":{"value":"完結","type":"string"},"photoUrl":{"value":"https://scontent-hkg3-2.xx.fbcdn.net/v/t1.0-1/p148x148/24862601_295311714309440_1589039543195318263_n.jpg?_nc_cat=0&oh=cbf16e3926ef590a8da91e4ce0e0b99d&oe=5B6E8881","type":"string"},"name":{"value":"陳炳洋","type":"string"},"streetAddress":{"value":"鴨脷洲大街117號","type":"string"},"text":{"value":"鴨脷洲新海旁道用地規劃問卷調查Day08—寶膳餐廳站","type":"string"},"tagfilter":{"value":{"鴨脷洲新海旁道":{"value":1,"type":"number"},"社區規劃":{"value":1,"type":"number"},"社區調查":{"value":1,"type":"number"}},"type":"object"},"createdAt":{"value":"2018-04-18T09:04:36.472Z","type":"timestamp"},"publicImageURL":{"value":"https://firebasestorage.googleapis.com/v0/b/ourland-a0d62.appspot.com/o/photo%2F3bfba91d-917c-417b-9800-d2e59943c598%2Foriginal.jpg?alt=media&token=43b6e7c3-a8cd-46ef-996e-2b686ef4d7fb","type":"string"},"interval":{"value":"一次","type":"string"},"thumbnailPublicImageURL":{"value":"https://firebasestorage.googleapis.com/v0/b/ourland-a0d62.appspot.com/o/photo%2F3bfba91d-917c-417b-9800-d2e59943c598%2Fthumbnail.jpg?alt=media&token=ce1d31cc-0f83-457b-be3c-0a00629f059c","type":"string"},"thumbnailImageURL":{"value":"gs://ourland-a0d62.appspot.com/photo/3bfba91d-917c-417b-9800-d2e59943c598/thumbnail.jpg","type":"string"},"imageUrl":{"value":"gs://ourland-a0d62.appspot.com/photo/3bfba91d-917c-417b-9800-d2e59943c598/original.jpg","type":"string"},"uid":{"value":"4ET30Mqak7eTDpCVJ3yDIrTU4sy1","type":"string"},"geolocation":{"value":{"_latitude":22.243579,"_longitude":114.154742},"type":"geopoint"},"duration":{"value":"1:30","type":"string"},"fbuid":{"value":"1726522827465168","type":"string"},"key":{"value":"3bfba91d-917c-417b-9800-d2e59943c598","type":"string"},"hide":{"value":false,"type":"boolean"},"tag":{"value":null,"type":"null"}}