{"duration":{"value":null,"type":"null"},"fbuid":{"value":"10159449765660019","type":"string"},"key":{"value":"c22da8c5-61b9-472d-af6f-5c3d79b95b41","type":"string"},"hide":{"value":true,"type":"boolean"},"tag":{"value":null,"type":"null"},"start":{"value":"1970-01-01T00:00:00.000Z","type":"timestamp"},"link":{"value":"http://www.yata.hk/tch/promotion.aspx","type":"string"},"lastUpdate":{"value":"2018-04-16T01:00:13.647Z","type":"timestamp"},"status":{"value":"完結","type":"string"},"photoUrl":{"value":"https://lookaside.facebook.com/platform/profilepic/?asid=10159449765660019&height=100&width=100&ext=1522773210&hash=AeR7__TagiupVL0Q","type":"string"},"name":{"value":"Ho Wa Wong","type":"string"},"streetAddress":{"value":"荃灣一田","type":"string"},"text":{"value":"一田春日內衣展","type":"string"},"tagfilter":{"value":{"優惠":{"value":1,"type":"number"},"一田":{"value":1,"type":"number"}},"type":"object"},"createdAt":{"value":"2018-03-31T16:47:07.421Z","type":"timestamp"},"publicImageURL":{"value":"https://firebasestorage.googleapis.com/v0/b/ourland-a0d62.appspot.com/o/photo%2Fc22da8c5-61b9-472d-af6f-5c3d79b95b41%2Foriginal.jpg?alt=media&token=e09f2ecb-8dc2-4f27-aa0a-a7d05db6227c","type":"string"},"interval":{"value":null,"type":"null"},"thumbnailPublicImageURL":{"value":"https://firebasestorage.googleapis.com/v0/b/ourland-a0d62.appspot.com/o/photo%2Fc22da8c5-61b9-472d-af6f-5c3d79b95b41%2Fthumbnail.jpg?alt=media&token=3d39326d-86a5-4d57-b45a-43bbd756b2b9","type":"string"},"thumbnailImageURL":{"value":"gs://ourland-a0d62.appspot.com/photo/c22da8c5-61b9-472d-af6f-5c3d79b95b41/thumbnail.jpg","type":"string"},"imageUrl":{"value":"gs://ourland-a0d62.appspot.com/photo/c22da8c5-61b9-472d-af6f-5c3d79b95b41/original.jpg","type":"string"},"uid":{"value":"RmtuzaPXr3ZghY397CxS18mWfWX2","type":"string"},"geolocation":{"value":{"_latitude":22.370881,"_longitude":114.110809},"type":"geopoint"}}