{"fbuid":{"value":"1726522827465168","type":"string"},"key":{"value":"dd108f90-010e-4d7e-acfa-bb08529df2cc","type":"string"},"hide":{"value":false,"type":"boolean"},"tag":{"value":null,"type":"null"},"start":{"value":"2018-04-12T10:30:00.000Z","type":"timestamp"},"link":{"value":"https://goo.gl/forms/HclpSLXFK7YRIn303","type":"string"},"lastUpdate":{"value":"2018-04-16T13:25:33.273Z","type":"timestamp"},"status":{"value":"完結","type":"string"},"photoUrl":{"value":"https://scontent-hkg3-2.xx.fbcdn.net/v/t1.0-1/p148x148/24862601_295311714309440_1589039543195318263_n.jpg?_nc_cat=0&oh=cbf16e3926ef590a8da91e4ce0e0b99d&oe=5B6E8881","type":"string"},"name":{"value":"陳炳洋","type":"string"},"streetAddress":{"value":"鴨脷洲怡安大廈","type":"string"},"text":{"value":"鴨脷洲新海旁道用地規劃問卷調查Day04—怡安大廈站","type":"string"},"tagfilter":{"value":{"社區調查":{"value":1,"type":"number"},"鴨脷洲新海旁道":{"value":1,"type":"number"},"社區規劃":{"value":1,"type":"number"}},"type":"object"},"createdAt":{"value":"2018-04-12T06:10:14.805Z","type":"timestamp"},"publicImageURL":{"value":"https://firebasestorage.googleapis.com/v0/b/ourland-a0d62.appspot.com/o/photo%2Fdd108f90-010e-4d7e-acfa-bb08529df2cc%2Foriginal.jpg?alt=media&token=d6a89004-1737-479d-ae32-dc8762c97edf","type":"string"},"interval":{"value":"一次","type":"string"},"thumbnailPublicImageURL":{"value":"https://firebasestorage.googleapis.com/v0/b/ourland-a0d62.appspot.com/o/photo%2Fdd108f90-010e-4d7e-acfa-bb08529df2cc%2Fthumbnail.jpg?alt=media&token=bd054862-ce1c-4b8e-b4b9-fa2eb13446fd","type":"string"},"thumbnailImageURL":{"value":"gs://ourland-a0d62.appspot.com/photo/dd108f90-010e-4d7e-acfa-bb08529df2cc/thumbnail.jpg","type":"string"},"imageUrl":{"value":"gs://ourland-a0d62.appspot.com/photo/dd108f90-010e-4d7e-acfa-bb08529df2cc/original.jpg","type":"string"},"uid":{"value":"4ET30Mqak7eTDpCVJ3yDIrTU4sy1","type":"string"},"geolocation":{"value":{"_latitude":22.2433801,"_longitude":114.1535731},"type":"geopoint"},"duration":{"value":"1:30","type":"string"}}