{"uid":{"value":"R6FWaigWsDcV8uzXnjiFlOpSHRb2","type":"string"},"hide":{"value":false,"type":"boolean"},"tag":{"value":null,"type":"null"},"lastUpdate":{"value":"2018-05-06T17:31:54.600Z","type":"timestamp"},"status":{"value":"開放","type":"string"},"photoUrl":{"value":"https://lookaside.facebook.com/platform/profilepic/?asid=10213143183868185&height=100&width=100&ext=1523030442&hash=AeR4q2dWQIfJcSLx","type":"string"},"name":{"value":"Choi Sing","type":"string"},"viewCount":{"value":4,"type":"number"},"thumbnailPublicImageURL":{"value":"https://firebasestorage.googleapis.com/v0/b/ourland-a0d62.appspot.com/o/photo%2F10861998-23e8-4c0c-bbc6-ef18509a48e9%2Fthumbnail.jpg?alt=media&token=0093d9b2-8464-4657-aebe-c8025553e81a","type":"string"},"imageUrl":{"value":"gs://ourland-a0d62.appspot.com/photo/10861998-23e8-4c0c-bbc6-ef18509a48e9/original.jpg","type":"string"},"geolocation":{"value":{"_latitude":22.2777304,"_longitude":114.1851356},"type":"geopoint"},"duration":{"value":null,"type":"null"},"fbuid":{"value":"10213143183868185","type":"string"},"key":{"value":"10861998-23e8-4c0c-bbc6-ef18509a48e9","type":"string"},"start":{"value":"1970-01-01T00:00:00.000Z","type":"timestamp"},"link":{"value":"","type":"string"},"concernRecord":{"value":[],"type":"array"},"streetAddress":{"value":"香港銅鑼灣開平道14號","type":"string"},"text":{"value":"開平道郵箱","type":"string"},"tagfilter":{"value":{"郵筒":{"value":1,"type":"number"},"公共設施":{"value":1,"type":"number"},"大型信件箱":{"value":1,"type":"number"}},"type":"object"},"createdAt":{"value":"2018-04-17T11:07:21.773Z","type":"timestamp"},"publicImageURL":{"value":"https://firebasestorage.googleapis.com/v0/b/ourland-a0d62.appspot.com/o/photo%2F10861998-23e8-4c0c-bbc6-ef18509a48e9%2Foriginal.jpg?alt=media&token=f6638529-803d-4c35-ae7b-d6b034b74b2a","type":"string"},"interval":{"value":null,"type":"null"},"thumbnailImageURL":{"value":"gs://ourland-a0d62.appspot.com/photo/10861998-23e8-4c0c-bbc6-ef18509a48e9/thumbnail.jpg","type":"string"}}