{"publicImageURL":{"value":"https://firebasestorage.googleapis.com/v0/b/ourland-a0d62.appspot.com/o/photo%2F7cc2c722-1957-44ed-a89d-deb30acac034%2Foriginal.jpg?alt=media&token=05a39171-b789-4d63-a761-e031568466cb","type":"string"},"interval":{"value":null,"type":"null"},"thumbnailPublicImageURL":{"value":"https://firebasestorage.googleapis.com/v0/b/ourland-a0d62.appspot.com/o/photo%2F7cc2c722-1957-44ed-a89d-deb30acac034%2Fthumbnail.jpg?alt=media&token=a044090e-1a5f-49fc-b78d-65d02e895066","type":"string"},"thumbnailImageURL":{"value":"gs://ourland-a0d62.appspot.com/photo/7cc2c722-1957-44ed-a89d-deb30acac034/thumbnail.jpg","type":"string"},"imageUrl":{"value":"gs://ourland-a0d62.appspot.com/photo/7cc2c722-1957-44ed-a89d-deb30acac034/original.jpg","type":"string"},"uid":{"value":"4ET30Mqak7eTDpCVJ3yDIrTU4sy1","type":"string"},"geolocation":{"value":{"_latitude":22.2441865,"_longitude":114.1512974},"type":"geopoint"},"duration":{"value":null,"type":"null"},"fbuid":{"value":"1726522827465168","type":"string"},"key":{"value":"7cc2c722-1957-44ed-a89d-deb30acac034","type":"string"},"hide":{"value":false,"type":"boolean"},"tag":{"value":null,"type":"null"},"start":{"value":"1970-01-01T00:00:00.000Z","type":"timestamp"},"link":{"value":"","type":"string"},"lastUpdate":{"value":"2018-04-11T04:32:59.212Z","type":"timestamp"},"status":{"value":"開放","type":"string"},"photoUrl":{"value":"https://scontent-hkg3-2.xx.fbcdn.net/v/t1.0-1/p148x148/24862601_295311714309440_1589039543195318263_n.jpg?_nc_cat=0&oh=cbf16e3926ef590a8da91e4ce0e0b99d&oe=5B6E8881","type":"string"},"name":{"value":"陳炳洋","type":"string"},"streetAddress":{"value":"鴨脷洲邨利福樓低座地下5號","type":"string"},"text":{"value":"高額長者生活津貼自動增至每月3,485元","type":"string"},"tagfilter":{"value":{"社區資訊":{"value":1,"type":"number"},"長者福利":{"value":1,"type":"number"}},"type":"object"},"createdAt":{"value":"2018-04-11T04:32:59.212Z","type":"timestamp"}}