{"publicImageURL":{"value":"https://firebasestorage.googleapis.com/v0/b/ourland-a0d62.appspot.com/o/photo%2F24a08c3c-4e98-4c1b-a555-665ed3516dc2%2Foriginal.jpg?alt=media&token=8fbf9f93-0f27-464e-a6e6-24326ac8e6b6","type":"string"},"interval":{"value":null,"type":"null"},"thumbnailPublicImageURL":{"value":"https://firebasestorage.googleapis.com/v0/b/ourland-a0d62.appspot.com/o/photo%2F24a08c3c-4e98-4c1b-a555-665ed3516dc2%2Fthumbnail.jpg?alt=media&token=f4be54ae-ed23-4e81-8636-37b6575e299e","type":"string"},"thumbnailImageURL":{"value":"gs://ourland-a0d62.appspot.com/photo/24a08c3c-4e98-4c1b-a555-665ed3516dc2/thumbnail.jpg","type":"string"},"imageUrl":{"value":"gs://ourland-a0d62.appspot.com/photo/24a08c3c-4e98-4c1b-a555-665ed3516dc2/original.jpg","type":"string"},"uid":{"value":"mUQgwxkmPBfVA47d9lHzB482Nmp1","type":"string"},"geolocation":{"value":{"_latitude":22.2951077,"_longitude":114.1679453},"type":"geopoint"},"duration":{"value":null,"type":"null"},"fbuid":{"value":"140969833258766","type":"string"},"key":{"value":"24a08c3c-4e98-4c1b-a555-665ed3516dc2","type":"string"},"hide":{"value":false,"type":"boolean"},"tag":{"value":null,"type":"null"},"start":{"value":"1970-01-01T00:00:00.000Z","type":"timestamp"},"link":{"value":"","type":"string"},"lastUpdate":{"value":"2018-05-26T11:03:35.324Z","type":"timestamp"},"status":{"value":"開放","type":"string"},"photoUrl":{"value":"https://firebasestorage.googleapis.com/v0/b/ourland-a0d62.appspot.com/o/photo%2FUserProfile%2FmUQgwxkmPBfVA47d9lHzB482Nmp1%2Fprofile_a6ae4b62-1d9e-437f-bdf9-3e6e68d30729.jpg?alt=media&token=a05ff2b7-b23c-44c7-8756-abff6e12bd37","type":"string"},"name":{"value":"我地。香港","type":"string"},"streetAddress":{"value":"香港尖沙咀廣東道海港城","type":"string"},"text":{"value":"郵箱 海港城一樓","type":"string"},"viewCount":{"value":0,"type":"number"},"tagfilter":{"value":{"公共設施":{"value":1,"type":"number"},"郵箱":{"value":1,"type":"number"}},"type":"object"},"createdAt":{"value":"2018-05-26T11:03:35.324Z","type":"timestamp"}}