{"createdAt":{"value":"2018-05-23T09:41:45.137Z","type":"timestamp"},"publicImageURL":{"value":"https://firebasestorage.googleapis.com/v0/b/ourland-a0d62.appspot.com/o/photo%2F152cf0a7-79ca-4dda-ad13-0e68c544c159%2Foriginal.jpg?alt=media&token=b1a97ae7-d39a-4cee-a7ec-08adceef4468","type":"string"},"interval":{"value":null,"type":"null"},"thumbnailPublicImageURL":{"value":"https://firebasestorage.googleapis.com/v0/b/ourland-a0d62.appspot.com/o/photo%2F152cf0a7-79ca-4dda-ad13-0e68c544c159%2Fthumbnail.jpg?alt=media&token=7b1c62c4-7d3f-483c-8b47-815a60f07cbc","type":"string"},"thumbnailImageURL":{"value":"gs://ourland-a0d62.appspot.com/photo/152cf0a7-79ca-4dda-ad13-0e68c544c159/thumbnail.jpg","type":"string"},"imageUrl":{"value":"gs://ourland-a0d62.appspot.com/photo/152cf0a7-79ca-4dda-ad13-0e68c544c159/original.jpg","type":"string"},"uid":{"value":"4ET30Mqak7eTDpCVJ3yDIrTU4sy1","type":"string"},"geolocation":{"value":{"_latitude":22.244275,"_longitude":114.156896},"type":"geopoint"},"duration":{"value":"1:30","type":"string"},"fbuid":{"value":"1726522827465168","type":"string"},"key":{"value":"152cf0a7-79ca-4dda-ad13-0e68c544c159","type":"string"},"hide":{"value":false,"type":"boolean"},"tag":{"value":null,"type":"null"},"start":{"value":"2018-05-23T10:30:00.000Z","type":"timestamp"},"link":{"value":"https://goo.gl/forms/HclpSLXFK7YRIn303","type":"string"},"lastUpdate":{"value":"2018-06-03T07:07:00.129Z","type":"timestamp"},"status":{"value":"完結","type":"string"},"photoUrl":{"value":"https://scontent-hkg3-2.xx.fbcdn.net/v/t1.0-1/p148x148/24862601_295311714309440_1589039543195318263_n.jpg?_nc_cat=0&oh=cbf16e3926ef590a8da91e4ce0e0b99d&oe=5B6E8881","type":"string"},"name":{"value":"陳炳洋","type":"string"},"streetAddress":{"value":"鴨脷洲大街25號地下","type":"string"},"text":{"value":"鴨脷洲新海旁道用地規劃問卷調查Day18—平瀾街7-11站","type":"string"},"viewCount":{"value":4,"type":"number"},"tagfilter":{"value":{"鴨脷洲新海旁道":{"value":1,"type":"number"},"社區規劃":{"value":1,"type":"number"},"社區調查":{"value":1,"type":"number"}},"type":"object"}}