{"streetAddress":{"value":"香港銅鑼灣告士打道310號","type":"string"},"text":{"value":"兒童遊樂場 - 維多利亞公園 (近銅鑼灣) ","type":"string"},"viewCount":{"value":2,"type":"number"},"tagfilter":{"value":{"遊樂場":{"value":1,"type":"number"},"滑梯":{"value":1,"type":"number"},"公園":{"value":1,"type":"number"}},"type":"object"},"createdAt":{"value":"2018-04-14T09:26:50.195Z","type":"timestamp"},"publicImageURL":{"value":"https://firebasestorage.googleapis.com/v0/b/ourland-a0d62.appspot.com/o/photo%2Fa51c279f-ee8b-4018-9e45-837514b97c93%2Foriginal.jpg?alt=media&token=0c533056-0c2e-47a8-82ce-125a08d8a27e","type":"string"},"interval":{"value":null,"type":"null"},"thumbnailPublicImageURL":{"value":"https://firebasestorage.googleapis.com/v0/b/ourland-a0d62.appspot.com/o/photo%2Fa51c279f-ee8b-4018-9e45-837514b97c93%2Fthumbnail.jpg?alt=media&token=1933d1f3-f170-4185-b207-a50d45905067","type":"string"},"thumbnailImageURL":{"value":"gs://ourland-a0d62.appspot.com/photo/a51c279f-ee8b-4018-9e45-837514b97c93/thumbnail.jpg","type":"string"},"imageUrl":{"value":"gs://ourland-a0d62.appspot.com/photo/a51c279f-ee8b-4018-9e45-837514b97c93/original.jpg","type":"string"},"uid":{"value":"mUQgwxkmPBfVA47d9lHzB482Nmp1","type":"string"},"geolocation":{"value":{"_latitude":22.2823649,"_longitude":114.1864409},"type":"geopoint"},"duration":{"value":null,"type":"null"},"fbuid":{"value":"140969833258766","type":"string"},"key":{"value":"a51c279f-ee8b-4018-9e45-837514b97c93","type":"string"},"hide":{"value":false,"type":"boolean"},"tag":{"value":null,"type":"null"},"start":{"value":"1970-01-01T00:00:00.000Z","type":"timestamp"},"link":{"value":"","type":"string"},"lastUpdate":{"value":"2018-04-14T09:26:50.195Z","type":"timestamp"},"status":{"value":"開放","type":"string"},"photoUrl":{"value":"https://firebasestorage.googleapis.com/v0/b/ourland-a0d62.appspot.com/o/photo%2FUserProfile%2FmUQgwxkmPBfVA47d9lHzB482Nmp1%2Fprofile_a6ae4b62-1d9e-437f-bdf9-3e6e68d30729.jpg?alt=media&token=a05ff2b7-b23c-44c7-8756-abff6e12bd37","type":"string"},"name":{"value":"我地。香港","type":"string"}}