{"lastUpdate":{"value":null,"type":"null"},"status":{"value":"開放","type":"string"},"photoUrl":{"value":"https://scontent.xx.fbcdn.net/v/t1.0-1/c29.0.100.100/p100x100/10354686_10150004552801856_220367501106153455_n.jpg?oh=ae85820c92b6e480694ddeb3969160bd&oe=5B3F3077","type":"string"},"name":{"value":"Our Land HK","type":"string"},"streetAddress":{"value":"文福道花園","type":"string"},"text":{"value":"窩打老道山地膽浦頭時間 - 麥家凱","type":"string"},"createdAt":{"value":"2018-03-05T07:47:03.485Z","type":"timestamp"},"interval":{"value":"每週","type":"string"},"uid":{"value":"mUQgwxkmPBfVA47d9lHzB482Nmp1","type":"string"},"geolocation":{"value":{"_latitude":22.320604,"_longitude":114.177208},"type":"geopoint"},"duration":{"value":"1:00","type":"string"},"fbuid":{"value":"140969833258766","type":"string"},"key":{"value":"defcacb4-fa46-47d8-b729-1e865e633c54","type":"string"},"hide":{"value":false,"type":"boolean"},"tag":{"value":[{"value":"地膽","type":"string"},{"value":"社區主任","type":"string"},{"value":"社區幹事","type":"string"},{"value":"地區幫手","type":"string"},{"value":"社區達人","type":"string"}],"type":"array"},"start":{"value":"2018-03-05T13:00:00.000Z","type":"timestamp"},"link":{"value":"","type":"string"}}