{"uid":{"value":"Q72z8i9yHyaLCCiAyR5BoGd0kQr1","type":"string"},"geolocation":{"value":{"_latitude":22.320604,"_longitude":114.177208},"type":"geopoint"},"duration":{"value":"1:00","type":"string"},"fbuid":{"value":"10154417054297811","type":"string"},"key":{"value":"defcacb4-fa46-47d8-b729-1e865e633c54","type":"string"},"hide":{"value":false,"type":"boolean"},"tag":{"value":null,"type":"null"},"start":{"value":"2018-03-05T13:00:00.000Z","type":"timestamp"},"link":{"value":"https://t.me/PegasusMak","type":"string"},"concernRecord":{"value":[],"type":"array"},"lastUpdate":{"value":"2018-04-17T12:03:51.200Z","type":"timestamp"},"status":{"value":"開放","type":"string"},"photoUrl":{"value":"https://firebasestorage.googleapis.com/v0/b/ourland-a0d62.appspot.com/o/photo%2FUserProfile%2FQ72z8i9yHyaLCCiAyR5BoGd0kQr1%2Fprofile_e07c3975-5cb3-431b-a388-a94c9eecd8f6.jpg?alt=media&token=42c8aed1-f609-4885-90ec-4399151ce9a1","type":"string"},"name":{"value":"麥家凱","type":"string"},"streetAddress":{"value":"文福道花園","type":"string"},"text":{"value":"窩打老道山地膽浦頭時間 - 麥家凱","type":"string"},"viewCount":{"value":6,"type":"number"},"tagfilter":{"value":{"地膽":{"value":1,"type":"number"}},"type":"object"},"createdAt":{"value":"2018-03-05T07:47:03.485Z","type":"timestamp"},"interval":{"value":"每週","type":"string"}}