{"thumbnailPublicImageURL":{"value":"https://firebasestorage.googleapis.com/v0/b/ourland-a0d62.appspot.com/o/photo%2F163f817c-063a-4530-9c55-b924eeb9741b%2Fthumbnail.jpg?alt=media&token=35534d37-bc69-41f3-8cf2-95b45a02bd11","type":"string"},"imageUrl":{"value":"gs://ourland-a0d62.appspot.com/photo/163f817c-063a-4530-9c55-b924eeb9741b/original.jpg","type":"string"},"geolocation":{"value":{"_latitude":22.3250785,"_longitude":114.1683631},"type":"geopoint"},"duration":{"value":null,"type":"null"},"fbuid":{"value":"10155908838820199","type":"string"},"key":{"value":"163f817c-063a-4530-9c55-b924eeb9741b","type":"string"},"start":{"value":"1970-01-01T00:00:00.000Z","type":"timestamp"},"link":{"value":"","type":"string"},"concernRecord":{"value":[],"type":"array"},"streetAddress":{"value":"太子港鐵站B2出口","type":"string"},"text":{"value":"社區幹事 林兆彬","type":"string"},"tagfilter":{"value":{"社區幹事":{"value":1,"type":"number"},"社工":{"value":1,"type":"number"},"社區前進":{"value":1,"type":"number"}},"type":"object"},"createdAt":{"value":"2018-04-03T06:29:57.973Z","type":"timestamp"},"publicImageURL":{"value":"https://firebasestorage.googleapis.com/v0/b/ourland-a0d62.appspot.com/o/photo%2F163f817c-063a-4530-9c55-b924eeb9741b%2Foriginal.jpg?alt=media&token=4e34dbf9-b591-472d-b53f-4d76fea747cf","type":"string"},"happyCount":{"value":2,"type":"number"},"interval":{"value":null,"type":"null"},"sadCount":{"value":0,"type":"number"},"thumbnailImageURL":{"value":"gs://ourland-a0d62.appspot.com/photo/163f817c-063a-4530-9c55-b924eeb9741b/thumbnail.jpg","type":"string"},"uid":{"value":"ioIW4DiztVfItj7NtMiWFZI2EBF3","type":"string"},"hide":{"value":false,"type":"boolean"},"tag":{"value":null,"type":"null"},"lastUpdate":{"value":"2018-05-23T11:13:13.507Z","type":"timestamp"},"status":{"value":"開放","type":"string"},"photoUrl":{"value":"https://scontent.xx.fbcdn.net/v/t1.0-1/p100x100/21462533_10155449870145199_152778259148008058_n.jpg?oh=c15e9082e30d13bc227f4a54b6fcc73f&oe=5B3F8F6E","type":"string"},"name":{"value":"Orochi Ben Lam","type":"string"},"viewCount":{"value":7,"type":"number"}}