{"duration":{"value":null,"type":"null"},"fbuid":{"value":"10213143183868185","type":"string"},"key":{"value":"47d9422e-0a91-4afb-af61-9744115b4507","type":"string"},"hide":{"value":false,"type":"boolean"},"tag":{"value":null,"type":"null"},"start":{"value":"1970-01-01T00:00:00.000Z","type":"timestamp"},"link":{"value":"","type":"string"},"lastUpdate":{"value":"2018-04-23T15:18:35.689Z","type":"timestamp"},"status":{"value":"開放","type":"string"},"photoUrl":{"value":"https://lookaside.facebook.com/platform/profilepic/?asid=10213143183868185&height=100&width=100&ext=1523030442&hash=AeR4q2dWQIfJcSLx","type":"string"},"name":{"value":"Choi Sing","type":"string"},"streetAddress":{"value":"香港鯉魚門徑6號","type":"string"},"text":{"value":"鯉魚門公共圖書館","type":"string"},"viewCount":{"value":3,"type":"number"},"tagfilter":{"value":{"圖書館":{"value":1,"type":"number"}},"type":"object"},"createdAt":{"value":"2018-04-22T08:11:20.333Z","type":"timestamp"},"publicImageURL":{"value":"https://firebasestorage.googleapis.com/v0/b/ourland-a0d62.appspot.com/o/photo%2F47d9422e-0a91-4afb-af61-9744115b4507%2Foriginal.jpg?alt=media&token=1ac3d6e7-eb56-4253-95f4-5af4551dc951","type":"string"},"interval":{"value":null,"type":"null"},"thumbnailPublicImageURL":{"value":"https://firebasestorage.googleapis.com/v0/b/ourland-a0d62.appspot.com/o/photo%2F47d9422e-0a91-4afb-af61-9744115b4507%2Fthumbnail.jpg?alt=media&token=3cc136c9-318b-4976-9e7a-e96660ca72c3","type":"string"},"thumbnailImageURL":{"value":"gs://ourland-a0d62.appspot.com/photo/47d9422e-0a91-4afb-af61-9744115b4507/thumbnail.jpg","type":"string"},"imageUrl":{"value":"gs://ourland-a0d62.appspot.com/photo/47d9422e-0a91-4afb-af61-9744115b4507/original.jpg","type":"string"},"uid":{"value":"R6FWaigWsDcV8uzXnjiFlOpSHRb2","type":"string"},"geolocation":{"value":{"_latitude":22.2925405,"_longitude":114.2381766},"type":"geopoint"}}