{"lastUpdate":{"value":"2018-04-11T16:24:10.700Z","type":"timestamp"},"status":{"value":"開放","type":"string"},"photoUrl":{"value":"https://scontent.xx.fbcdn.net/v/t1.0-1/p100x100/28870976_10155049780592811_4379565846649896960_n.jpg?oh=c952552f31507af74f789ed6ba07ad43&oe=5B74327A","type":"string"},"name":{"value":"Pegasus Mak","type":"string"},"streetAddress":{"value":null,"type":"null"},"text":{"value":"Testing without Picture","type":"string"},"createdAt":{"value":"2018-03-23T08:58:07.414Z","type":"timestamp"},"publicImageURL":{"value":null,"type":"null"},"interval":{"value":null,"type":"null"},"thumbnailPublicImageURL":{"value":null,"type":"null"},"thumbnailImageURL":{"value":null,"type":"null"},"imageUrl":{"value":null,"type":"null"},"uid":{"value":"Q72z8i9yHyaLCCiAyR5BoGd0kQr1","type":"string"},"geolocation":{"value":{"_latitude":22.3184468,"_longitude":114.1683814},"type":"geopoint"},"duration":{"value":null,"type":"null"},"fbuid":{"value":"10154417054297811","type":"string"},"key":{"value":"70e51307-a2be-47ab-a217-8ae19a66b79d","type":"string"},"hide":{"value":false,"type":"boolean"},"tag":{"value":[],"type":"array"},"start":{"value":"1970-01-01T00:00:00.000Z","type":"timestamp"},"link":{"value":"","type":"string"}}