{"duration":{"value":"1:30","type":"string"},"fbuid":{"value":"2012612212101263","type":"string"},"key":{"value":"181004a3-fdb9-43f3-abe7-02d8ef7f0f58","type":"string"},"hide":{"value":false,"type":"boolean"},"tag":{"value":null,"type":"null"},"start":{"value":"2018-05-09T16:05:43.000Z","type":"timestamp"},"link":{"value":"","type":"string"},"lastUpdate":{"value":"2018-05-09T07:06:33.585Z","type":"timestamp"},"status":{"value":"開放","type":"string"},"photoUrl":{"value":"https://firebasestorage.googleapis.com/v0/b/ourland-a0d62.appspot.com/o/photo%2FUserProfile%2F6QxibVFOSkaMbE95Aqz90KFaRM73%2Fprofile_d38a2fb7-7662-4c4e-b4a0-176f83bf6ce2.jpg?alt=media&token=2e35ad7a-8f54-46df-bdd4-ee91a364f3a0","type":"string"},"name":{"value":"林正軒","type":"string"},"streetAddress":{"value":"漆馬大廈","type":"string"},"text":{"value":"母親節手工花工作坊","type":"string"},"viewCount":{"value":1,"type":"number"},"tagfilter":{"value":{},"type":"object"},"createdAt":{"value":"2018-05-09T07:06:33.585Z","type":"timestamp"},"publicImageURL":{"value":"https://firebasestorage.googleapis.com/v0/b/ourland-a0d62.appspot.com/o/photo%2F181004a3-fdb9-43f3-abe7-02d8ef7f0f58%2Foriginal.jpg?alt=media&token=a47449c8-48cd-40b9-a48d-f53f723310e1","type":"string"},"interval":{"value":"一次","type":"string"},"thumbnailPublicImageURL":{"value":"https://firebasestorage.googleapis.com/v0/b/ourland-a0d62.appspot.com/o/photo%2F181004a3-fdb9-43f3-abe7-02d8ef7f0f58%2Fthumbnail.jpg?alt=media&token=3219678e-7bfd-41ae-b7f0-b8bef2ebc85c","type":"string"},"thumbnailImageURL":{"value":"gs://ourland-a0d62.appspot.com/photo/181004a3-fdb9-43f3-abe7-02d8ef7f0f58/thumbnail.jpg","type":"string"},"imageUrl":{"value":"gs://ourland-a0d62.appspot.com/photo/181004a3-fdb9-43f3-abe7-02d8ef7f0f58/original.jpg","type":"string"},"uid":{"value":"6QxibVFOSkaMbE95Aqz90KFaRM73","type":"string"},"geolocation":{"value":{"_latitude":22.313482,"_longitude":114.187385},"type":"geopoint"}}