{"publicImageURL":{"value":"https://firebasestorage.googleapis.com/v0/b/ourland-a0d62.appspot.com/o/photo%2F371ced00-c1a8-4e80-a5fe-684745b8d222%2Foriginal.jpg?alt=media&token=7806938d-29e2-4887-bd6f-d922a5b692bb","type":"string"},"interval":{"value":null,"type":"null"},"thumbnailPublicImageURL":{"value":"https://firebasestorage.googleapis.com/v0/b/ourland-a0d62.appspot.com/o/photo%2F371ced00-c1a8-4e80-a5fe-684745b8d222%2Fthumbnail.jpg?alt=media&token=3b2453de-0fdf-4a37-9258-9e2515f75a7f","type":"string"},"thumbnailImageURL":{"value":"gs://ourland-a0d62.appspot.com/photo/371ced00-c1a8-4e80-a5fe-684745b8d222/thumbnail.jpg","type":"string"},"imageUrl":{"value":"gs://ourland-a0d62.appspot.com/photo/371ced00-c1a8-4e80-a5fe-684745b8d222/original.jpg","type":"string"},"uid":{"value":"4ET30Mqak7eTDpCVJ3yDIrTU4sy1","type":"string"},"geolocation":{"value":{"_latitude":22.243579,"_longitude":114.154742},"type":"geopoint"},"duration":{"value":null,"type":"null"},"fbuid":{"value":"1726522827465168","type":"string"},"key":{"value":"371ced00-c1a8-4e80-a5fe-684745b8d222","type":"string"},"hide":{"value":false,"type":"boolean"},"tag":{"value":null,"type":"null"},"start":{"value":"1970-01-01T00:00:00.000Z","type":"timestamp"},"link":{"value":"","type":"string"},"lastUpdate":{"value":"2018-06-08T05:13:01.600Z","type":"timestamp"},"status":{"value":"完結","type":"string"},"photoUrl":{"value":"https://scontent-hkg3-2.xx.fbcdn.net/v/t1.0-1/p148x148/24862601_295311714309440_1589039543195318263_n.jpg?_nc_cat=0&oh=cbf16e3926ef590a8da91e4ce0e0b99d&oe=5B6E8881","type":"string"},"name":{"value":"陳炳洋","type":"string"},"streetAddress":{"value":"鴨脷洲大街117號","type":"string"},"text":{"value":"疏通鴨脷洲大街紅綠燈外渠口","type":"string"},"viewCount":{"value":1,"type":"number"},"tagfilter":{"value":{"社區匯報":{"value":1,"type":"number"},"公共地方維修":{"value":1,"type":"number"}},"type":"object"},"createdAt":{"value":"2018-06-07T11:44:28.454Z","type":"timestamp"}}