{"lastUpdate":{"value":null,"type":"null"},"photoUrl":{"value":"https://lookaside.facebook.com/platform/profilepic/?asid=10154417054297811&height=100&width=100&ext=1522859988&hash=AeQF4eoHbKLM8LDj","type":"string"},"name":{"value":"Pegasus Mak","type":"string"},"text":{"value":"由第二期商場一樓 (圖的右下)  樓梯上","type":"string"},"uid":{"value":"Q72z8i9yHyaLCCiAyR5BoGd0kQr1","type":"string"},"createdAt":{"value":"2018-04-02T05:49:25.134Z","type":"timestamp"},"hide":{"value":false,"type":"boolean"}}