{"fbuid":{"value":"1726522827465168","type":"string"},"key":{"value":"f1387c18-4246-48f3-a280-426c261c4f0d","type":"string"},"hide":{"value":false,"type":"boolean"},"tag":{"value":null,"type":"null"},"start":{"value":"2018-04-30T10:30:00.000Z","type":"timestamp"},"link":{"value":"https://goo.gl/forms/HclpSLXFK7YRIn303","type":"string"},"lastUpdate":{"value":"2018-05-02T14:50:01.901Z","type":"timestamp"},"status":{"value":"完結","type":"string"},"photoUrl":{"value":"https://scontent-hkg3-2.xx.fbcdn.net/v/t1.0-1/p148x148/24862601_295311714309440_1589039543195318263_n.jpg?_nc_cat=0&oh=cbf16e3926ef590a8da91e4ce0e0b99d&oe=5B6E8881","type":"string"},"name":{"value":"陳炳洋","type":"string"},"streetAddress":{"value":"鴨脷洲大街洪聖大樓","type":"string"},"text":{"value":"鴨脷洲新海旁道用地規劃問卷調查Day13—洪聖大樓站","type":"string"},"viewCount":{"value":4,"type":"number"},"tagfilter":{"value":{"鴨脷洲新海旁道":{"value":1,"type":"number"},"社區規劃":{"value":1,"type":"number"},"社區調查":{"value":1,"type":"number"}},"type":"object"},"createdAt":{"value":"2018-04-30T09:29:32.108Z","type":"timestamp"},"publicImageURL":{"value":"https://firebasestorage.googleapis.com/v0/b/ourland-a0d62.appspot.com/o/photo%2Ff1387c18-4246-48f3-a280-426c261c4f0d%2Foriginal.jpg?alt=media&token=a8980d97-8247-4dce-9a27-2bd2a942a4fe","type":"string"},"interval":{"value":null,"type":"null"},"thumbnailPublicImageURL":{"value":"https://firebasestorage.googleapis.com/v0/b/ourland-a0d62.appspot.com/o/photo%2Ff1387c18-4246-48f3-a280-426c261c4f0d%2Fthumbnail.jpg?alt=media&token=70bd6428-7d88-4093-bc8b-b5ec4b92fa24","type":"string"},"thumbnailImageURL":{"value":"gs://ourland-a0d62.appspot.com/photo/f1387c18-4246-48f3-a280-426c261c4f0d/thumbnail.jpg","type":"string"},"imageUrl":{"value":"gs://ourland-a0d62.appspot.com/photo/f1387c18-4246-48f3-a280-426c261c4f0d/original.jpg","type":"string"},"uid":{"value":"4ET30Mqak7eTDpCVJ3yDIrTU4sy1","type":"string"},"geolocation":{"value":{"_latitude":22.244385,"_longitude":114.156048},"type":"geopoint"},"duration":{"value":"1:30","type":"string"}}