{"thumbnailPublicImageURL":{"value":"https://firebasestorage.googleapis.com/v0/b/ourland-a0d62.appspot.com/o/photo%2Fe754f926-e08a-4c0f-aea5-51027b1f35a2%2Fthumbnail.jpg?alt=media&token=7488a37f-b3d3-4abd-bda7-51543144c60b","type":"string"},"thumbnailImageURL":{"value":"gs://ourland-a0d62.appspot.com/photo/e754f926-e08a-4c0f-aea5-51027b1f35a2/thumbnail.jpg","type":"string"},"imageUrl":{"value":"gs://ourland-a0d62.appspot.com/photo/e754f926-e08a-4c0f-aea5-51027b1f35a2/original.jpg","type":"string"},"uid":{"value":"4ET30Mqak7eTDpCVJ3yDIrTU4sy1","type":"string"},"geolocation":{"value":{"_latitude":22.2434299,"_longitude":114.155637},"type":"geopoint"},"duration":{"value":null,"type":"null"},"fbuid":{"value":"1726522827465168","type":"string"},"key":{"value":"e754f926-e08a-4c0f-aea5-51027b1f35a2","type":"string"},"hide":{"value":false,"type":"boolean"},"tag":{"value":null,"type":"null"},"start":{"value":"1970-01-01T00:00:00.000Z","type":"timestamp"},"link":{"value":"","type":"string"},"lastUpdate":{"value":"2018-05-05T03:26:43.228Z","type":"timestamp"},"status":{"value":"完結","type":"string"},"photoUrl":{"value":"https://scontent-hkg3-2.xx.fbcdn.net/v/t1.0-1/p148x148/24862601_295311714309440_1589039543195318263_n.jpg?_nc_cat=0&oh=cbf16e3926ef590a8da91e4ce0e0b99d&oe=5B6E8881","type":"string"},"name":{"value":"陳炳洋","type":"string"},"streetAddress":{"value":"鴨脷洲橋道行人天橋","type":"string"},"text":{"value":"維修鴨脷洲橋道行人天橋路面","type":"string"},"viewCount":{"value":2,"type":"number"},"tagfilter":{"value":{"社區匯報":{"value":1,"type":"number"},"公共地方維修":{"value":1,"type":"number"}},"type":"object"},"createdAt":{"value":"2018-05-04T08:26:11.523Z","type":"timestamp"},"publicImageURL":{"value":"https://firebasestorage.googleapis.com/v0/b/ourland-a0d62.appspot.com/o/photo%2Fe754f926-e08a-4c0f-aea5-51027b1f35a2%2Foriginal.jpg?alt=media&token=0cd9d209-7b6d-40df-8dc5-f456898c6dcf","type":"string"},"interval":{"value":null,"type":"null"}}