{"lastUpdate":{"value":"2018-04-29T06:59:15.057Z","type":"timestamp"},"status":{"value":"開放","type":"string"},"photoUrl":{"value":"https://lookaside.facebook.com/platform/profilepic/?asid=10213143183868185&height=100&width=100&ext=1523030442&hash=AeR4q2dWQIfJcSLx","type":"string"},"name":{"value":"Choi Sing","type":"string"},"streetAddress":{"value":"香港牛池灣綠柳路8號彩虹邨金碧樓","type":"string"},"text":{"value":" 彩虹邨郵政局","type":"string"},"viewCount":{"value":2,"type":"number"},"tagfilter":{"value":{},"type":"object"},"createdAt":{"value":"2018-04-29T06:59:15.057Z","type":"timestamp"},"publicImageURL":{"value":"https://firebasestorage.googleapis.com/v0/b/ourland-a0d62.appspot.com/o/photo%2Ff6d81d52-9670-479a-b5aa-59c1376fee84%2Foriginal.jpg?alt=media&token=5465a4d8-73b2-42b0-a4c1-4b1fb01af24b","type":"string"},"interval":{"value":null,"type":"null"},"thumbnailPublicImageURL":{"value":"https://firebasestorage.googleapis.com/v0/b/ourland-a0d62.appspot.com/o/photo%2Ff6d81d52-9670-479a-b5aa-59c1376fee84%2Fthumbnail.jpg?alt=media&token=3f6a4fa7-557e-4f74-b1ba-79fd2f563900","type":"string"},"thumbnailImageURL":{"value":"gs://ourland-a0d62.appspot.com/photo/f6d81d52-9670-479a-b5aa-59c1376fee84/thumbnail.jpg","type":"string"},"imageUrl":{"value":"gs://ourland-a0d62.appspot.com/photo/f6d81d52-9670-479a-b5aa-59c1376fee84/original.jpg","type":"string"},"uid":{"value":"R6FWaigWsDcV8uzXnjiFlOpSHRb2","type":"string"},"geolocation":{"value":{"_latitude":22.3345901,"_longitude":114.2057511},"type":"geopoint"},"duration":{"value":null,"type":"null"},"fbuid":{"value":"10213143183868185","type":"string"},"key":{"value":"f6d81d52-9670-479a-b5aa-59c1376fee84","type":"string"},"hide":{"value":false,"type":"boolean"},"tag":{"value":null,"type":"null"},"start":{"value":"1970-01-01T00:00:00.000Z","type":"timestamp"},"link":{"value":"","type":"string"}}