{"hide":{"value":false,"type":"boolean"},"lastUpdate":{"value":null,"type":"null"},"approvedStatus":{"value":{"isConfirm":{"value":"接納","type":"string"},"createdAt":{"value":"2018-05-11T13:29:56.981Z","type":"timestamp"},"fbuid":{"value":"140969833258766","type":"string"},"name":{"value":"我地。香港","type":"string"}},"type":"object"},"photoUrl":{"value":"https://scontent-hkg3-2.xx.fbcdn.net/v/t1.0-1/p148x148/24862601_295311714309440_1589039543195318263_n.jpg?_nc_cat=0&oh=cbf16e3926ef590a8da91e4ce0e0b99d&oe=5B6E8881","type":"string"},"name":{"value":"陳炳洋","type":"string"},"text":{"value":"2018年5月6日發現問題，5月10日維修完畢。","type":"string"},"uid":{"value":"4ET30Mqak7eTDpCVJ3yDIrTU4sy1","type":"string"},"createdAt":{"value":"2018-05-10T14:10:16.329Z","type":"timestamp"}}