{"tag":{"value":null,"type":"null"},"lastUpdate":{"value":"2018-04-11T11:27:33.186Z","type":"timestamp"},"status":{"value":"開放","type":"string"},"photoUrl":{"value":"https://lookaside.facebook.com/platform/profilepic/?asid=10154417054297811&height=100&width=100&ext=1522859988&hash=AeQF4eoHbKLM8LDj","type":"string"},"name":{"value":"Pegasus Mak","type":"string"},"viewCount":{"value":2,"type":"number"},"thumbnailPublicImageURL":{"value":"https://firebasestorage.googleapis.com/v0/b/ourland-a0d62.appspot.com/o/photo%2Fe96295fa-89e1-4185-82ea-815d4b6eb54b%2Fthumbnail.jpg?alt=media&token=611d6f63-55be-4f8f-8dcc-e17dfb556aad","type":"string"},"imageUrl":{"value":"gs://ourland-a0d62.appspot.com/photo/e96295fa-89e1-4185-82ea-815d4b6eb54b/original.jpg","type":"string"},"geolocation":{"value":{"_latitude":22.3150174,"_longitude":114.1620923},"type":"geopoint"},"duration":{"value":null,"type":"null"},"fbuid":{"value":"10154417054297811","type":"string"},"key":{"value":"e96295fa-89e1-4185-82ea-815d4b6eb54b","type":"string"},"start":{"value":"1970-01-01T00:00:00.000Z","type":"timestamp"},"link":{"value":"","type":"string"},"concernRecord":{"value":[],"type":"array"},"streetAddress":{"value":"香港西九龍海庭道18號","type":"string"},"text":{"value":"奥海城二期 隱世平台公園","type":"string"},"tagfilter":{"value":{"遊樂場":{"value":1,"type":"number"},"滑梯":{"value":1,"type":"number"}},"type":"object"},"createdAt":{"value":"2018-04-02T05:48:12.548Z","type":"timestamp"},"publicImageURL":{"value":"https://firebasestorage.googleapis.com/v0/b/ourland-a0d62.appspot.com/o/photo%2Fe96295fa-89e1-4185-82ea-815d4b6eb54b%2Foriginal.jpg?alt=media&token=a7026b62-4e62-4e32-81df-5e47a3408d91","type":"string"},"interval":{"value":null,"type":"null"},"thumbnailImageURL":{"value":"gs://ourland-a0d62.appspot.com/photo/e96295fa-89e1-4185-82ea-815d4b6eb54b/thumbnail.jpg","type":"string"},"uid":{"value":"Q72z8i9yHyaLCCiAyR5BoGd0kQr1","type":"string"},"hide":{"value":false,"type":"boolean"}}