{"interval":{"value":null,"type":"null"},"thumbnailPublicImageURL":{"value":"https://firebasestorage.googleapis.com/v0/b/ourland-a0d62.appspot.com/o/photo%2Fa9b61640-1ae2-4ded-b23a-64652bcb8dff%2Fthumbnail.jpg?alt=media&token=1891a342-4341-44e8-8f43-6c70bcb771a3","type":"string"},"thumbnailImageURL":{"value":"gs://ourland-a0d62.appspot.com/photo/a9b61640-1ae2-4ded-b23a-64652bcb8dff/thumbnail.jpg","type":"string"},"imageUrl":{"value":"gs://ourland-a0d62.appspot.com/photo/a9b61640-1ae2-4ded-b23a-64652bcb8dff/original.jpg","type":"string"},"uid":{"value":"R6FWaigWsDcV8uzXnjiFlOpSHRb2","type":"string"},"geolocation":{"value":{"_latitude":22.2863594,"_longitude":114.217},"type":"geopoint"},"duration":{"value":null,"type":"null"},"fbuid":{"value":"10213143183868185","type":"string"},"key":{"value":"a9b61640-1ae2-4ded-b23a-64652bcb8dff","type":"string"},"hide":{"value":false,"type":"boolean"},"tag":{"value":null,"type":"null"},"start":{"value":"1970-01-01T00:00:00.000Z","type":"timestamp"},"link":{"value":"","type":"string"},"lastUpdate":{"value":"2018-04-20T14:38:41.316Z","type":"timestamp"},"status":{"value":"開放","type":"string"},"photoUrl":{"value":"https://lookaside.facebook.com/platform/profilepic/?asid=10213143183868185&height=100&width=100&ext=1523030442&hash=AeR4q2dWQIfJcSLx","type":"string"},"name":{"value":"Choi Sing","type":"string"},"streetAddress":{"value":"香港太古城太古城道18B號太古城海天花園逸天閣","type":"string"},"text":{"value":"太古地鐵站郵箱","type":"string"},"viewCount":{"value":1,"type":"number"},"tagfilter":{"value":{"郵筒":{"value":1,"type":"number"},"公共設施":{"value":1,"type":"number"}},"type":"object"},"createdAt":{"value":"2018-04-18T09:59:35.891Z","type":"timestamp"},"publicImageURL":{"value":"https://firebasestorage.googleapis.com/v0/b/ourland-a0d62.appspot.com/o/photo%2Fa9b61640-1ae2-4ded-b23a-64652bcb8dff%2Foriginal.jpg?alt=media&token=8c2a28e2-c8c0-4854-a3ac-0083355934f1","type":"string"}}