{"interval":{"value":null,"type":"null"},"thumbnailPublicImageURL":{"value":null,"type":"null"},"thumbnailImageURL":{"value":null,"type":"null"},"imageUrl":{"value":null,"type":"null"},"uid":{"value":"R6FWaigWsDcV8uzXnjiFlOpSHRb2","type":"string"},"geolocation":{"value":{"_latitude":22.2865557,"_longitude":114.2166284},"type":"geopoint"},"duration":{"value":null,"type":"null"},"fbuid":{"value":"10213143183868185","type":"string"},"key":{"value":"a809a554-0969-4713-96aa-cf3e48fc6c9e","type":"string"},"hide":{"value":false,"type":"boolean"},"tag":{"value":null,"type":"null"},"start":{"value":"1970-01-01T00:00:00.000Z","type":"timestamp"},"link":{"value":"","type":"string"},"lastUpdate":{"value":"2018-04-20T14:42:10.338Z","type":"timestamp"},"status":{"value":"開放","type":"string"},"photoUrl":{"value":"https://lookaside.facebook.com/platform/profilepic/?asid=10213143183868185&height=100&width=100&ext=1523030442&hash=AeR4q2dWQIfJcSLx","type":"string"},"name":{"value":"Choi Sing","type":"string"},"streetAddress":{"value":"香港太古城太茂路1號","type":"string"},"text":{"value":"太古城郵箱","type":"string"},"viewCount":{"value":1,"type":"number"},"tagfilter":{"value":{"郵筒":{"value":1,"type":"number"},"公共設施":{"value":1,"type":"number"}},"type":"object"},"createdAt":{"value":"2018-04-16T09:14:36.951Z","type":"timestamp"},"publicImageURL":{"value":null,"type":"null"}}