{"duration":{"value":null,"type":"null"},"fbuid":{"value":"1726522827465168","type":"string"},"key":{"value":"c84c1dd9-df79-4e9d-97bf-f1f3dc58fe1a","type":"string"},"hide":{"value":false,"type":"boolean"},"tag":{"value":null,"type":"null"},"start":{"value":"1970-01-01T00:00:00.000Z","type":"timestamp"},"link":{"value":"","type":"string"},"lastUpdate":{"value":"2018-04-24T12:10:17.652Z","type":"timestamp"},"status":{"value":"開放","type":"string"},"photoUrl":{"value":"https://scontent-hkg3-2.xx.fbcdn.net/v/t1.0-1/p148x148/24862601_295311714309440_1589039543195318263_n.jpg?_nc_cat=0&oh=cbf16e3926ef590a8da91e4ce0e0b99d&oe=5B6E8881","type":"string"},"name":{"value":"陳炳洋","type":"string"},"streetAddress":{"value":"鴨脷洲洪聖街11號","type":"string"},"text":{"value":"加強洪聖街橫巷清潔","type":"string"},"viewCount":{"value":1,"type":"number"},"tagfilter":{"value":{"清潔":{"value":1,"type":"number"},"社區匯報":{"value":1,"type":"number"}},"type":"object"},"createdAt":{"value":"2018-04-24T12:09:58.919Z","type":"timestamp"},"publicImageURL":{"value":"https://firebasestorage.googleapis.com/v0/b/ourland-a0d62.appspot.com/o/photo%2Fc84c1dd9-df79-4e9d-97bf-f1f3dc58fe1a%2Foriginal.jpg?alt=media&token=63defc92-7493-431d-b42c-7183440b3c5d","type":"string"},"interval":{"value":null,"type":"null"},"thumbnailPublicImageURL":{"value":"https://firebasestorage.googleapis.com/v0/b/ourland-a0d62.appspot.com/o/photo%2Fc84c1dd9-df79-4e9d-97bf-f1f3dc58fe1a%2Fthumbnail.jpg?alt=media&token=e8fd1223-d08e-4e77-94b2-fe97271fb87f","type":"string"},"thumbnailImageURL":{"value":"gs://ourland-a0d62.appspot.com/photo/c84c1dd9-df79-4e9d-97bf-f1f3dc58fe1a/thumbnail.jpg","type":"string"},"imageUrl":{"value":"gs://ourland-a0d62.appspot.com/photo/c84c1dd9-df79-4e9d-97bf-f1f3dc58fe1a/original.jpg","type":"string"},"uid":{"value":"4ET30Mqak7eTDpCVJ3yDIrTU4sy1","type":"string"},"geolocation":{"value":{"_latitude":22.2445248,"_longitude":114.1560696},"type":"geopoint"}}