{"thumbnailPublicImageURL":{"value":"https://firebasestorage.googleapis.com/v0/b/ourland-a0d62.appspot.com/o/photo%2F89c6452d-4b2b-4cd5-bdc9-cca90b2ee963%2Fthumbnail.jpg?alt=media&token=9bfef2a9-2814-4172-8f9d-abce6f6e9700","type":"string"},"thumbnailImageURL":{"value":"gs://ourland-a0d62.appspot.com/photo/89c6452d-4b2b-4cd5-bdc9-cca90b2ee963/thumbnail.jpg","type":"string"},"imageUrl":{"value":"gs://ourland-a0d62.appspot.com/photo/89c6452d-4b2b-4cd5-bdc9-cca90b2ee963/original.jpg","type":"string"},"uid":{"value":"R6FWaigWsDcV8uzXnjiFlOpSHRb2","type":"string"},"geolocation":{"value":{"_latitude":22.309978,"_longitude":114.2376113},"type":"geopoint"},"duration":{"value":null,"type":"null"},"fbuid":{"value":"10213143183868185","type":"string"},"key":{"value":"89c6452d-4b2b-4cd5-bdc9-cca90b2ee963","type":"string"},"hide":{"value":false,"type":"boolean"},"tag":{"value":null,"type":"null"},"start":{"value":"1970-01-01T00:00:00.000Z","type":"timestamp"},"link":{"value":"","type":"string"},"lastUpdate":{"value":"2018-04-28T09:29:23.573Z","type":"timestamp"},"status":{"value":"開放","type":"string"},"photoUrl":{"value":"https://lookaside.facebook.com/platform/profilepic/?asid=10213143183868185&height=100&width=100&ext=1523030442&hash=AeR4q2dWQIfJcSLx","type":"string"},"name":{"value":"Choi Sing","type":"string"},"streetAddress":{"value":"香港藍田慶田街1號藍田綜合大樓","type":"string"},"text":{"value":"藍田德田商場郵箱","type":"string"},"tagfilter":{"value":{"公共設施":{"value":1,"type":"number"},"郵箱":{"value":1,"type":"number"}},"type":"object"},"createdAt":{"value":"2018-04-28T09:29:23.573Z","type":"timestamp"},"publicImageURL":{"value":"https://firebasestorage.googleapis.com/v0/b/ourland-a0d62.appspot.com/o/photo%2F89c6452d-4b2b-4cd5-bdc9-cca90b2ee963%2Foriginal.jpg?alt=media&token=921f4a06-b731-47e0-84ee-4cfca9a9eae5","type":"string"},"interval":{"value":null,"type":"null"}}