{"publicImageURL":{"value":"https://firebasestorage.googleapis.com/v0/b/ourland-a0d62.appspot.com/o/photo%2Fc0a24d78-b64e-40d2-a8bd-7f56f2ecbc80%2Foriginal.jpg?alt=media&token=ba9d106a-bb51-4722-80b1-594d28d2850c","type":"string"},"interval":{"value":null,"type":"null"},"thumbnailPublicImageURL":{"value":"https://firebasestorage.googleapis.com/v0/b/ourland-a0d62.appspot.com/o/photo%2Fc0a24d78-b64e-40d2-a8bd-7f56f2ecbc80%2Fthumbnail.jpg?alt=media&token=3493587b-063e-49f0-bcee-8b9e51af6d55","type":"string"},"thumbnailImageURL":{"value":"gs://ourland-a0d62.appspot.com/photo/c0a24d78-b64e-40d2-a8bd-7f56f2ecbc80/thumbnail.jpg","type":"string"},"imageUrl":{"value":"gs://ourland-a0d62.appspot.com/photo/c0a24d78-b64e-40d2-a8bd-7f56f2ecbc80/original.jpg","type":"string"},"uid":{"value":"4ET30Mqak7eTDpCVJ3yDIrTU4sy1","type":"string"},"geolocation":{"value":{"_latitude":22.244947,"_longitude":114.15552},"type":"geopoint"},"duration":{"value":null,"type":"null"},"fbuid":{"value":"1726522827465168","type":"string"},"key":{"value":"c0a24d78-b64e-40d2-a8bd-7f56f2ecbc80","type":"string"},"hide":{"value":false,"type":"boolean"},"tag":{"value":null,"type":"null"},"start":{"value":"1970-01-01T00:00:00.000Z","type":"timestamp"},"link":{"value":"","type":"string"},"lastUpdate":{"value":"2018-05-11T13:29:56.639Z","type":"timestamp"},"status":{"value":"完結","type":"string"},"photoUrl":{"value":"https://scontent-hkg3-2.xx.fbcdn.net/v/t1.0-1/p148x148/24862601_295311714309440_1589039543195318263_n.jpg?_nc_cat=0&oh=cbf16e3926ef590a8da91e4ce0e0b99d&oe=5B6E8881","type":"string"},"name":{"value":"陳炳洋","type":"string"},"streetAddress":{"value":"鴨脷洲海濱長廊公園","type":"string"},"text":{"value":"維修損壞路燈 (編號：040)","type":"string"},"viewCount":{"value":3,"type":"number"},"tagfilter":{"value":{"社區匯報":{"value":1,"type":"number"},"公共地方維修":{"value":1,"type":"number"}},"type":"object"},"createdAt":{"value":"2018-05-10T14:08:56.379Z","type":"timestamp"}}