{"thumbnailPublicImageURL":{"value":"https://firebasestorage.googleapis.com/v0/b/ourland-a0d62.appspot.com/o/photo%2Fe5cb5a54-f20d-4506-b0e0-75f40f0f3a2a%2Fthumbnail.jpg?alt=media&token=369e5e79-d8e8-406e-8f39-85937d5b5607","type":"string"},"thumbnailImageURL":{"value":"gs://ourland-a0d62.appspot.com/photo/e5cb5a54-f20d-4506-b0e0-75f40f0f3a2a/thumbnail.jpg","type":"string"},"imageUrl":{"value":"gs://ourland-a0d62.appspot.com/photo/e5cb5a54-f20d-4506-b0e0-75f40f0f3a2a/original.jpg","type":"string"},"uid":{"value":"4ET30Mqak7eTDpCVJ3yDIrTU4sy1","type":"string"},"geolocation":{"value":{"_latitude":22.2438584,"_longitude":114.1555239},"type":"geopoint"},"duration":{"value":"1:30","type":"string"},"fbuid":{"value":"1726522827465168","type":"string"},"key":{"value":"e5cb5a54-f20d-4506-b0e0-75f40f0f3a2a","type":"string"},"hide":{"value":false,"type":"boolean"},"tag":{"value":null,"type":"null"},"start":{"value":"2018-04-27T10:30:00.000Z","type":"timestamp"},"link":{"value":"https://goo.gl/forms/HclpSLXFK7YRIn303","type":"string"},"lastUpdate":{"value":"2018-05-02T14:49:56.445Z","type":"timestamp"},"status":{"value":"完結","type":"string"},"photoUrl":{"value":"https://scontent-hkg3-2.xx.fbcdn.net/v/t1.0-1/p148x148/24862601_295311714309440_1589039543195318263_n.jpg?_nc_cat=0&oh=cbf16e3926ef590a8da91e4ce0e0b99d&oe=5B6E8881","type":"string"},"name":{"value":"陳炳洋","type":"string"},"streetAddress":{"value":"鴨脷洲大街崇新閣","type":"string"},"text":{"value":"鴨脷洲新海旁道用地規劃問卷調查Day12—崇新閣站","type":"string"},"viewCount":{"value":2,"type":"number"},"tagfilter":{"value":{"鴨脷洲新海旁道":{"value":1,"type":"number"},"社區規劃":{"value":1,"type":"number"},"社區調查":{"value":1,"type":"number"}},"type":"object"},"createdAt":{"value":"2018-04-27T13:13:43.358Z","type":"timestamp"},"publicImageURL":{"value":"https://firebasestorage.googleapis.com/v0/b/ourland-a0d62.appspot.com/o/photo%2Fe5cb5a54-f20d-4506-b0e0-75f40f0f3a2a%2Foriginal.jpg?alt=media&token=633b1aff-c83c-40f2-b7c1-5ddaeeecdb39","type":"string"},"interval":{"value":null,"type":"null"}}