{"interval":{"value":null,"type":"null"},"thumbnailImageURL":{"value":"gs://ourland-a0d62.appspot.com/photo/d12a4e76-19b0-4a8a-8d61-58d5374acc3d/thumbnail.jpg","type":"string"},"uid":{"value":"4ET30Mqak7eTDpCVJ3yDIrTU4sy1","type":"string"},"hide":{"value":false,"type":"boolean"},"tag":{"value":null,"type":"null"},"lastUpdate":{"value":"2018-05-05T16:55:28.716Z","type":"timestamp"},"status":{"value":"開放","type":"string"},"photoUrl":{"value":"https://scontent-hkg3-2.xx.fbcdn.net/v/t1.0-1/p148x148/24862601_295311714309440_1589039543195318263_n.jpg?_nc_cat=0&oh=cbf16e3926ef590a8da91e4ce0e0b99d&oe=5B6E8881","type":"string"},"name":{"value":"陳炳洋","type":"string"},"viewCount":{"value":2,"type":"number"},"thumbnailPublicImageURL":{"value":"https://firebasestorage.googleapis.com/v0/b/ourland-a0d62.appspot.com/o/photo%2Fd12a4e76-19b0-4a8a-8d61-58d5374acc3d%2Fthumbnail.jpg?alt=media&token=6a9b5c0d-9f40-48dd-9e5a-89eabb46f0f4","type":"string"},"imageUrl":{"value":"gs://ourland-a0d62.appspot.com/photo/d12a4e76-19b0-4a8a-8d61-58d5374acc3d/original.jpg","type":"string"},"geolocation":{"value":{"_latitude":22.244715,"_longitude":114.153217},"type":"geopoint"},"duration":{"value":null,"type":"null"},"fbuid":{"value":"1726522827465168","type":"string"},"key":{"value":"d12a4e76-19b0-4a8a-8d61-58d5374acc3d","type":"string"},"start":{"value":"1970-01-01T00:00:00.000Z","type":"timestamp"},"link":{"value":"","type":"string"},"concernRecord":{"value":[],"type":"array"},"streetAddress":{"value":"鴨脷洲風之塔公園遊樂場","type":"string"},"text":{"value":"鴨脷洲風之塔公園遊樂場","type":"string"},"tagfilter":{"value":{"遊樂場":{"value":1,"type":"number"},"滑梯":{"value":1,"type":"number"},"公共設施":{"value":1,"type":"number"}},"type":"object"},"createdAt":{"value":"2018-04-20T03:25:39.125Z","type":"timestamp"},"publicImageURL":{"value":"https://firebasestorage.googleapis.com/v0/b/ourland-a0d62.appspot.com/o/photo%2Fd12a4e76-19b0-4a8a-8d61-58d5374acc3d%2Foriginal.jpg?alt=media&token=53bc6878-5726-49fd-b4f5-58e6f99a03d4","type":"string"}}