{"lastUpdate":{"value":"2018-05-23T11:14:21.716Z","type":"timestamp"},"status":{"value":"開放","type":"string"},"photoUrl":{"value":"https://scontent-hkg3-2.xx.fbcdn.net/v/t1.0-1/p148x148/24862601_295311714309440_1589039543195318263_n.jpg?_nc_cat=0&oh=cbf16e3926ef590a8da91e4ce0e0b99d&oe=5B6E8881","type":"string"},"name":{"value":"陳炳洋","type":"string"},"viewCount":{"value":3,"type":"number"},"thumbnailPublicImageURL":{"value":"https://firebasestorage.googleapis.com/v0/b/ourland-a0d62.appspot.com/o/photo%2Fa69dddc8-bb3e-4308-b294-b976845c01fd%2Fthumbnail.jpg?alt=media&token=4cf8ba99-adfd-4f23-b54c-2f8826c0cc36","type":"string"},"imageUrl":{"value":"gs://ourland-a0d62.appspot.com/photo/a69dddc8-bb3e-4308-b294-b976845c01fd/original.jpg","type":"string"},"geolocation":{"value":{"_latitude":22.2436814,"_longitude":114.1553075},"type":"geopoint"},"duration":{"value":null,"type":"null"},"fbuid":{"value":"1726522827465168","type":"string"},"key":{"value":"a69dddc8-bb3e-4308-b294-b976845c01fd","type":"string"},"start":{"value":"1970-01-01T00:00:00.000Z","type":"timestamp"},"link":{"value":"","type":"string"},"concernRecord":{"value":[],"type":"array"},"streetAddress":{"value":"鴨脷洲利東站A1出口","type":"string"},"text":{"value":"社區主任陳炳洋 ","type":"string"},"tagfilter":{"value":{"鴨脷洲":{"value":1,"type":"number"},"鴨脷洲北":{"value":1,"type":"number"},"社區主任":{"value":1,"type":"number"},"鴨脷洲大街":{"value":1,"type":"number"}},"type":"object"},"createdAt":{"value":"2018-04-11T06:26:33.614Z","type":"timestamp"},"publicImageURL":{"value":"https://firebasestorage.googleapis.com/v0/b/ourland-a0d62.appspot.com/o/photo%2Fa69dddc8-bb3e-4308-b294-b976845c01fd%2Foriginal.jpg?alt=media&token=e8891d28-50c7-41bd-a5d3-e2f5e71deb8d","type":"string"},"interval":{"value":null,"type":"null"},"thumbnailImageURL":{"value":"gs://ourland-a0d62.appspot.com/photo/a69dddc8-bb3e-4308-b294-b976845c01fd/thumbnail.jpg","type":"string"},"uid":{"value":"4ET30Mqak7eTDpCVJ3yDIrTU4sy1","type":"string"},"hide":{"value":false,"type":"boolean"},"tag":{"value":null,"type":"null"}}