{"publicImageURL":{"value":"https://firebasestorage.googleapis.com/v0/b/ourland-a0d62.appspot.com/o/ioIW4DiztVfItj7NtMiWFZI2EBF3%2Fbe8a3eed-26f0-4a98-b4b1-2f054bdc56db%2Fevent.jpg?alt=media&token=336deedb-aeb6-444b-86e4-d729a82d5af7","type":"string"},"interval":{"value":null,"type":"null"},"imageUrl":{"value":"gs://ourland-a0d62.appspot.com/ioIW4DiztVfItj7NtMiWFZI2EBF3/be8a3eed-26f0-4a98-b4b1-2f054bdc56db/event.jpg","type":"string"},"uid":{"value":"ioIW4DiztVfItj7NtMiWFZI2EBF3","type":"string"},"geolocation":{"value":{"_latitude":22.3203648,"_longitude":114.169773},"type":"geopoint"},"duration":{"value":"3:00","type":"string"},"fbuid":{"value":"10155908838820199","type":"string"},"key":{"value":"be8a3eed-26f0-4a98-b4b1-2f054bdc56db","type":"string"},"hide":{"value":false,"type":"boolean"},"tag":{"value":null,"type":"null"},"start":{"value":"2018-03-18T01:30:00.000Z","type":"timestamp"},"link":{"value":"","type":"string"},"lastUpdate":{"value":"2018-06-03T17:41:28.803Z","type":"timestamp"},"status":{"value":"完結","type":"string"},"photoUrl":{"value":"https://scontent.xx.fbcdn.net/v/t1.0-1/p100x100/21462533_10155449870145199_152778259148008058_n.jpg?oh=c15e9082e30d13bc227f4a54b6fcc73f&oe=5B3F8F6E","type":"string"},"name":{"value":"Orochi Ben Lam","type":"string"},"streetAddress":{"value":"香港旺角快富街1號","type":"string"},"text":{"value":"社區前進 雲泉仙館齋宴一天遊","type":"string"},"viewCount":{"value":4,"type":"number"},"tagfilter":{"value":{},"type":"object"},"createdAt":{"value":"2018-03-13T09:19:28.626Z","type":"timestamp"}}