{"hide":{"value":false,"type":"boolean"},"tag":{"value":null,"type":"null"},"lastUpdate":{"value":"2018-05-05T16:57:43.070Z","type":"timestamp"},"status":{"value":"開放","type":"string"},"photoUrl":{"value":"https://firebasestorage.googleapis.com/v0/b/ourland-a0d62.appspot.com/o/photo%2FUserProfile%2F6QxibVFOSkaMbE95Aqz90KFaRM73%2Fprofile_7d1b9a72-b3bb-4511-8349-9e23ae819608.jpg?alt=media&token=e93fcc8d-91fe-47e9-9d9f-b7a2e08b3825","type":"string"},"name":{"value":"Vincent Lam","type":"string"},"viewCount":{"value":22,"type":"number"},"thumbnailPublicImageURL":{"value":"https://firebasestorage.googleapis.com/v0/b/ourland-a0d62.appspot.com/o/photo%2Fdb207121-d9db-4f1f-83d5-ee226ad0b2f2%2Fthumbnail.jpg?alt=media&token=1436f3eb-3827-4bb9-bc13-ead0c1b1280b","type":"string"},"imageUrl":{"value":"gs://ourland-a0d62.appspot.com/photo/db207121-d9db-4f1f-83d5-ee226ad0b2f2/original.jpg","type":"string"},"geolocation":{"value":{"_latitude":22.317201,"_longitude":114.185904},"type":"geopoint"},"duration":{"value":null,"type":"null"},"fbuid":{"value":"2012612212101263","type":"string"},"key":{"value":"db207121-d9db-4f1f-83d5-ee226ad0b2f2","type":"string"},"start":{"value":"1970-01-01T00:00:00.000Z","type":"timestamp"},"link":{"value":"","type":"string"},"concernRecord":{"value":[],"type":"array"},"streetAddress":{"value":"樂民新村","type":"string"},"text":{"value":"樂民新村重建問卷收集","type":"string"},"tagfilter":{"value":{},"type":"object"},"createdAt":{"value":"2018-05-04T05:20:39.758Z","type":"timestamp"},"publicImageURL":{"value":"https://firebasestorage.googleapis.com/v0/b/ourland-a0d62.appspot.com/o/photo%2Fdb207121-d9db-4f1f-83d5-ee226ad0b2f2%2Foriginal.jpg?alt=media&token=b610d477-573f-46a7-8acb-573e9e282bdf","type":"string"},"interval":{"value":null,"type":"null"},"thumbnailImageURL":{"value":"gs://ourland-a0d62.appspot.com/photo/db207121-d9db-4f1f-83d5-ee226ad0b2f2/thumbnail.jpg","type":"string"},"uid":{"value":"6QxibVFOSkaMbE95Aqz90KFaRM73","type":"string"}}