{"approvedStatus":{"value":{"createdAt":{"value":"2018-04-15T16:13:02.519Z","type":"timestamp"},"fbuid":{"value":"140969833258766","type":"string"},"name":{"value":"我地。香港","type":"string"},"isConfirm":{"value":"接納","type":"string"}},"type":"object"},"photoUrl":{"value":"https://scontent-hkg3-2.xx.fbcdn.net/v/t1.0-1/p148x148/24862601_295311714309440_1589039543195318263_n.jpg?_nc_cat=0&oh=cbf16e3926ef590a8da91e4ce0e0b99d&oe=5B6E8881","type":"string"},"name":{"value":"陳炳洋","type":"string"},"uid":{"value":"4ET30Mqak7eTDpCVJ3yDIrTU4sy1","type":"string"},"createdAt":{"value":"2018-04-13T07:00:31.270Z","type":"timestamp"},"hide":{"value":false,"type":"boolean"},"link":{"value":"https://www.facebook.com/chanpingyeung/photos/a.248768455630433.1073741827.246618229178789/347816879058923","type":"string"},"lastUpdate":{"value":null,"type":"null"}}