{"viewCount":{"value":3,"type":"number"},"thumbnailPublicImageURL":{"value":"https://firebasestorage.googleapis.com/v0/b/ourland-a0d62.appspot.com/o/photo%2F3914e7b3-2c43-4f49-b2a2-8d6399ed0b67%2Fthumbnail.jpg?alt=media&token=9079f786-832d-4e07-9dc0-8028d3a4ecef","type":"string"},"imageUrl":{"value":"gs://ourland-a0d62.appspot.com/photo/3914e7b3-2c43-4f49-b2a2-8d6399ed0b67/original.jpg","type":"string"},"geolocation":{"value":{"_latitude":22.31855,"_longitude":114.1760968},"type":"geopoint"},"duration":{"value":null,"type":"null"},"fbuid":{"value":"140969833258766","type":"string"},"key":{"value":"3914e7b3-2c43-4f49-b2a2-8d6399ed0b67","type":"string"},"start":{"value":"1970-01-01T00:00:00.000Z","type":"timestamp"},"link":{"value":"","type":"string"},"concernRecord":{"value":[],"type":"array"},"streetAddress":{"value":"培正道5號","type":"string"},"text":{"value":"培正道公園","type":"string"},"tagfilter":{"value":{"遊樂場":{"value":1,"type":"number"},"滑梯":{"value":1,"type":"number"}},"type":"object"},"createdAt":{"value":"2018-03-30T09:10:25.214Z","type":"timestamp"},"publicImageURL":{"value":"https://firebasestorage.googleapis.com/v0/b/ourland-a0d62.appspot.com/o/photo%2F3914e7b3-2c43-4f49-b2a2-8d6399ed0b67%2Foriginal.jpg?alt=media&token=7c9e15b0-44ed-4edf-a969-e77684ed74c5","type":"string"},"interval":{"value":null,"type":"null"},"thumbnailImageURL":{"value":"gs://ourland-a0d62.appspot.com/photo/3914e7b3-2c43-4f49-b2a2-8d6399ed0b67/thumbnail.jpg","type":"string"},"uid":{"value":"mUQgwxkmPBfVA47d9lHzB482Nmp1","type":"string"},"hide":{"value":false,"type":"boolean"},"tag":{"value":null,"type":"null"},"lastUpdate":{"value":"2018-05-23T11:12:57.999Z","type":"timestamp"},"status":{"value":"開放","type":"string"},"photoUrl":{"value":"https://scontent.xx.fbcdn.net/v/t1.0-1/c4.0.100.100/p100x100/29497881_156376241718125_3335661907779518464_n.jpg?_nc_cat=0&oh=c48660afaf964df58e4225860d7f11db&oe=5B38CA34","type":"string"},"name":{"value":"我地。香港","type":"string"}}