{"publicImageURL":{"value":"https://firebasestorage.googleapis.com/v0/b/ourland-a0d62.appspot.com/o/photo%2Facc0eea5-c807-4834-b30b-e198cf728f17%2Foriginal.jpg?alt=media&token=ff6ae582-fc20-491f-9142-7562262e04be","type":"string"},"interval":{"value":null,"type":"null"},"thumbnailPublicImageURL":{"value":"https://firebasestorage.googleapis.com/v0/b/ourland-a0d62.appspot.com/o/photo%2Facc0eea5-c807-4834-b30b-e198cf728f17%2Fthumbnail.jpg?alt=media&token=85c798a2-ddb5-4d22-8998-27ef9cc95196","type":"string"},"thumbnailImageURL":{"value":"gs://ourland-a0d62.appspot.com/photo/acc0eea5-c807-4834-b30b-e198cf728f17/thumbnail.jpg","type":"string"},"imageUrl":{"value":"gs://ourland-a0d62.appspot.com/photo/acc0eea5-c807-4834-b30b-e198cf728f17/original.jpg","type":"string"},"uid":{"value":"4ET30Mqak7eTDpCVJ3yDIrTU4sy1","type":"string"},"geolocation":{"value":{"_latitude":22.2444803,"_longitude":114.1575006},"type":"geopoint"},"duration":{"value":null,"type":"null"},"fbuid":{"value":"1726522827465168","type":"string"},"key":{"value":"acc0eea5-c807-4834-b30b-e198cf728f17","type":"string"},"hide":{"value":false,"type":"boolean"},"tag":{"value":null,"type":"null"},"start":{"value":"1970-01-01T00:00:00.000Z","type":"timestamp"},"link":{"value":"","type":"string"},"lastUpdate":{"value":"2018-05-30T10:23:27.223Z","type":"timestamp"},"status":{"value":"完結","type":"string"},"photoUrl":{"value":"https://scontent-hkg3-2.xx.fbcdn.net/v/t1.0-1/p148x148/24862601_295311714309440_1589039543195318263_n.jpg?_nc_cat=0&oh=cbf16e3926ef590a8da91e4ce0e0b99d&oe=5B6E8881","type":"string"},"name":{"value":"陳炳洋","type":"string"},"streetAddress":{"value":"鴨脷洲山明街","type":"string"},"text":{"value":"跟進執漏工作 確保完成","type":"string"},"viewCount":{"value":1,"type":"number"},"tagfilter":{"value":{"清潔":{"value":1,"type":"number"},"社區匯報":{"value":1,"type":"number"}},"type":"object"},"createdAt":{"value":"2018-05-30T04:50:15.065Z","type":"timestamp"}}