{"uid":{"value":"Q72z8i9yHyaLCCiAyR5BoGd0kQr1","type":"string"},"tags":{"value":[{"value":"地膽","type":"string"}],"type":"array"},"createdAt":{"value":"2018-04-13T09:50:49.744Z","type":"timestamp"},"hide":{"value":false,"type":"boolean"},"lastUpdate":{"value":null,"type":"null"},"approvedStatus":{"value":{"isConfirm":{"value":"接納","type":"string"},"createdAt":{"value":"2018-04-17T12:03:42.330Z","type":"timestamp"},"fbuid":{"value":"140969833258766","type":"string"},"name":{"value":"我地。香港","type":"string"}},"type":"object"},"photoUrl":{"value":"https://firebasestorage.googleapis.com/v0/b/ourland-a0d62.appspot.com/o/photo%2FUserProfile%2FQ72z8i9yHyaLCCiAyR5BoGd0kQr1%2Fprofile_e07c3975-5cb3-431b-a388-a94c9eecd8f6.jpg?alt=media&token=42c8aed1-f609-4885-90ec-4399151ce9a1","type":"string"},"name":{"value":"麥家凱","type":"string"}}