{"publicImageURL":{"value":"https://firebasestorage.googleapis.com/v0/b/ourland-a0d62.appspot.com/o/photo%2F93e844b9-3183-44f2-9242-0ede09f73a36%2Fevent.jpg?alt=media&token=a1ba7aed-24b8-4309-a25a-1172e9e42394","type":"string"},"interval":{"value":null,"type":"null"},"uid":{"value":"RmtuzaPXr3ZghY397CxS18mWfWX2","type":"string"},"imageUrl":{"value":"gs://ourland-a0d62.appspot.com/photo/93e844b9-3183-44f2-9242-0ede09f73a36/event.jpg","type":"string"},"geolocation":{"value":{"_latitude":22.31997,"_longitude":114.2161},"type":"geopoint"},"duration":{"value":null,"type":"null"},"fbuid":{"value":"10159449765660019","type":"string"},"key":{"value":"93e844b9-3183-44f2-9242-0ede09f73a36","type":"string"},"hide":{"value":false,"type":"boolean"},"tag":{"value":null,"type":"null"},"start":{"value":"1970-01-01T00:00:00.000Z","type":"timestamp"},"link":{"value":"http://www.hkma.gov.hk/chi/key-functions/monetary-stability/notes-coins-hong-kong/coin-collection/","type":"string"},"lastUpdate":{"value":"2018-04-15T18:10:18.260Z","type":"timestamp"},"status":{"value":"完結","type":"string"},"photoUrl":{"value":"https://scontent.xx.fbcdn.net/v/t1.0-1/p100x100/24991197_10160062541885019_2799081530111197640_n.jpg?_nc_cat=0&oh=0dd77b3f296f074819f8c13b35465240&oe=5B2BCF48","type":"string"},"name":{"value":"Ho Wa Wong","type":"string"},"streetAddress":{"value":"牛頭角上邨廣場","type":"string"},"text":{"value":"收銀車1號 (上午 10 時至晚上 7 時)","type":"string"},"tagfilter":{"value":{"收銀車":{"value":1,"type":"number"},"觀塘":{"value":1,"type":"number"},"牛頭角":{"value":1,"type":"number"},"牛頭角上邨廣場":{"value":1,"type":"number"}},"type":"object"},"createdAt":{"value":"2018-03-20T11:18:35.575Z","type":"timestamp"}}