{"start":{"value":"1970-01-01T00:00:00.000Z","type":"timestamp"},"link":{"value":"","type":"string"},"lastUpdate":{"value":"2018-05-19T04:21:00.070Z","type":"timestamp"},"status":{"value":"開放","type":"string"},"photoUrl":{"value":"https://firebasestorage.googleapis.com/v0/b/ourland-a0d62.appspot.com/o/photo%2FUserProfile%2FmUQgwxkmPBfVA47d9lHzB482Nmp1%2Fprofile_a6ae4b62-1d9e-437f-bdf9-3e6e68d30729.jpg?alt=media&token=a05ff2b7-b23c-44c7-8756-abff6e12bd37","type":"string"},"name":{"value":"我地。香港","type":"string"},"streetAddress":{"value":"香港十二號山忠義街1號何文田體育館","type":"string"},"text":{"value":"何文田公園","type":"string"},"viewCount":{"value":1,"type":"number"},"tagfilter":{"value":{"公共設施":{"value":1,"type":"number"},"兒童遊樂場":{"value":1,"type":"number"},"滑梯":{"value":1,"type":"number"}},"type":"object"},"createdAt":{"value":"2018-05-19T04:21:00.070Z","type":"timestamp"},"publicImageURL":{"value":"https://firebasestorage.googleapis.com/v0/b/ourland-a0d62.appspot.com/o/photo%2F90f5f00d-1fee-4ac4-bf77-62dc5c59a230%2Foriginal.jpg?alt=media&token=02fae4ff-4af9-4fb1-b2d1-1934b84a70dc","type":"string"},"interval":{"value":null,"type":"null"},"thumbnailPublicImageURL":{"value":"https://firebasestorage.googleapis.com/v0/b/ourland-a0d62.appspot.com/o/photo%2F90f5f00d-1fee-4ac4-bf77-62dc5c59a230%2Fthumbnail.jpg?alt=media&token=750f35bf-d4ea-4099-ac66-2970e58b51bb","type":"string"},"thumbnailImageURL":{"value":"gs://ourland-a0d62.appspot.com/photo/90f5f00d-1fee-4ac4-bf77-62dc5c59a230/thumbnail.jpg","type":"string"},"imageUrl":{"value":"gs://ourland-a0d62.appspot.com/photo/90f5f00d-1fee-4ac4-bf77-62dc5c59a230/original.jpg","type":"string"},"uid":{"value":"mUQgwxkmPBfVA47d9lHzB482Nmp1","type":"string"},"geolocation":{"value":{"_latitude":22.3115073,"_longitude":114.1809861},"type":"geopoint"},"duration":{"value":null,"type":"null"},"fbuid":{"value":"140969833258766","type":"string"},"key":{"value":"90f5f00d-1fee-4ac4-bf77-62dc5c59a230","type":"string"},"hide":{"value":false,"type":"boolean"},"tag":{"value":null,"type":"null"}}