{"publicImageURL":{"value":"https://firebasestorage.googleapis.com/v0/b/ourland-a0d62.appspot.com/o/photo%2F074421a9-6c13-426c-843b-6667607aa258%2Foriginal.jpg?alt=media&token=0582f1e2-a9ba-4368-b78b-cf0934b989b7","type":"string"},"interval":{"value":"一次","type":"string"},"thumbnailPublicImageURL":{"value":"https://firebasestorage.googleapis.com/v0/b/ourland-a0d62.appspot.com/o/photo%2F074421a9-6c13-426c-843b-6667607aa258%2Fthumbnail.jpg?alt=media&token=46add490-a982-40bc-85f5-e7389b43fad1","type":"string"},"thumbnailImageURL":{"value":"gs://ourland-a0d62.appspot.com/photo/074421a9-6c13-426c-843b-6667607aa258/thumbnail.jpg","type":"string"},"imageUrl":{"value":"gs://ourland-a0d62.appspot.com/photo/074421a9-6c13-426c-843b-6667607aa258/original.jpg","type":"string"},"uid":{"value":"4ET30Mqak7eTDpCVJ3yDIrTU4sy1","type":"string"},"geolocation":{"value":{"_latitude":22.2444119,"_longitude":114.1563715},"type":"geopoint"},"duration":{"value":"1:30","type":"string"},"fbuid":{"value":"1726522827465168","type":"string"},"key":{"value":"074421a9-6c13-426c-843b-6667607aa258","type":"string"},"hide":{"value":false,"type":"boolean"},"tag":{"value":null,"type":"null"},"start":{"value":"2018-05-04T10:30:00.000Z","type":"timestamp"},"link":{"value":"https://goo.gl/forms/HclpSLXFK7YRIn303","type":"string"},"lastUpdate":{"value":"2018-05-04T09:39:27.336Z","type":"timestamp"},"status":{"value":"開放","type":"string"},"photoUrl":{"value":"https://scontent-hkg3-2.xx.fbcdn.net/v/t1.0-1/p148x148/24862601_295311714309440_1589039543195318263_n.jpg?_nc_cat=0&oh=cbf16e3926ef590a8da91e4ce0e0b99d&oe=5B6E8881","type":"string"},"name":{"value":"陳炳洋","type":"string"},"streetAddress":{"value":"鴨脷洲大街42-44號","type":"string"},"text":{"value":"鴨脷洲新海旁道用地規劃問卷調查Day15—食記站","type":"string"},"viewCount":{"value":2,"type":"number"},"tagfilter":{"value":{"社區規劃":{"value":1,"type":"number"},"社區調查":{"value":1,"type":"number"},"鴨脷洲新海旁道":{"value":1,"type":"number"}},"type":"object"},"createdAt":{"value":"2018-05-04T09:39:27.336Z","type":"timestamp"}}