{"interval":{"value":null,"type":"null"},"imageUrl":{"value":"gs://ourland-a0d62.appspot.com/Q72z8i9yHyaLCCiAyR5BoGd0kQr1/db379302-f1c9-4a3c-85ed-079e736dde75/event.jpg","type":"string"},"uid":{"value":"Q72z8i9yHyaLCCiAyR5BoGd0kQr1","type":"string"},"geolocation":{"value":{"_latitude":22.3170611,"_longitude":114.172848},"type":"geopoint"},"duration":{"value":null,"type":"null"},"fbuid":{"value":"10154417054297811","type":"string"},"key":{"value":"db379302-f1c9-4a3c-85ed-079e736dde75","type":"string"},"hide":{"value":false,"type":"boolean"},"tag":{"value":null,"type":"null"},"start":{"value":"1970-01-01T00:00:00.000Z","type":"timestamp"},"link":{"value":"","type":"string"},"lastUpdate":{"value":"2018-04-11T11:39:49.212Z","type":"timestamp"},"concernRecord":{"value":[],"type":"array"},"status":{"value":"開放","type":"string"},"photoUrl":{"value":"https://scontent.xx.fbcdn.net/v/t1.0-1/p100x100/23844583_10154815391937811_5568609168488345314_n.jpg?oh=e19d8b2a255262614e32331fe3090067&oe=5B46DF35","type":"string"},"name":{"value":"Pegasus Mak","type":"string"},"streetAddress":{"value":"香港旺角豉油街110號","type":"string"},"text":{"value":"豉油街公園","type":"string"},"viewCount":{"value":5,"type":"number"},"tagfilter":{"value":{"遊樂場":{"value":1,"type":"number"},"滑梯":{"value":1,"type":"number"}},"type":"object"},"createdAt":{"value":"2018-03-09T06:18:14.885Z","type":"timestamp"},"publicImageURL":{"value":"https://firebasestorage.googleapis.com/v0/b/ourland-a0d62.appspot.com/o/Q72z8i9yHyaLCCiAyR5BoGd0kQr1%2Fdb379302-f1c9-4a3c-85ed-079e736dde75%2Fevent.jpg?alt=media&token=b8bce740-351e-4829-9cd5-aa88b849b751","type":"string"}}