{"duration":{"value":null,"type":"null"},"fbuid":{"value":"10213143183868185","type":"string"},"key":{"value":"6d82f21f-f4b1-4688-aae1-26421b3055c9","type":"string"},"start":{"value":"1970-01-01T00:00:00.000Z","type":"timestamp"},"link":{"value":"","type":"string"},"streetAddress":{"value":"香港大角咀埃華街33號安業工廠大廈","type":"string"},"text":{"value":"大角咀道郵箱","type":"string"},"tagfilter":{"value":{"公共設施":{"value":1,"type":"number"},"郵箱":{"value":1,"type":"number"}},"type":"object"},"createdAt":{"value":"2018-06-13T11:43:39.892Z","type":"timestamp"},"publicImageURL":{"value":"https://firebasestorage.googleapis.com/v0/b/ourland-a0d62.appspot.com/o/photo%2F6d82f21f-f4b1-4688-aae1-26421b3055c9%2Foriginal.jpg?alt=media&token=4a75e282-5bb0-4e87-849e-0487951f9839","type":"string"},"happyCount":{"value":1,"type":"number"},"interval":{"value":null,"type":"null"},"sadCount":{"value":0,"type":"number"},"thumbnailImageURL":{"value":"gs://ourland-a0d62.appspot.com/photo/6d82f21f-f4b1-4688-aae1-26421b3055c9/thumbnail.jpg","type":"string"},"uid":{"value":"R6FWaigWsDcV8uzXnjiFlOpSHRb2","type":"string"},"hide":{"value":false,"type":"boolean"},"tag":{"value":null,"type":"null"},"lastUpdate":{"value":"2018-06-13T11:43:39.892Z","type":"timestamp"},"status":{"value":"開放","type":"string"},"photoUrl":{"value":"https://lookaside.facebook.com/platform/profilepic/?asid=10213143183868185&height=100&width=100&ext=1523030442&hash=AeR4q2dWQIfJcSLx","type":"string"},"name":{"value":"Choi Sing","type":"string"},"viewCount":{"value":1,"type":"number"},"thumbnailPublicImageURL":{"value":"https://firebasestorage.googleapis.com/v0/b/ourland-a0d62.appspot.com/o/photo%2F6d82f21f-f4b1-4688-aae1-26421b3055c9%2Fthumbnail.jpg?alt=media&token=9780e4e9-b15c-4331-886a-7eb55f69e6ac","type":"string"},"imageUrl":{"value":"gs://ourland-a0d62.appspot.com/photo/6d82f21f-f4b1-4688-aae1-26421b3055c9/original.jpg","type":"string"},"geolocation":{"value":{"_latitude":22.3211755,"_longitude":114.1625648},"type":"geopoint"}}