{"fbuid":{"value":"10156267851746912","type":"string"},"key":{"value":"f3e0e5bb-e2a2-43d4-98f6-812a0694b3b7","type":"string"},"hide":{"value":false,"type":"boolean"},"tag":{"value":null,"type":"null"},"start":{"value":"1970-01-01T00:00:00.000Z","type":"timestamp"},"link":{"value":"","type":"string"},"lastUpdate":{"value":"2018-04-26T06:44:37.621Z","type":"timestamp"},"status":{"value":"開放","type":"string"},"photoUrl":{"value":"https://firebasestorage.googleapis.com/v0/b/ourland-a0d62.appspot.com/o/photo%2FUserProfile%2FI7seclgelBhBHo6ZEEC6obrCVsn1%2Fprofile_313cc130-8d6e-4fc5-a991-74b15c7e3513.jpg?alt=media&token=95111cb8-1763-42b4-999c-b5d1cb34ccaf","type":"string"},"name":{"value":"朱子洛 Leo Chu","type":"string"},"streetAddress":{"value":"21 衛理徑","type":"string"},"text":{"value":"關注巴基斯坦會天台手機發射基站輻射問題","type":"string"},"viewCount":{"value":6,"type":"number"},"tagfilter":{"value":{},"type":"object"},"createdAt":{"value":"2018-04-26T06:44:37.621Z","type":"timestamp"},"publicImageURL":{"value":"https://firebasestorage.googleapis.com/v0/b/ourland-a0d62.appspot.com/o/photo%2Ff3e0e5bb-e2a2-43d4-98f6-812a0694b3b7%2Foriginal.jpg?alt=media&token=44809eaf-4869-4f9d-acf0-8799a01ca0a0","type":"string"},"interval":{"value":null,"type":"null"},"thumbnailPublicImageURL":{"value":"https://firebasestorage.googleapis.com/v0/b/ourland-a0d62.appspot.com/o/photo%2Ff3e0e5bb-e2a2-43d4-98f6-812a0694b3b7%2Fthumbnail.jpg?alt=media&token=1cfa26ff-492e-49f1-b8fd-f0bb666b98e1","type":"string"},"thumbnailImageURL":{"value":"gs://ourland-a0d62.appspot.com/photo/f3e0e5bb-e2a2-43d4-98f6-812a0694b3b7/thumbnail.jpg","type":"string"},"imageUrl":{"value":"gs://ourland-a0d62.appspot.com/photo/f3e0e5bb-e2a2-43d4-98f6-812a0694b3b7/original.jpg","type":"string"},"uid":{"value":"I7seclgelBhBHo6ZEEC6obrCVsn1","type":"string"},"geolocation":{"value":{"_latitude":22.3078183,"_longitude":114.1787929},"type":"geopoint"},"duration":{"value":null,"type":"null"}}