{"publicImageURL":{"value":"https://firebasestorage.googleapis.com/v0/b/ourland-a0d62.appspot.com/o/photo%2F1b416ab9-6330-43da-aaaa-f98fee0e7c77%2Foriginal.jpg?alt=media&token=ec52a34d-0f7e-4c56-862b-845d5818c0f6","type":"string"},"interval":{"value":null,"type":"null"},"thumbnailPublicImageURL":{"value":"https://firebasestorage.googleapis.com/v0/b/ourland-a0d62.appspot.com/o/photo%2F1b416ab9-6330-43da-aaaa-f98fee0e7c77%2Fthumbnail.jpg?alt=media&token=24f212b8-a3a4-445a-a30b-d6629068015a","type":"string"},"thumbnailImageURL":{"value":"gs://ourland-a0d62.appspot.com/photo/1b416ab9-6330-43da-aaaa-f98fee0e7c77/thumbnail.jpg","type":"string"},"imageUrl":{"value":"gs://ourland-a0d62.appspot.com/photo/1b416ab9-6330-43da-aaaa-f98fee0e7c77/original.jpg","type":"string"},"uid":{"value":"mUQgwxkmPBfVA47d9lHzB482Nmp1","type":"string"},"geolocation":{"value":{"_latitude":22.2821363,"_longitude":114.1869946},"type":"geopoint"},"duration":{"value":null,"type":"null"},"fbuid":{"value":"140969833258766","type":"string"},"key":{"value":"1b416ab9-6330-43da-aaaa-f98fee0e7c77","type":"string"},"hide":{"value":false,"type":"boolean"},"tag":{"value":null,"type":"null"},"start":{"value":"1970-01-01T00:00:00.000Z","type":"timestamp"},"link":{"value":"","type":"string"},"lastUpdate":{"value":"2018-04-14T08:51:06.548Z","type":"timestamp"},"status":{"value":"開放","type":"string"},"photoUrl":{"value":"https://firebasestorage.googleapis.com/v0/b/ourland-a0d62.appspot.com/o/photo%2FUserProfile%2FmUQgwxkmPBfVA47d9lHzB482Nmp1%2Fprofile_a6ae4b62-1d9e-437f-bdf9-3e6e68d30729.jpg?alt=media&token=a05ff2b7-b23c-44c7-8756-abff6e12bd37","type":"string"},"name":{"value":"我地。香港","type":"string"},"streetAddress":{"value":"香港銅鑼灣緩跑徑","type":"string"},"text":{"value":"賽船池 - 維多利亞公園","type":"string"},"tagfilter":{"value":{"遊樂場":{"value":1,"type":"number"},"公園":{"value":1,"type":"number"},"賽船池":{"value":1,"type":"number"}},"type":"object"},"createdAt":{"value":"2018-04-14T08:51:06.548Z","type":"timestamp"}}