{"interval":{"value":null,"type":"null"},"uid":{"value":"Q72z8i9yHyaLCCiAyR5BoGd0kQr1","type":"string"},"geolocation":{"value":{"_latitude":22.4162632,"_longitude":114.2109318},"type":"geopoint"},"duration":{"value":null,"type":"null"},"fbuid":{"value":"10154417054297811","type":"string"},"key":{"value":"3f06608d-6517-4cb8-8595-d2c3f4a3ea72","type":"string"},"hide":{"value":false,"type":"boolean"},"tag":{"value":[{"value":"漂書箱","type":"string"}],"type":"array"},"start":{"value":"1970-01-01T00:00:00.000Z","type":"timestamp"},"link":{"value":"","type":"string"},"status":{"value":"開放","type":"string"},"photoUrl":{"value":"https://scontent.xx.fbcdn.net/v/t1.0-1/p100x100/27750442_10154979325522811_461259143438669964_n.jpg?oh=e203be81cb5f1c12d2d8a7171ef71b10&oe=5B1BFDB8","type":"string"},"name":{"value":"Pegasus Mak","type":"string"},"streetAddress":{"value":"CUHK","type":"string"},"text":{"value":"漂書箱","type":"string"},"createdAt":{"value":"2018-02-13T15:29:06.762Z","type":"timestamp"}}