{"duration":{"value":null,"type":"null"},"fbuid":{"value":"1726522827465168","type":"string"},"key":{"value":"9cec470a-0d99-44a4-9572-eb553c277506","type":"string"},"hide":{"value":false,"type":"boolean"},"tag":{"value":null,"type":"null"},"start":{"value":"1970-01-01T00:00:00.000Z","type":"timestamp"},"link":{"value":"","type":"string"},"lastUpdate":{"value":"2018-04-15T16:15:27.310Z","type":"timestamp"},"status":{"value":"完結","type":"string"},"photoUrl":{"value":"https://scontent-hkg3-2.xx.fbcdn.net/v/t1.0-1/p148x148/24862601_295311714309440_1589039543195318263_n.jpg?_nc_cat=0&oh=cbf16e3926ef590a8da91e4ce0e0b99d&oe=5B6E8881","type":"string"},"name":{"value":"陳炳洋","type":"string"},"streetAddress":{"value":"鴨脷洲山明街","type":"string"},"text":{"value":"清理山明街至深灣軒行人隧道","type":"string"},"viewCount":{"value":2,"type":"number"},"tagfilter":{"value":{"社區匯報":{"value":1,"type":"number"},"清潔":{"value":1,"type":"number"}},"type":"object"},"createdAt":{"value":"2018-04-11T04:54:13.260Z","type":"timestamp"},"publicImageURL":{"value":"https://firebasestorage.googleapis.com/v0/b/ourland-a0d62.appspot.com/o/photo%2F9cec470a-0d99-44a4-9572-eb553c277506%2Foriginal.jpg?alt=media&token=60a4fc7e-2a81-4f6a-9f2e-bf6eb360f0bf","type":"string"},"interval":{"value":null,"type":"null"},"thumbnailPublicImageURL":{"value":"https://firebasestorage.googleapis.com/v0/b/ourland-a0d62.appspot.com/o/photo%2F9cec470a-0d99-44a4-9572-eb553c277506%2Fthumbnail.jpg?alt=media&token=2f6e6151-efa2-42b8-b017-b35ff50a3b72","type":"string"},"thumbnailImageURL":{"value":"gs://ourland-a0d62.appspot.com/photo/9cec470a-0d99-44a4-9572-eb553c277506/thumbnail.jpg","type":"string"},"imageUrl":{"value":"gs://ourland-a0d62.appspot.com/photo/9cec470a-0d99-44a4-9572-eb553c277506/original.jpg","type":"string"},"uid":{"value":"4ET30Mqak7eTDpCVJ3yDIrTU4sy1","type":"string"},"geolocation":{"value":{"_latitude":22.2444803,"_longitude":114.1575006},"type":"geopoint"}}