{"interval":{"value":"每週","type":"string"},"uid":{"value":"Q72z8i9yHyaLCCiAyR5BoGd0kQr1","type":"string"},"geolocation":{"value":{"_latitude":22.318457799999997,"_longitude":114.1683309},"type":"geopoint"},"duration":{"value":"1:30","type":"string"},"fbuid":{"value":"10154417054297811","type":"string"},"key":{"value":"ad6fbc7a-7cf6-4f9e-a088-436b9cfec610","type":"string"},"hide":{"value":false,"type":"boolean"},"tag":{"value":[{"value":"跑","type":"string"}],"type":"array"},"start":{"value":"2018-03-25T11:30:00.000Z","type":"timestamp"},"link":{"value":"","type":"string"},"lastUpdate":{"value":null,"type":"null"},"status":{"value":"開放","type":"string"},"photoUrl":{"value":"https://scontent.xx.fbcdn.net/v/t1.0-1/p100x100/27750442_10154979325522811_461259143438669964_n.jpg?oh=e203be81cb5f1c12d2d8a7171ef71b10&oe=5B1BFDB8","type":"string"},"name":{"value":"Pegasus Mak","type":"string"},"streetAddress":{"value":"","type":"string"},"text":{"value":"油麻地跑跑跑","type":"string"},"createdAt":{"value":"2018-03-05T02:48:00.395Z","type":"timestamp"}}