{"viewCount":{"value":1,"type":"number"},"tagfilter":{"value":{"環境衞生":{"value":1,"type":"number"},"社區匯報":{"value":1,"type":"number"}},"type":"object"},"createdAt":{"value":"2018-04-11T04:43:43.270Z","type":"timestamp"},"publicImageURL":{"value":"https://firebasestorage.googleapis.com/v0/b/ourland-a0d62.appspot.com/o/photo%2Fa3bbb04b-d3b4-4428-8479-5c52bd470d73%2Foriginal.jpg?alt=media&token=40f9ec3b-1647-46a3-b5fd-a70524e64af0","type":"string"},"interval":{"value":null,"type":"null"},"thumbnailPublicImageURL":{"value":"https://firebasestorage.googleapis.com/v0/b/ourland-a0d62.appspot.com/o/photo%2Fa3bbb04b-d3b4-4428-8479-5c52bd470d73%2Fthumbnail.jpg?alt=media&token=57322537-7220-452e-b333-22fce20c5919","type":"string"},"thumbnailImageURL":{"value":"gs://ourland-a0d62.appspot.com/photo/a3bbb04b-d3b4-4428-8479-5c52bd470d73/thumbnail.jpg","type":"string"},"imageUrl":{"value":"gs://ourland-a0d62.appspot.com/photo/a3bbb04b-d3b4-4428-8479-5c52bd470d73/original.jpg","type":"string"},"uid":{"value":"4ET30Mqak7eTDpCVJ3yDIrTU4sy1","type":"string"},"geolocation":{"value":{"_latitude":22.2438296,"_longitude":114.1545785},"type":"geopoint"},"duration":{"value":null,"type":"null"},"fbuid":{"value":"1726522827465168","type":"string"},"key":{"value":"a3bbb04b-d3b4-4428-8479-5c52bd470d73","type":"string"},"hide":{"value":false,"type":"boolean"},"tag":{"value":null,"type":"null"},"start":{"value":"1970-01-01T00:00:00.000Z","type":"timestamp"},"link":{"value":"https://www.facebook.com/chanpingyeung/photos/a.248768455630433.1073741827.246618229178789/346213105885967/?type=3&theater","type":"string"},"lastUpdate":{"value":"2018-04-11T04:43:43.270Z","type":"timestamp"},"status":{"value":"開放","type":"string"},"photoUrl":{"value":"https://scontent-hkg3-2.xx.fbcdn.net/v/t1.0-1/p148x148/24862601_295311714309440_1589039543195318263_n.jpg?_nc_cat=0&oh=cbf16e3926ef590a8da91e4ce0e0b99d&oe=5B6E8881","type":"string"},"name":{"value":"陳炳洋","type":"string"},"streetAddress":{"value":"鴨脷洲倫敦里","type":"string"},"text":{"value":"清理鴨脷洲倫敦里雜物","type":"string"}}