{"uid":{"value":"mUQgwxkmPBfVA47d9lHzB482Nmp1","type":"string"},"imageUrl":{"value":"gs://ourland-a0d62.appspot.com/mUQgwxkmPBfVA47d9lHzB482Nmp1/07f86356-0bbb-419b-999a-e72b09136de5/event.jpg","type":"string"},"geolocation":{"value":{"_latitude":22.3174747,"_longitude":114.1695652},"type":"geopoint"},"duration":{"value":"1:00","type":"string"},"fbuid":{"value":"140969833258766","type":"string"},"key":{"value":"07f86356-0bbb-419b-999a-e72b09136de5","type":"string"},"hide":{"value":true,"type":"boolean"},"tag":{"value":[{"value":"Testing","type":"string"}],"type":"array"},"link":{"value":"https://www.collaction.hk/s/fixmystreethk/","type":"string"},"concernRecord":{"value":[{"value":"mUQgwxkmPBfVA47d9lHzB482Nmp1","type":"string"}],"type":"array"},"status":{"value":"開放","type":"string"},"photoUrl":{"value":"https://scontent.xx.fbcdn.net/v/t1.0-1/c29.0.100.100/p100x100/10354686_10150004552801856_220367501106153455_n.jpg?oh=abb02c803534c00048bc66ee3119bfbf&oe=5AF01677","type":"string"},"name":{"value":"Our Land HK","type":"string"},"text":{"value":"彌敦道警察","type":"string"},"viewCount":{"value":1,"type":"number"},"createdAt":{"value":1518256110301,"type":"number"},"publicImageURL":{"value":"https://firebasestorage.googleapis.com/v0/b/ourland-a0d62.appspot.com/o/mUQgwxkmPBfVA47d9lHzB482Nmp1%2F07f86356-0bbb-419b-999a-e72b09136de5%2Fevent.jpg?alt=media&token=94db44a8-6e9c-47c1-b892-0519163bcc58","type":"string"},"interval":{"value":"一次","type":"string"}}