{"thumbnailPublicImageURL":{"value":"https://firebasestorage.googleapis.com/v0/b/ourland-a0d62.appspot.com/o/photo%2Fa1d22913-efc9-4a7b-9c15-606c1c0525e0%2Fthumbnail.jpg?alt=media&token=6756c5a0-8e9c-4c83-ad9f-7d5424c3689e","type":"string"},"thumbnailImageURL":{"value":"gs://ourland-a0d62.appspot.com/photo/a1d22913-efc9-4a7b-9c15-606c1c0525e0/thumbnail.jpg","type":"string"},"imageUrl":{"value":"gs://ourland-a0d62.appspot.com/photo/a1d22913-efc9-4a7b-9c15-606c1c0525e0/original.jpg","type":"string"},"uid":{"value":"4ET30Mqak7eTDpCVJ3yDIrTU4sy1","type":"string"},"geolocation":{"value":{"_latitude":22.2436794,"_longitude":114.1523586},"type":"geopoint"},"duration":{"value":null,"type":"null"},"fbuid":{"value":"1726522827465168","type":"string"},"key":{"value":"a1d22913-efc9-4a7b-9c15-606c1c0525e0","type":"string"},"hide":{"value":false,"type":"boolean"},"tag":{"value":null,"type":"null"},"start":{"value":"1970-01-01T00:00:00.000Z","type":"timestamp"},"link":{"value":"","type":"string"},"lastUpdate":{"value":"2018-04-16T06:34:10.369Z","type":"timestamp"},"status":{"value":"開放","type":"string"},"photoUrl":{"value":"https://scontent-hkg3-2.xx.fbcdn.net/v/t1.0-1/p148x148/24862601_295311714309440_1589039543195318263_n.jpg?_nc_cat=0&oh=cbf16e3926ef590a8da91e4ce0e0b99d&oe=5B6E8881","type":"string"},"name":{"value":"陳炳洋","type":"string"},"streetAddress":{"value":"鴨脷洲利民道","type":"string"},"text":{"value":"利民道電單車泊位","type":"string"},"tagfilter":{"value":{"交通":{"value":1,"type":"number"},"電單車泊位":{"value":1,"type":"number"},"鴨脷洲大街":{"value":1,"type":"number"}},"type":"object"},"createdAt":{"value":"2018-04-16T06:33:37.373Z","type":"timestamp"},"publicImageURL":{"value":"https://firebasestorage.googleapis.com/v0/b/ourland-a0d62.appspot.com/o/photo%2Fa1d22913-efc9-4a7b-9c15-606c1c0525e0%2Foriginal.jpg?alt=media&token=ff0a09ff-efbf-4110-92e0-75552031567e","type":"string"},"interval":{"value":null,"type":"null"}}