{"imageUrl":{"value":"gs://ourland-a0d62.appspot.com/photo/23311d31-1943-4052-9970-359b9e5d3fcc/original.jpg","type":"string"},"uid":{"value":"mUQgwxkmPBfVA47d9lHzB482Nmp1","type":"string"},"geolocation":{"value":{"_latitude":22.3207196,"_longitude":114.1767607},"type":"geopoint"},"duration":{"value":null,"type":"null"},"fbuid":{"value":"140969833258766","type":"string"},"key":{"value":"23311d31-1943-4052-9970-359b9e5d3fcc","type":"string"},"hide":{"value":false,"type":"boolean"},"tag":{"value":null,"type":"null"},"start":{"value":"1970-01-01T00:00:00.000Z","type":"timestamp"},"link":{"value":"","type":"string"},"lastUpdate":{"value":"2018-04-12T02:28:40.441Z","type":"timestamp"},"status":{"value":"開放","type":"string"},"photoUrl":{"value":"https://firebasestorage.googleapis.com/v0/b/ourland-a0d62.appspot.com/o/photo%2FUserProfile%2FmUQgwxkmPBfVA47d9lHzB482Nmp1%2Fprofile_a6ae4b62-1d9e-437f-bdf9-3e6e68d30729.jpg?alt=media&token=a05ff2b7-b23c-44c7-8756-abff6e12bd37","type":"string"},"name":{"value":"我地。香港","type":"string"},"streetAddress":{"value":"香港何文田亞皆老街124號","type":"string"},"text":{"value":"田嘢 有機食物","type":"string"},"viewCount":{"value":2,"type":"number"},"tagfilter":{"value":{"有機食物":{"value":1,"type":"number"},"本土農業":{"value":1,"type":"number"}},"type":"object"},"createdAt":{"value":"2018-04-12T02:10:14.565Z","type":"timestamp"},"publicImageURL":{"value":"https://firebasestorage.googleapis.com/v0/b/ourland-a0d62.appspot.com/o/photo%2F23311d31-1943-4052-9970-359b9e5d3fcc%2Foriginal.jpg?alt=media&token=75852aaf-429e-4ac6-8c40-fef44199a574","type":"string"},"interval":{"value":null,"type":"null"},"thumbnailPublicImageURL":{"value":"https://firebasestorage.googleapis.com/v0/b/ourland-a0d62.appspot.com/o/photo%2F23311d31-1943-4052-9970-359b9e5d3fcc%2Fthumbnail.jpg?alt=media&token=a399262b-3c38-49d8-b506-599b242813fc","type":"string"},"thumbnailImageURL":{"value":"gs://ourland-a0d62.appspot.com/photo/23311d31-1943-4052-9970-359b9e5d3fcc/thumbnail.jpg","type":"string"}}