{"concernRecord":{"value":[],"type":"array"},"streetAddress":{"value":"鴨脷洲新市街","type":"string"},"text":{"value":"鴨脷洲新市街神秘大廈—點解咁耐未入伙？","type":"string"},"tagfilter":{"value":{},"type":"object"},"createdAt":{"value":"2018-04-11T04:45:41.666Z","type":"timestamp"},"publicImageURL":{"value":"https://firebasestorage.googleapis.com/v0/b/ourland-a0d62.appspot.com/o/photo%2F9aea1409-f541-40da-9383-27c399774179%2Foriginal.jpg?alt=media&token=4d72e593-ec60-470b-a168-2daf758135da","type":"string"},"interval":{"value":null,"type":"null"},"thumbnailImageURL":{"value":"gs://ourland-a0d62.appspot.com/photo/9aea1409-f541-40da-9383-27c399774179/thumbnail.jpg","type":"string"},"uid":{"value":"4ET30Mqak7eTDpCVJ3yDIrTU4sy1","type":"string"},"hide":{"value":false,"type":"boolean"},"tag":{"value":null,"type":"null"},"lastUpdate":{"value":"2018-05-08T08:40:20.851Z","type":"timestamp"},"status":{"value":"完結","type":"string"},"photoUrl":{"value":"https://scontent-hkg3-2.xx.fbcdn.net/v/t1.0-1/p148x148/24862601_295311714309440_1589039543195318263_n.jpg?_nc_cat=0&oh=cbf16e3926ef590a8da91e4ce0e0b99d&oe=5B6E8881","type":"string"},"name":{"value":"陳炳洋","type":"string"},"viewCount":{"value":4,"type":"number"},"thumbnailPublicImageURL":{"value":"https://firebasestorage.googleapis.com/v0/b/ourland-a0d62.appspot.com/o/photo%2F9aea1409-f541-40da-9383-27c399774179%2Fthumbnail.jpg?alt=media&token=03bfe471-4552-4818-86a6-c636e11e27d2","type":"string"},"imageUrl":{"value":"gs://ourland-a0d62.appspot.com/photo/9aea1409-f541-40da-9383-27c399774179/original.jpg","type":"string"},"geolocation":{"value":{"_latitude":22.2440906,"_longitude":114.1570491},"type":"geopoint"},"duration":{"value":null,"type":"null"},"fbuid":{"value":"1726522827465168","type":"string"},"key":{"value":"9aea1409-f541-40da-9383-27c399774179","type":"string"},"start":{"value":"1970-01-01T00:00:00.000Z","type":"timestamp"},"link":{"value":"https://www.facebook.com/chanpingyeung/photos/a.248768455630433.1073741827.246618229178789/345036286003649/?type=3&theater","type":"string"}}