{"duration":{"value":null,"type":"null"},"fbuid":{"value":"1726522827465168","type":"string"},"key":{"value":"f86956c9-2a7e-4dc3-8f0c-fbdb994f4830","type":"string"},"hide":{"value":false,"type":"boolean"},"tag":{"value":null,"type":"null"},"start":{"value":"1970-01-01T00:00:00.000Z","type":"timestamp"},"link":{"value":"","type":"string"},"lastUpdate":{"value":"2018-04-23T15:41:30.850Z","type":"timestamp"},"status":{"value":"完結","type":"string"},"photoUrl":{"value":"https://scontent-hkg3-2.xx.fbcdn.net/v/t1.0-1/p148x148/24862601_295311714309440_1589039543195318263_n.jpg?_nc_cat=0&oh=cbf16e3926ef590a8da91e4ce0e0b99d&oe=5B6E8881","type":"string"},"name":{"value":"陳炳洋","type":"string"},"streetAddress":{"value":"鴨脷洲橋道利枝道巴士站","type":"string"},"text":{"value":"加強鴨脷洲橋道行人路滅蚊","type":"string"},"viewCount":{"value":1,"type":"number"},"tagfilter":{"value":{"清潔":{"value":1,"type":"number"},"社區匯報":{"value":1,"type":"number"}},"type":"object"},"createdAt":{"value":"2018-04-23T03:05:07.038Z","type":"timestamp"},"publicImageURL":{"value":"https://firebasestorage.googleapis.com/v0/b/ourland-a0d62.appspot.com/o/photo%2Ff86956c9-2a7e-4dc3-8f0c-fbdb994f4830%2Foriginal.jpg?alt=media&token=87018f96-ddc3-4ab9-92d2-063790bf978c","type":"string"},"interval":{"value":null,"type":"null"},"thumbnailPublicImageURL":{"value":"https://firebasestorage.googleapis.com/v0/b/ourland-a0d62.appspot.com/o/photo%2Ff86956c9-2a7e-4dc3-8f0c-fbdb994f4830%2Fthumbnail.jpg?alt=media&token=7d32155b-6b8b-422b-83a9-8f069bfde8b4","type":"string"},"thumbnailImageURL":{"value":"gs://ourland-a0d62.appspot.com/photo/f86956c9-2a7e-4dc3-8f0c-fbdb994f4830/thumbnail.jpg","type":"string"},"imageUrl":{"value":"gs://ourland-a0d62.appspot.com/photo/f86956c9-2a7e-4dc3-8f0c-fbdb994f4830/original.jpg","type":"string"},"uid":{"value":"4ET30Mqak7eTDpCVJ3yDIrTU4sy1","type":"string"},"geolocation":{"value":{"_latitude":22.242756,"_longitude":114.154704},"type":"geopoint"}}