{"interval":{"value":null,"type":"null"},"thumbnailPublicImageURL":{"value":"https://firebasestorage.googleapis.com/v0/b/ourland-a0d62.appspot.com/o/photo%2F58e6dd8a-b81b-4367-8310-c045cf1c92c2%2Fthumbnail.jpg?alt=media&token=26e07b02-e819-41f4-a59b-ea50ade1bac8","type":"string"},"thumbnailImageURL":{"value":"gs://ourland-a0d62.appspot.com/photo/58e6dd8a-b81b-4367-8310-c045cf1c92c2/thumbnail.jpg","type":"string"},"imageUrl":{"value":"gs://ourland-a0d62.appspot.com/photo/58e6dd8a-b81b-4367-8310-c045cf1c92c2/original.jpg","type":"string"},"uid":{"value":"mUQgwxkmPBfVA47d9lHzB482Nmp1","type":"string"},"geolocation":{"value":{"_latitude":22.3058936,"_longitude":114.1623484},"type":"geopoint"},"duration":{"value":null,"type":"null"},"fbuid":{"value":"140969833258766","type":"string"},"key":{"value":"58e6dd8a-b81b-4367-8310-c045cf1c92c2","type":"string"},"hide":{"value":false,"type":"boolean"},"tag":{"value":null,"type":"null"},"start":{"value":"1970-01-01T00:00:00.000Z","type":"timestamp"},"link":{"value":"","type":"string"},"lastUpdate":{"value":"2018-06-03T07:05:55.871Z","type":"timestamp"},"status":{"value":"開放","type":"string"},"photoUrl":{"value":"https://firebasestorage.googleapis.com/v0/b/ourland-a0d62.appspot.com/o/photo%2FUserProfile%2FmUQgwxkmPBfVA47d9lHzB482Nmp1%2Fprofile_a6ae4b62-1d9e-437f-bdf9-3e6e68d30729.jpg?alt=media&token=a05ff2b7-b23c-44c7-8756-abff6e12bd37","type":"string"},"name":{"value":"我地。香港","type":"string"},"streetAddress":{"value":"1 Austin Rd W, West Kowloon, 香港","type":"string"},"text":{"value":"Elements 上蓋有公共空間","type":"string"},"viewCount":{"value":0,"type":"number"},"tagfilter":{"value":{"滑梯":{"value":1,"type":"number"},"公共設施":{"value":1,"type":"number"},"兒童遊樂場":{"value":1,"type":"number"}},"type":"object"},"createdAt":{"value":"2018-06-03T07:05:55.871Z","type":"timestamp"},"publicImageURL":{"value":"https://firebasestorage.googleapis.com/v0/b/ourland-a0d62.appspot.com/o/photo%2F58e6dd8a-b81b-4367-8310-c045cf1c92c2%2Foriginal.jpg?alt=media&token=a6073448-e256-435e-8d18-fc975ce64860","type":"string"}}