{"interval":{"value":null,"type":"null"},"thumbnailPublicImageURL":{"value":"https://firebasestorage.googleapis.com/v0/b/ourland-a0d62.appspot.com/o/photo%2F04cfd033-394f-4d91-bb63-c07456586025%2Fthumbnail.jpg?alt=media&token=06cf8600-020b-4979-b1b2-b6f31ea2005a","type":"string"},"thumbnailImageURL":{"value":"gs://ourland-a0d62.appspot.com/photo/04cfd033-394f-4d91-bb63-c07456586025/thumbnail.jpg","type":"string"},"imageUrl":{"value":"gs://ourland-a0d62.appspot.com/photo/04cfd033-394f-4d91-bb63-c07456586025/original.jpg","type":"string"},"uid":{"value":"4ET30Mqak7eTDpCVJ3yDIrTU4sy1","type":"string"},"geolocation":{"value":{"_latitude":22.2447055,"_longitude":114.1556679},"type":"geopoint"},"duration":{"value":null,"type":"null"},"fbuid":{"value":"1726522827465168","type":"string"},"key":{"value":"04cfd033-394f-4d91-bb63-c07456586025","type":"string"},"hide":{"value":false,"type":"boolean"},"tag":{"value":null,"type":"null"},"start":{"value":"1970-01-01T00:00:00.000Z","type":"timestamp"},"link":{"value":"","type":"string"},"lastUpdate":{"value":"2018-04-18T09:06:21.694Z","type":"timestamp"},"status":{"value":"開放","type":"string"},"photoUrl":{"value":"https://scontent-hkg3-2.xx.fbcdn.net/v/t1.0-1/p148x148/24862601_295311714309440_1589039543195318263_n.jpg?_nc_cat=0&oh=cbf16e3926ef590a8da91e4ce0e0b99d&oe=5B6E8881","type":"string"},"name":{"value":"陳炳洋","type":"string"},"streetAddress":{"value":"鴨脷洲市政大廈迴旋處","type":"string"},"text":{"value":"鴨脷洲大街郵筒","type":"string"},"tagfilter":{"value":{"郵筒":{"value":1,"type":"number"},"公共設施":{"value":1,"type":"number"},"鴨脷洲大街":{"value":1,"type":"number"}},"type":"object"},"createdAt":{"value":"2018-04-18T09:06:21.694Z","type":"timestamp"},"publicImageURL":{"value":"https://firebasestorage.googleapis.com/v0/b/ourland-a0d62.appspot.com/o/photo%2F04cfd033-394f-4d91-bb63-c07456586025%2Foriginal.jpg?alt=media&token=501a7666-c448-4774-b36f-489cc9670576","type":"string"}}