{"thumbnailPublicImageURL":{"value":"https://firebasestorage.googleapis.com/v0/b/ourland-a0d62.appspot.com/o/photo%2F9e357188-cca1-4f4a-a1c6-966c9695fa37%2Fthumbnail.jpg?alt=media&token=a131c8b4-cf06-4643-be7e-4f2733657722","type":"string"},"imageUrl":{"value":"gs://ourland-a0d62.appspot.com/photo/9e357188-cca1-4f4a-a1c6-966c9695fa37/original.jpg","type":"string"},"geolocation":{"value":{"_latitude":22.3244768,"_longitude":114.1706563},"type":"geopoint"},"duration":{"value":"1:30","type":"string"},"fbuid":{"value":"10155908838820199","type":"string"},"key":{"value":"9e357188-cca1-4f4a-a1c6-966c9695fa37","type":"string"},"start":{"value":"2018-05-02T23:30:00.000Z","type":"timestamp"},"link":{"value":"","type":"string"},"concernRecord":{"value":[],"type":"array"},"streetAddress":{"value":"太子道西洗衣街交界","type":"string"},"text":{"value":"派發油尖旺社區報《油紙》","type":"string"},"tagfilter":{"value":{},"type":"object"},"createdAt":{"value":"2018-05-02T07:09:26.277Z","type":"timestamp"},"publicImageURL":{"value":"https://firebasestorage.googleapis.com/v0/b/ourland-a0d62.appspot.com/o/photo%2F9e357188-cca1-4f4a-a1c6-966c9695fa37%2Foriginal.jpg?alt=media&token=481ef221-7469-4e3f-bcb8-8592a8e2e57c","type":"string"},"interval":{"value":null,"type":"null"},"thumbnailImageURL":{"value":"gs://ourland-a0d62.appspot.com/photo/9e357188-cca1-4f4a-a1c6-966c9695fa37/thumbnail.jpg","type":"string"},"uid":{"value":"ioIW4DiztVfItj7NtMiWFZI2EBF3","type":"string"},"hide":{"value":false,"type":"boolean"},"tag":{"value":null,"type":"null"},"lastUpdate":{"value":"2018-05-05T16:57:24.319Z","type":"timestamp"},"status":{"value":"開放","type":"string"},"photoUrl":{"value":"https://scontent.xx.fbcdn.net/v/t1.0-1/p100x100/21462533_10155449870145199_152778259148008058_n.jpg?oh=c15e9082e30d13bc227f4a54b6fcc73f&oe=5B3F8F6E","type":"string"},"name":{"value":"Orochi Ben Lam","type":"string"},"viewCount":{"value":18,"type":"number"}}