{"lastUpdate":{"value":"2018-04-28T08:23:00.418Z","type":"timestamp"},"status":{"value":"開放","type":"string"},"photoUrl":{"value":"https://firebasestorage.googleapis.com/v0/b/ourland-a0d62.appspot.com/o/photo%2FUserProfile%2FmUQgwxkmPBfVA47d9lHzB482Nmp1%2Fprofile_a6ae4b62-1d9e-437f-bdf9-3e6e68d30729.jpg?alt=media&token=a05ff2b7-b23c-44c7-8756-abff6e12bd37","type":"string"},"name":{"value":"我地。香港","type":"string"},"streetAddress":{"value":"糖水道公園","type":"string"},"text":{"value":"糖水道公園","type":"string"},"tagfilter":{"value":{"遊樂場":{"value":1,"type":"number"},"滑梯":{"value":1,"type":"number"}},"type":"object"},"createdAt":{"value":"2018-04-28T08:23:00.418Z","type":"timestamp"},"publicImageURL":{"value":"https://firebasestorage.googleapis.com/v0/b/ourland-a0d62.appspot.com/o/photo%2Fe75b104c-db14-40e7-abf6-c8b5be3a3c80%2Foriginal.jpg?alt=media&token=bbee14c3-1d42-4c78-9700-0d7ed5819637","type":"string"},"interval":{"value":null,"type":"null"},"thumbnailPublicImageURL":{"value":"https://firebasestorage.googleapis.com/v0/b/ourland-a0d62.appspot.com/o/photo%2Fe75b104c-db14-40e7-abf6-c8b5be3a3c80%2Fthumbnail.jpg?alt=media&token=3f8974a5-54fa-4f66-a65b-93f5376e6dd5","type":"string"},"thumbnailImageURL":{"value":"gs://ourland-a0d62.appspot.com/photo/e75b104c-db14-40e7-abf6-c8b5be3a3c80/thumbnail.jpg","type":"string"},"imageUrl":{"value":"gs://ourland-a0d62.appspot.com/photo/e75b104c-db14-40e7-abf6-c8b5be3a3c80/original.jpg","type":"string"},"uid":{"value":"mUQgwxkmPBfVA47d9lHzB482Nmp1","type":"string"},"geolocation":{"value":{"_latitude":22.292773,"_longitude":114.19803},"type":"geopoint"},"duration":{"value":null,"type":"null"},"fbuid":{"value":"140969833258766","type":"string"},"key":{"value":"e75b104c-db14-40e7-abf6-c8b5be3a3c80","type":"string"},"hide":{"value":false,"type":"boolean"},"tag":{"value":null,"type":"null"},"start":{"value":"1970-01-01T00:00:00.000Z","type":"timestamp"},"link":{"value":"","type":"string"}}