{"interval":{"value":null,"type":"null"},"thumbnailPublicImageURL":{"value":"https://firebasestorage.googleapis.com/v0/b/ourland-a0d62.appspot.com/o/photo%2F758ff478-2d5d-498d-8fa3-5048320dde41%2Fthumbnail.jpg?alt=media&token=dca468cd-5fac-475d-8dfe-777a668638b5","type":"string"},"thumbnailImageURL":{"value":"gs://ourland-a0d62.appspot.com/photo/758ff478-2d5d-498d-8fa3-5048320dde41/thumbnail.jpg","type":"string"},"imageUrl":{"value":"gs://ourland-a0d62.appspot.com/photo/758ff478-2d5d-498d-8fa3-5048320dde41/original.jpg","type":"string"},"uid":{"value":"4ET30Mqak7eTDpCVJ3yDIrTU4sy1","type":"string"},"geolocation":{"value":{"_latitude":22.2440906,"_longitude":114.1570491},"type":"geopoint"},"duration":{"value":null,"type":"null"},"fbuid":{"value":"1726522827465168","type":"string"},"key":{"value":"758ff478-2d5d-498d-8fa3-5048320dde41","type":"string"},"hide":{"value":false,"type":"boolean"},"tag":{"value":null,"type":"null"},"start":{"value":"1970-01-01T00:00:00.000Z","type":"timestamp"},"link":{"value":"","type":"string"},"lastUpdate":{"value":"2018-05-08T13:02:12.097Z","type":"timestamp"},"status":{"value":"開放","type":"string"},"photoUrl":{"value":"https://scontent-hkg3-2.xx.fbcdn.net/v/t1.0-1/p148x148/24862601_295311714309440_1589039543195318263_n.jpg?_nc_cat=0&oh=cbf16e3926ef590a8da91e4ce0e0b99d&oe=5B6E8881","type":"string"},"name":{"value":"陳炳洋","type":"string"},"streetAddress":{"value":"鴨脷洲新市街","type":"string"},"text":{"value":"清理鴨脷洲新市街咪錶位泥頭","type":"string"},"viewCount":{"value":0,"type":"number"},"tagfilter":{"value":{"清潔":{"value":1,"type":"number"},"社區匯報":{"value":1,"type":"number"}},"type":"object"},"createdAt":{"value":"2018-05-08T13:01:12.683Z","type":"timestamp"},"publicImageURL":{"value":"https://firebasestorage.googleapis.com/v0/b/ourland-a0d62.appspot.com/o/photo%2F758ff478-2d5d-498d-8fa3-5048320dde41%2Foriginal.jpg?alt=media&token=af9ce136-3e3b-4aa3-ad2d-2b3952c0529c","type":"string"}}