{"hide":{"value":false,"type":"boolean"},"tag":{"value":null,"type":"null"},"lastUpdate":{"value":"2018-05-22T10:02:50.917Z","type":"timestamp"},"status":{"value":"開放","type":"string"},"photoUrl":{"value":"https://firebasestorage.googleapis.com/v0/b/ourland-a0d62.appspot.com/o/photo%2FUserProfile%2FmUQgwxkmPBfVA47d9lHzB482Nmp1%2Fprofile_a6ae4b62-1d9e-437f-bdf9-3e6e68d30729.jpg?alt=media&token=a05ff2b7-b23c-44c7-8756-abff6e12bd37","type":"string"},"name":{"value":"我地。香港","type":"string"},"viewCount":{"value":3,"type":"number"},"thumbnailPublicImageURL":{"value":"https://firebasestorage.googleapis.com/v0/b/ourland-a0d62.appspot.com/o/photo%2F44be420f-df86-45fd-b451-9cd3d2675a22%2Fthumbnail.jpg?alt=media&token=adc7010a-d764-4c6e-9e93-50fe98ccd1f2","type":"string"},"imageUrl":{"value":"gs://ourland-a0d62.appspot.com/photo/44be420f-df86-45fd-b451-9cd3d2675a22/original.jpg","type":"string"},"geolocation":{"value":{"_latitude":22.3184986,"_longitude":114.1761627},"type":"geopoint"},"duration":{"value":null,"type":"null"},"fbuid":{"value":"140969833258766","type":"string"},"key":{"value":"44be420f-df86-45fd-b451-9cd3d2675a22","type":"string"},"start":{"value":"1970-01-01T00:00:00.000Z","type":"timestamp"},"link":{"value":"","type":"string"},"concernRecord":{"value":[{"value":"Q72z8i9yHyaLCCiAyR5BoGd0kQr1","type":"string"}],"type":"array"},"streetAddress":{"value":"香港何文田培正道5號九龍公共圖書館","type":"string"},"text":{"value":"社區舊衣回收箱","type":"string"},"tagfilter":{"value":{"社區舊衣回收箱":{"value":1,"type":"number"},"回收":{"value":1,"type":"number"},"環保":{"value":1,"type":"number"}},"type":"object"},"createdAt":{"value":"2018-05-22T10:02:50.917Z","type":"timestamp"},"publicImageURL":{"value":"https://firebasestorage.googleapis.com/v0/b/ourland-a0d62.appspot.com/o/photo%2F44be420f-df86-45fd-b451-9cd3d2675a22%2Foriginal.jpg?alt=media&token=9c00a6b7-4ec3-4f8a-8b13-ec64b31dc652","type":"string"},"happyCount":{"value":1,"type":"number"},"interval":{"value":null,"type":"null"},"sadCount":{"value":0,"type":"number"},"thumbnailImageURL":{"value":"gs://ourland-a0d62.appspot.com/photo/44be420f-df86-45fd-b451-9cd3d2675a22/thumbnail.jpg","type":"string"},"uid":{"value":"mUQgwxkmPBfVA47d9lHzB482Nmp1","type":"string"}}