{"publicImageURL":{"value":"https://firebasestorage.googleapis.com/v0/b/ourland-a0d62.appspot.com/o/photo%2F8cd1f71b-09fd-4a56-9234-d1311c728b52%2Foriginal.jpg?alt=media&token=a831cb19-b0e1-445f-bba2-3e105e6c7004","type":"string"},"interval":{"value":null,"type":"null"},"thumbnailPublicImageURL":{"value":"https://firebasestorage.googleapis.com/v0/b/ourland-a0d62.appspot.com/o/photo%2F8cd1f71b-09fd-4a56-9234-d1311c728b52%2Fthumbnail.jpg?alt=media&token=28d7cf3c-7e8d-47e7-9135-ab31c8473069","type":"string"},"thumbnailImageURL":{"value":"gs://ourland-a0d62.appspot.com/photo/8cd1f71b-09fd-4a56-9234-d1311c728b52/thumbnail.jpg","type":"string"},"imageUrl":{"value":"gs://ourland-a0d62.appspot.com/photo/8cd1f71b-09fd-4a56-9234-d1311c728b52/original.jpg","type":"string"},"uid":{"value":"R6FWaigWsDcV8uzXnjiFlOpSHRb2","type":"string"},"geolocation":{"value":{"_latitude":22.2786604,"_longitude":114.1837279},"type":"geopoint"},"duration":{"value":null,"type":"null"},"fbuid":{"value":"10213143183868185","type":"string"},"key":{"value":"8cd1f71b-09fd-4a56-9234-d1311c728b52","type":"string"},"hide":{"value":false,"type":"boolean"},"tag":{"value":null,"type":"null"},"start":{"value":"1970-01-01T00:00:00.000Z","type":"timestamp"},"link":{"value":"","type":"string"},"lastUpdate":{"value":"2018-04-20T14:45:42.983Z","type":"timestamp"},"status":{"value":"開放","type":"string"},"photoUrl":{"value":"https://lookaside.facebook.com/platform/profilepic/?asid=10213143183868185&height=100&width=100&ext=1523030442&hash=AeR4q2dWQIfJcSLx","type":"string"},"name":{"value":"Choi Sing","type":"string"},"streetAddress":{"value":"香港銅鑼灣利園山道49-57號","type":"string"},"text":{"value":"波斯富街，近時代廣場郵箱","type":"string"},"tagfilter":{"value":{"郵筒":{"value":1,"type":"number"},"公共設施":{"value":1,"type":"number"}},"type":"object"},"createdAt":{"value":"2018-04-17T11:15:20.113Z","type":"timestamp"}}