{"interval":{"value":null,"type":"null"},"thumbnailPublicImageURL":{"value":"https://firebasestorage.googleapis.com/v0/b/ourland-a0d62.appspot.com/o/photo%2F4aa5ad65-11b2-4e9a-ac4b-5d41d2402c37%2Fthumbnail.jpg?alt=media&token=ed61ef66-9fce-4e02-a23c-79ed3bfa59be","type":"string"},"thumbnailImageURL":{"value":"gs://ourland-a0d62.appspot.com/photo/4aa5ad65-11b2-4e9a-ac4b-5d41d2402c37/thumbnail.jpg","type":"string"},"imageUrl":{"value":"gs://ourland-a0d62.appspot.com/photo/4aa5ad65-11b2-4e9a-ac4b-5d41d2402c37/original.jpg","type":"string"},"uid":{"value":"R6FWaigWsDcV8uzXnjiFlOpSHRb2","type":"string"},"geolocation":{"value":{"_latitude":22.2774501,"_longitude":114.1731694},"type":"geopoint"},"duration":{"value":null,"type":"null"},"fbuid":{"value":"10213143183868185","type":"string"},"key":{"value":"4aa5ad65-11b2-4e9a-ac4b-5d41d2402c37","type":"string"},"hide":{"value":false,"type":"boolean"},"tag":{"value":null,"type":"null"},"start":{"value":"1970-01-01T00:00:00.000Z","type":"timestamp"},"link":{"value":"","type":"string"},"lastUpdate":{"value":"2018-05-30T07:30:57.781Z","type":"timestamp"},"status":{"value":"開放","type":"string"},"photoUrl":{"value":"https://lookaside.facebook.com/platform/profilepic/?asid=10213143183868185&height=100&width=100&ext=1523030442&hash=AeR4q2dWQIfJcSLx","type":"string"},"name":{"value":"Choi Sing","type":"string"},"streetAddress":{"value":"香港灣仔軒尼詩道138號","type":"string"},"text":{"value":"灣仔電腦城郵箱","type":"string"},"viewCount":{"value":1,"type":"number"},"tagfilter":{"value":{"郵箱":{"value":1,"type":"number"},"公共設施":{"value":1,"type":"number"}},"type":"object"},"createdAt":{"value":"2018-05-30T07:30:57.781Z","type":"timestamp"},"publicImageURL":{"value":"https://firebasestorage.googleapis.com/v0/b/ourland-a0d62.appspot.com/o/photo%2F4aa5ad65-11b2-4e9a-ac4b-5d41d2402c37%2Foriginal.jpg?alt=media&token=a0710ff7-3f04-40ba-a032-2092b58e7f63","type":"string"}}