{"imageUrl":{"value":"gs://ourland-a0d62.appspot.com/photo/6a1f6514-f73b-4375-8a85-e0a7da33c394/original.jpg","type":"string"},"uid":{"value":"4ET30Mqak7eTDpCVJ3yDIrTU4sy1","type":"string"},"geolocation":{"value":{"_latitude":22.243227,"_longitude":114.154012},"type":"geopoint"},"duration":{"value":null,"type":"null"},"fbuid":{"value":"1726522827465168","type":"string"},"key":{"value":"6a1f6514-f73b-4375-8a85-e0a7da33c394","type":"string"},"hide":{"value":false,"type":"boolean"},"tag":{"value":null,"type":"null"},"start":{"value":"1970-01-01T00:00:00.000Z","type":"timestamp"},"link":{"value":"","type":"string"},"lastUpdate":{"value":"2018-05-10T08:49:26.375Z","type":"timestamp"},"status":{"value":"開放","type":"string"},"photoUrl":{"value":"https://scontent-hkg3-2.xx.fbcdn.net/v/t1.0-1/p148x148/24862601_295311714309440_1589039543195318263_n.jpg?_nc_cat=0&oh=cbf16e3926ef590a8da91e4ce0e0b99d&oe=5B6E8881","type":"string"},"name":{"value":"陳炳洋","type":"string"},"streetAddress":{"value":"鴨脷洲大街147號地下4號舖","type":"string"},"text":{"value":"西醫潘文基","type":"string"},"viewCount":{"value":0,"type":"number"},"tagfilter":{"value":{"假日診所":{"value":1,"type":"number"}},"type":"object"},"createdAt":{"value":"2018-05-10T08:49:26.375Z","type":"timestamp"},"publicImageURL":{"value":"https://firebasestorage.googleapis.com/v0/b/ourland-a0d62.appspot.com/o/photo%2F6a1f6514-f73b-4375-8a85-e0a7da33c394%2Foriginal.jpg?alt=media&token=c3e314a9-1e89-4eaf-8298-f8879512371a","type":"string"},"interval":{"value":null,"type":"null"},"thumbnailPublicImageURL":{"value":"https://firebasestorage.googleapis.com/v0/b/ourland-a0d62.appspot.com/o/photo%2F6a1f6514-f73b-4375-8a85-e0a7da33c394%2Fthumbnail.jpg?alt=media&token=bd088ab5-5c06-4b81-a86b-99ae371e57ec","type":"string"},"thumbnailImageURL":{"value":"gs://ourland-a0d62.appspot.com/photo/6a1f6514-f73b-4375-8a85-e0a7da33c394/thumbnail.jpg","type":"string"}}