{"interval":{"value":null,"type":"null"},"thumbnailPublicImageURL":{"value":"https://firebasestorage.googleapis.com/v0/b/ourland-a0d62.appspot.com/o/photo%2F56529e42-47a3-4986-b534-08fd45a8ad47%2Fthumbnail.jpg?alt=media&token=ade5027f-2774-46a2-bc46-11ab09ba2ba4","type":"string"},"thumbnailImageURL":{"value":"gs://ourland-a0d62.appspot.com/photo/56529e42-47a3-4986-b534-08fd45a8ad47/thumbnail.jpg","type":"string"},"imageUrl":{"value":"gs://ourland-a0d62.appspot.com/photo/56529e42-47a3-4986-b534-08fd45a8ad47/original.jpg","type":"string"},"uid":{"value":"4ET30Mqak7eTDpCVJ3yDIrTU4sy1","type":"string"},"geolocation":{"value":{"_latitude":22.2442596,"_longitude":114.1565196},"type":"geopoint"},"duration":{"value":null,"type":"null"},"fbuid":{"value":"1726522827465168","type":"string"},"key":{"value":"56529e42-47a3-4986-b534-08fd45a8ad47","type":"string"},"hide":{"value":false,"type":"boolean"},"tag":{"value":null,"type":"null"},"start":{"value":"1970-01-01T00:00:00.000Z","type":"timestamp"},"link":{"value":"","type":"string"},"lastUpdate":{"value":"2018-05-29T11:11:34.532Z","type":"timestamp"},"status":{"value":"完結","type":"string"},"photoUrl":{"value":"https://scontent-hkg3-2.xx.fbcdn.net/v/t1.0-1/p148x148/24862601_295311714309440_1589039543195318263_n.jpg?_nc_cat=0&oh=cbf16e3926ef590a8da91e4ce0e0b99d&oe=5B6E8881","type":"string"},"name":{"value":"陳炳洋","type":"string"},"streetAddress":{"value":"鴨脷洲惠風街","type":"string"},"text":{"value":"加強惠風街一帶滅蟲滅鼠工作","type":"string"},"viewCount":{"value":1,"type":"number"},"tagfilter":{"value":{"清潔":{"value":1,"type":"number"},"社區匯報":{"value":1,"type":"number"},"鼠患":{"value":1,"type":"number"}},"type":"object"},"createdAt":{"value":"2018-05-29T10:10:29.124Z","type":"timestamp"},"publicImageURL":{"value":"https://firebasestorage.googleapis.com/v0/b/ourland-a0d62.appspot.com/o/photo%2F56529e42-47a3-4986-b534-08fd45a8ad47%2Foriginal.jpg?alt=media&token=cad65f8e-c4cd-4be3-a8b2-f6ed11374675","type":"string"}}