{"fbuid":{"value":"1726522827465168","type":"string"},"key":{"value":"037afd49-86ed-4b51-b660-fc84b63b3bfe","type":"string"},"start":{"value":"1970-01-01T00:00:00.000Z","type":"timestamp"},"link":{"value":"","type":"string"},"concernRecord":{"value":[],"type":"array"},"streetAddress":{"value":"鴨脷洲怡安大廈","type":"string"},"text":{"value":"怡安大廈外電單車泊位","type":"string"},"tagfilter":{"value":{"電單車泊位":{"value":1,"type":"number"},"鴨脷洲大街":{"value":1,"type":"number"},"交通":{"value":1,"type":"number"}},"type":"object"},"createdAt":{"value":"2018-04-16T06:42:57.070Z","type":"timestamp"},"publicImageURL":{"value":"https://firebasestorage.googleapis.com/v0/b/ourland-a0d62.appspot.com/o/photo%2F037afd49-86ed-4b51-b660-fc84b63b3bfe%2Foriginal.jpg?alt=media&token=d0f01257-88a6-4a8d-bf7a-341788f1411f","type":"string"},"interval":{"value":null,"type":"null"},"thumbnailImageURL":{"value":"gs://ourland-a0d62.appspot.com/photo/037afd49-86ed-4b51-b660-fc84b63b3bfe/thumbnail.jpg","type":"string"},"uid":{"value":"4ET30Mqak7eTDpCVJ3yDIrTU4sy1","type":"string"},"hide":{"value":false,"type":"boolean"},"tag":{"value":null,"type":"null"},"lastUpdate":{"value":"2018-05-23T11:14:29.857Z","type":"timestamp"},"status":{"value":"開放","type":"string"},"photoUrl":{"value":"https://scontent-hkg3-2.xx.fbcdn.net/v/t1.0-1/p148x148/24862601_295311714309440_1589039543195318263_n.jpg?_nc_cat=0&oh=cbf16e3926ef590a8da91e4ce0e0b99d&oe=5B6E8881","type":"string"},"name":{"value":"陳炳洋","type":"string"},"viewCount":{"value":2,"type":"number"},"thumbnailPublicImageURL":{"value":"https://firebasestorage.googleapis.com/v0/b/ourland-a0d62.appspot.com/o/photo%2F037afd49-86ed-4b51-b660-fc84b63b3bfe%2Fthumbnail.jpg?alt=media&token=f9ed28e3-f1c0-4b0b-a236-f97c9f6b844c","type":"string"},"imageUrl":{"value":"gs://ourland-a0d62.appspot.com/photo/037afd49-86ed-4b51-b660-fc84b63b3bfe/original.jpg","type":"string"},"geolocation":{"value":{"_latitude":22.2433801,"_longitude":114.1535731},"type":"geopoint"},"duration":{"value":null,"type":"null"}}