{"streetAddress":{"value":"漆馬大廈","type":"string"},"text":{"value":"明早提早出門，避免巴士工運潮","type":"string"},"viewCount":{"value":1,"type":"number"},"tagfilter":{"value":{"社區幹事":{"value":1,"type":"number"},"公共設施":{"value":1,"type":"number"},"社區匯報":{"value":1,"type":"number"}},"type":"object"},"createdAt":{"value":"2018-05-24T14:06:33.441Z","type":"timestamp"},"publicImageURL":{"value":null,"type":"null"},"interval":{"value":null,"type":"null"},"thumbnailPublicImageURL":{"value":null,"type":"null"},"thumbnailImageURL":{"value":null,"type":"null"},"imageUrl":{"value":null,"type":"null"},"uid":{"value":"6QxibVFOSkaMbE95Aqz90KFaRM73","type":"string"},"geolocation":{"value":{"_latitude":22.313482,"_longitude":114.187385},"type":"geopoint"},"duration":{"value":null,"type":"null"},"fbuid":{"value":"2012612212101263","type":"string"},"key":{"value":"f0ca2149-dec5-4a3c-9a0d-654c6c53efc6","type":"string"},"hide":{"value":false,"type":"boolean"},"tag":{"value":null,"type":"null"},"start":{"value":"1970-01-01T00:00:00.000Z","type":"timestamp"},"link":{"value":"","type":"string"},"lastUpdate":{"value":"2018-05-24T14:06:33.441Z","type":"timestamp"},"status":{"value":"開放","type":"string"},"photoUrl":{"value":"https://firebasestorage.googleapis.com/v0/b/ourland-a0d62.appspot.com/o/photo%2FUserProfile%2F6QxibVFOSkaMbE95Aqz90KFaRM73%2Fprofile_2caee744-56d9-46c4-a977-c2979260ea4b.jpg?alt=media&token=69efb402-d5b2-42ec-b9e0-ee960382b879","type":"string"},"name":{"value":"林正軒","type":"string"}}