{"photoUrl":{"value":"https://firebasestorage.googleapis.com/v0/b/ourland-a0d62.appspot.com/o/photo%2FUserProfile%2FI7seclgelBhBHo6ZEEC6obrCVsn1%2Fprofile_313cc130-8d6e-4fc5-a991-74b15c7e3513.jpg?alt=media&token=95111cb8-1763-42b4-999c-b5d1cb34ccaf","type":"string"},"name":{"value":"朱子洛 Leo Chu","type":"string"},"viewCount":{"value":13,"type":"number"},"thumbnailPublicImageURL":{"value":"https://firebasestorage.googleapis.com/v0/b/ourland-a0d62.appspot.com/o/photo%2Fe93613b2-dd7b-4243-a8e8-6303a7126347%2Fthumbnail.jpg?alt=media&token=fefa8b96-b0c0-4683-82e6-72a2d57ee944","type":"string"},"imageUrl":{"value":"gs://ourland-a0d62.appspot.com/photo/e93613b2-dd7b-4243-a8e8-6303a7126347/original.jpg","type":"string"},"geolocation":{"value":{"_latitude":22.316633,"_longitude":114.1721049},"type":"geopoint"},"duration":{"value":"8:00","type":"string"},"fbuid":{"value":"10156267851746912","type":"string"},"key":{"value":"e93613b2-dd7b-4243-a8e8-6303a7126347","type":"string"},"start":{"value":"1970-01-01T00:00:00.000Z","type":"timestamp"},"link":{"value":"","type":"string"},"concernRecord":{"value":[{"value":"mUQgwxkmPBfVA47d9lHzB482Nmp1","type":"string"}],"type":"array"},"streetAddress":{"value":"旺角煙廠街9號興發商業大廈1602室","type":"string"},"text":{"value":"「平安紙」講座","type":"string"},"tagfilter":{"value":{"活動":{"value":1,"type":"number"}},"type":"object"},"createdAt":{"value":"2018-06-01T02:43:24.273Z","type":"timestamp"},"publicImageURL":{"value":"https://firebasestorage.googleapis.com/v0/b/ourland-a0d62.appspot.com/o/photo%2Fe93613b2-dd7b-4243-a8e8-6303a7126347%2Foriginal.jpg?alt=media&token=db75f00c-6396-4c62-8835-b06cd49a9c5a","type":"string"},"interval":{"value":null,"type":"null"},"thumbnailImageURL":{"value":"gs://ourland-a0d62.appspot.com/photo/e93613b2-dd7b-4243-a8e8-6303a7126347/thumbnail.jpg","type":"string"},"uid":{"value":"I7seclgelBhBHo6ZEEC6obrCVsn1","type":"string"},"hide":{"value":false,"type":"boolean"},"tag":{"value":null,"type":"null"},"lastUpdate":{"value":"2018-06-01T02:43:24.273Z","type":"timestamp"},"status":{"value":"開放","type":"string"}}