{"fbuid":{"value":"1726522827465168","type":"string"},"key":{"value":"95178c53-3d1f-452a-9e64-c9fddce68c77","type":"string"},"hide":{"value":false,"type":"boolean"},"tag":{"value":null,"type":"null"},"start":{"value":"1970-01-01T00:00:00.000Z","type":"timestamp"},"link":{"value":"","type":"string"},"lastUpdate":{"value":"2018-06-03T07:08:01.862Z","type":"timestamp"},"status":{"value":"完結","type":"string"},"photoUrl":{"value":"https://scontent-hkg3-2.xx.fbcdn.net/v/t1.0-1/p148x148/24862601_295311714309440_1589039543195318263_n.jpg?_nc_cat=0&oh=cbf16e3926ef590a8da91e4ce0e0b99d&oe=5B6E8881","type":"string"},"name":{"value":"陳炳洋","type":"string"},"streetAddress":{"value":"鴨脷洲橋道行人天橋","type":"string"},"text":{"value":"疏通鴨脷洲橋道行人天橋底渠口","type":"string"},"viewCount":{"value":1,"type":"number"},"tagfilter":{"value":{"社區匯報":{"value":1,"type":"number"},"公共地方維修":{"value":1,"type":"number"}},"type":"object"},"createdAt":{"value":"2018-06-01T08:47:14.391Z","type":"timestamp"},"publicImageURL":{"value":"https://firebasestorage.googleapis.com/v0/b/ourland-a0d62.appspot.com/o/photo%2F95178c53-3d1f-452a-9e64-c9fddce68c77%2Foriginal.jpg?alt=media&token=7a66744c-7082-41d6-952e-e577f2cbc267","type":"string"},"interval":{"value":null,"type":"null"},"thumbnailPublicImageURL":{"value":"https://firebasestorage.googleapis.com/v0/b/ourland-a0d62.appspot.com/o/photo%2F95178c53-3d1f-452a-9e64-c9fddce68c77%2Fthumbnail.jpg?alt=media&token=3726f73b-a143-4de6-a81c-da756331bb6a","type":"string"},"thumbnailImageURL":{"value":"gs://ourland-a0d62.appspot.com/photo/95178c53-3d1f-452a-9e64-c9fddce68c77/thumbnail.jpg","type":"string"},"imageUrl":{"value":"gs://ourland-a0d62.appspot.com/photo/95178c53-3d1f-452a-9e64-c9fddce68c77/original.jpg","type":"string"},"uid":{"value":"4ET30Mqak7eTDpCVJ3yDIrTU4sy1","type":"string"},"geolocation":{"value":{"_latitude":22.2434299,"_longitude":114.155637},"type":"geopoint"},"duration":{"value":null,"type":"null"}}