{"uid":{"value":"RmtuzaPXr3ZghY397CxS18mWfWX2","type":"string"},"imageUrl":{"value":"gs://ourland-a0d62.appspot.com/RmtuzaPXr3ZghY397CxS18mWfWX2/2162113d-a688-45af-8e74-33418353aeec/event.jpg","type":"string"},"geolocation":{"value":{"_latitude":22.3210427,"_longitude":114.1708037},"type":"geopoint"},"duration":{"value":null,"type":"null"},"fbuid":{"value":"10159449765660019","type":"string"},"key":{"value":"2162113d-a688-45af-8e74-33418353aeec","type":"string"},"hide":{"value":false,"type":"boolean"},"tag":{"value":null,"type":"null"},"start":{"value":"1970-01-01T00:00:00.000Z","type":"timestamp"},"link":{"value":"","type":"string"},"lastUpdate":{"value":"2018-03-13T05:47:26.040Z","type":"timestamp"},"status":{"value":"開放","type":"string"},"photoUrl":{"value":"https://scontent.xx.fbcdn.net/v/t1.0-1/p100x100/28872318_10160471693085019_539224288026081730_n.jpg?oh=109ff100bfd8e947b459055f36d3785c&oe=5B3782ED","type":"string"},"name":{"value":"Ho Wa Wong","type":"string"},"streetAddress":{"value":"香港旺角旺角道99號","type":"string"},"text":{"value":"旺角太多垃圾","type":"string"},"viewCount":{"value":3,"type":"number"},"tagfilter":{"value":{"環保":{"value":1,"type":"number"},"垃圾":{"value":1,"type":"number"},"旺角":{"value":1,"type":"number"}},"type":"object"},"createdAt":{"value":"2018-03-13T05:47:22.444Z","type":"timestamp"},"publicImageURL":{"value":"https://firebasestorage.googleapis.com/v0/b/ourland-a0d62.appspot.com/o/RmtuzaPXr3ZghY397CxS18mWfWX2%2F2162113d-a688-45af-8e74-33418353aeec%2Fevent.jpg?alt=media&token=3455132e-8b22-4ed6-bd1f-333a4130a23a","type":"string"},"interval":{"value":null,"type":"null"}}