{"thumbnailPublicImageURL":{"value":"https://firebasestorage.googleapis.com/v0/b/ourland-a0d62.appspot.com/o/photo%2F1a6d1432-955a-4389-a496-33220c596b6a%2Fthumbnail.jpg?alt=media&token=15551cc2-fe33-4c55-a78e-4ec95f3d004b","type":"string"},"imageUrl":{"value":"gs://ourland-a0d62.appspot.com/photo/1a6d1432-955a-4389-a496-33220c596b6a/original.jpg","type":"string"},"geolocation":{"value":{"_latitude":22.251745,"_longitude":114.136285},"type":"geopoint"},"duration":{"value":"2:00","type":"string"},"fbuid":{"value":"1726522827465168","type":"string"},"key":{"value":"1a6d1432-955a-4389-a496-33220c596b6a","type":"string"},"start":{"value":"2018-06-15T11:30:00.000Z","type":"timestamp"},"link":{"value":"https://www.facebook.com/chanpingyeung/","type":"string"},"concernRecord":{"value":[{"value":"mUQgwxkmPBfVA47d9lHzB482Nmp1","type":"string"}],"type":"array"},"streetAddress":{"value":"華富邨華泰樓119室","type":"string"},"text":{"value":"2018年六月份義務法律諮詢","type":"string"},"tagfilter":{"value":{"義務法律諮詢":{"value":1,"type":"number"},"社區服務":{"value":1,"type":"number"}},"type":"object"},"createdAt":{"value":"2018-06-01T09:00:34.221Z","type":"timestamp"},"publicImageURL":{"value":"https://firebasestorage.googleapis.com/v0/b/ourland-a0d62.appspot.com/o/photo%2F1a6d1432-955a-4389-a496-33220c596b6a%2Foriginal.jpg?alt=media&token=9c0985bb-f3b4-4251-9f67-da93fefea392","type":"string"},"interval":{"value":null,"type":"null"},"thumbnailImageURL":{"value":"gs://ourland-a0d62.appspot.com/photo/1a6d1432-955a-4389-a496-33220c596b6a/thumbnail.jpg","type":"string"},"uid":{"value":"4ET30Mqak7eTDpCVJ3yDIrTU4sy1","type":"string"},"hide":{"value":false,"type":"boolean"},"tag":{"value":null,"type":"null"},"lastUpdate":{"value":"2018-06-01T09:00:34.221Z","type":"timestamp"},"status":{"value":"開放","type":"string"},"photoUrl":{"value":"https://scontent-hkg3-2.xx.fbcdn.net/v/t1.0-1/p148x148/24862601_295311714309440_1589039543195318263_n.jpg?_nc_cat=0&oh=cbf16e3926ef590a8da91e4ce0e0b99d&oe=5B6E8881","type":"string"},"name":{"value":"陳炳洋","type":"string"},"viewCount":{"value":8,"type":"number"}}