{"lastUpdate":{"value":"2018-04-11T11:00:22.210Z","type":"timestamp"},"concernRecord":{"value":[{"value":"Q72z8i9yHyaLCCiAyR5BoGd0kQr1","type":"string"}],"type":"array"},"status":{"value":"開放","type":"string"},"photoUrl":{"value":"https://lookaside.facebook.com/platform/profilepic/?asid=10154417054297811&height=100&width=100","type":"string"},"name":{"value":"Pegasus Mak","type":"string"},"streetAddress":{"value":null,"type":"null"},"text":{"value":"Test for Recent Message","type":"string"},"createdAt":{"value":"2018-03-28T17:42:23.963Z","type":"timestamp"},"publicImageURL":{"value":null,"type":"null"},"interval":{"value":null,"type":"null"},"thumbnailPublicImageURL":{"value":null,"type":"null"},"thumbnailImageURL":{"value":null,"type":"null"},"imageUrl":{"value":null,"type":"null"},"uid":{"value":"Q72z8i9yHyaLCCiAyR5BoGd0kQr1","type":"string"},"geolocation":{"value":{"_latitude":22.3250982,"_longitude":114.1736492},"type":"geopoint"},"duration":{"value":null,"type":"null"},"fbuid":{"value":"10154417054297811","type":"string"},"key":{"value":"38eab5f8-74c6-4e9d-b34e-3666d7ff6f4e","type":"string"},"hide":{"value":false,"type":"boolean"},"tag":{"value":[],"type":"array"},"start":{"value":"1970-01-01T00:00:00.000Z","type":"timestamp"},"link":{"value":"","type":"string"}}