{"tagfilter":{"value":{"社區服務":{"value":1,"type":"number"},"義務法律諮詢":{"value":1,"type":"number"}},"type":"object"},"createdAt":{"value":"2018-05-03T04:28:52.623Z","type":"timestamp"},"publicImageURL":{"value":"https://firebasestorage.googleapis.com/v0/b/ourland-a0d62.appspot.com/o/photo%2F3766824c-d1c4-46d6-9346-d964c01d689e%2Foriginal.jpg?alt=media&token=620b8053-da81-4c89-8a2a-101a420c620e","type":"string"},"interval":{"value":null,"type":"null"},"thumbnailImageURL":{"value":"gs://ourland-a0d62.appspot.com/photo/3766824c-d1c4-46d6-9346-d964c01d689e/thumbnail.jpg","type":"string"},"uid":{"value":"4ET30Mqak7eTDpCVJ3yDIrTU4sy1","type":"string"},"hide":{"value":false,"type":"boolean"},"tag":{"value":null,"type":"null"},"lastUpdate":{"value":"2018-05-29T11:11:25.684Z","type":"timestamp"},"status":{"value":"完結","type":"string"},"photoUrl":{"value":"https://scontent-hkg3-2.xx.fbcdn.net/v/t1.0-1/p148x148/24862601_295311714309440_1589039543195318263_n.jpg?_nc_cat=0&oh=cbf16e3926ef590a8da91e4ce0e0b99d&oe=5B6E8881","type":"string"},"name":{"value":"陳炳洋","type":"string"},"viewCount":{"value":25,"type":"number"},"thumbnailPublicImageURL":{"value":"https://firebasestorage.googleapis.com/v0/b/ourland-a0d62.appspot.com/o/photo%2F3766824c-d1c4-46d6-9346-d964c01d689e%2Fthumbnail.jpg?alt=media&token=9617d7ba-4d6d-4844-9bb8-1eb385edd8c7","type":"string"},"imageUrl":{"value":"gs://ourland-a0d62.appspot.com/photo/3766824c-d1c4-46d6-9346-d964c01d689e/original.jpg","type":"string"},"geolocation":{"value":{"_latitude":22.2441865,"_longitude":114.1512974},"type":"geopoint"},"duration":{"value":null,"type":"null"},"fbuid":{"value":"1726522827465168","type":"string"},"key":{"value":"3766824c-d1c4-46d6-9346-d964c01d689e","type":"string"},"start":{"value":"1970-01-01T00:00:00.000Z","type":"timestamp"},"link":{"value":"","type":"string"},"concernRecord":{"value":[],"type":"array"},"streetAddress":{"value":"鴨脷洲邨利福樓低座地下5號","type":"string"},"text":{"value":"2018年五月份義務法律諮詢","type":"string"}}