{"photoUrl":{"value":"https://lookaside.facebook.com/platform/profilepic/?asid=10213143183868185&height=100&width=100&ext=1523030442&hash=AeR4q2dWQIfJcSLx","type":"string"},"name":{"value":"Choi Sing","type":"string"},"streetAddress":{"value":"香港太古城太古城道18B號太古城海天花園逸天閣","type":"string"},"text":{"value":"太古城郵政局","type":"string"},"viewCount":{"value":2,"type":"number"},"tagfilter":{"value":{"郵筒":{"value":1,"type":"number"},"郵政局":{"value":1,"type":"number"},"公共設施":{"value":1,"type":"number"},"大型信件箱":{"value":1,"type":"number"}},"type":"object"},"createdAt":{"value":"2018-04-18T09:36:02.315Z","type":"timestamp"},"publicImageURL":{"value":"https://firebasestorage.googleapis.com/v0/b/ourland-a0d62.appspot.com/o/photo%2Fb9049e51-bdf8-42ef-bc59-6039134dd6b7%2Foriginal.jpg?alt=media&token=de01f6fb-339b-48cf-814b-379cd2b94a12","type":"string"},"interval":{"value":null,"type":"null"},"thumbnailPublicImageURL":{"value":"https://firebasestorage.googleapis.com/v0/b/ourland-a0d62.appspot.com/o/photo%2Fb9049e51-bdf8-42ef-bc59-6039134dd6b7%2Fthumbnail.jpg?alt=media&token=2a04e0d0-879c-4773-8de1-6f44c8197f75","type":"string"},"thumbnailImageURL":{"value":"gs://ourland-a0d62.appspot.com/photo/b9049e51-bdf8-42ef-bc59-6039134dd6b7/thumbnail.jpg","type":"string"},"imageUrl":{"value":"gs://ourland-a0d62.appspot.com/photo/b9049e51-bdf8-42ef-bc59-6039134dd6b7/original.jpg","type":"string"},"uid":{"value":"R6FWaigWsDcV8uzXnjiFlOpSHRb2","type":"string"},"geolocation":{"value":{"_latitude":22.2868395,"_longitude":114.2180155},"type":"geopoint"},"duration":{"value":null,"type":"null"},"fbuid":{"value":"10213143183868185","type":"string"},"key":{"value":"b9049e51-bdf8-42ef-bc59-6039134dd6b7","type":"string"},"hide":{"value":false,"type":"boolean"},"tag":{"value":null,"type":"null"},"start":{"value":"1970-01-01T00:00:00.000Z","type":"timestamp"},"link":{"value":"","type":"string"},"lastUpdate":{"value":"2018-04-20T14:39:22.085Z","type":"timestamp"},"status":{"value":"開放","type":"string"}}