{"thumbnailPublicImageURL":{"value":"https://firebasestorage.googleapis.com/v0/b/ourland-a0d62.appspot.com/o/photo%2Ff1cfaf46-b334-48bd-8334-7261bf2e02fd%2Fthumbnail.jpg?alt=media&token=04557bae-9d9a-4c82-b61d-5452c0a72206","type":"string"},"thumbnailImageURL":{"value":"gs://ourland-a0d62.appspot.com/photo/f1cfaf46-b334-48bd-8334-7261bf2e02fd/thumbnail.jpg","type":"string"},"imageUrl":{"value":"gs://ourland-a0d62.appspot.com/photo/f1cfaf46-b334-48bd-8334-7261bf2e02fd/original.jpg","type":"string"},"uid":{"value":"4ET30Mqak7eTDpCVJ3yDIrTU4sy1","type":"string"},"geolocation":{"value":{"_latitude":22.2474431,"_longitude":114.1527678},"type":"geopoint"},"duration":{"value":null,"type":"null"},"fbuid":{"value":"1726522827465168","type":"string"},"key":{"value":"f1cfaf46-b334-48bd-8334-7261bf2e02fd","type":"string"},"hide":{"value":false,"type":"boolean"},"tag":{"value":null,"type":"null"},"start":{"value":"1970-01-01T00:00:00.000Z","type":"timestamp"},"link":{"value":"","type":"string"},"lastUpdate":{"value":"2018-04-20T03:26:58.838Z","type":"timestamp"},"status":{"value":"開放","type":"string"},"photoUrl":{"value":"https://scontent-hkg3-2.xx.fbcdn.net/v/t1.0-1/p148x148/24862601_295311714309440_1589039543195318263_n.jpg?_nc_cat=0&oh=cbf16e3926ef590a8da91e4ce0e0b99d&oe=5B6E8881","type":"string"},"name":{"value":"陳炳洋","type":"string"},"streetAddress":{"value":"鴨脷洲大街街渡碼頭","type":"string"},"text":{"value":"鴨脷洲大街街渡碼頭","type":"string"},"viewCount":{"value":1,"type":"number"},"tagfilter":{"value":{"交通":{"value":1,"type":"number"},"社區特色":{"value":1,"type":"number"}},"type":"object"},"createdAt":{"value":"2018-04-20T03:26:58.838Z","type":"timestamp"},"publicImageURL":{"value":"https://firebasestorage.googleapis.com/v0/b/ourland-a0d62.appspot.com/o/photo%2Ff1cfaf46-b334-48bd-8334-7261bf2e02fd%2Foriginal.jpg?alt=media&token=91910e6a-d251-4f99-855f-39bb0f04b016","type":"string"},"interval":{"value":null,"type":"null"}}