{"photoUrl":{"value":"https://scontent-hkg3-2.xx.fbcdn.net/v/t1.0-1/p148x148/24862601_295311714309440_1589039543195318263_n.jpg?_nc_cat=0&oh=cbf16e3926ef590a8da91e4ce0e0b99d&oe=5B6E8881","type":"string"},"name":{"value":"陳炳洋","type":"string"},"streetAddress":{"value":"鴨脷洲僑民大廈","type":"string"},"text":{"value":"鴨脷洲新海旁道用地規劃問卷調查Day06—僑民大廈站","type":"string"},"tagfilter":{"value":{"社區規劃":{"value":1,"type":"number"},"社區調查":{"value":1,"type":"number"},"鴨脷洲新海旁道":{"value":1,"type":"number"}},"type":"object"},"createdAt":{"value":"2018-04-16T07:36:07.492Z","type":"timestamp"},"publicImageURL":{"value":"https://firebasestorage.googleapis.com/v0/b/ourland-a0d62.appspot.com/o/photo%2Fc4a12a60-f492-4f88-8a46-ff977aea61de%2Foriginal.jpg?alt=media&token=3bf866b7-b34c-42c4-807b-865a3bfae849","type":"string"},"interval":{"value":null,"type":"null"},"thumbnailPublicImageURL":{"value":"https://firebasestorage.googleapis.com/v0/b/ourland-a0d62.appspot.com/o/photo%2Fc4a12a60-f492-4f88-8a46-ff977aea61de%2Fthumbnail.jpg?alt=media&token=f4c890cc-bcb8-4904-a362-4f32d055f5b3","type":"string"},"thumbnailImageURL":{"value":"gs://ourland-a0d62.appspot.com/photo/c4a12a60-f492-4f88-8a46-ff977aea61de/thumbnail.jpg","type":"string"},"imageUrl":{"value":"gs://ourland-a0d62.appspot.com/photo/c4a12a60-f492-4f88-8a46-ff977aea61de/original.jpg","type":"string"},"uid":{"value":"4ET30Mqak7eTDpCVJ3yDIrTU4sy1","type":"string"},"geolocation":{"value":{"_latitude":22.243347,"_longitude":114.1542002},"type":"geopoint"},"duration":{"value":null,"type":"null"},"fbuid":{"value":"1726522827465168","type":"string"},"key":{"value":"c4a12a60-f492-4f88-8a46-ff977aea61de","type":"string"},"hide":{"value":false,"type":"boolean"},"tag":{"value":null,"type":"null"},"start":{"value":"1970-01-01T00:00:00.000Z","type":"timestamp"},"link":{"value":"","type":"string"},"lastUpdate":{"value":"2018-04-19T08:19:00.888Z","type":"timestamp"},"status":{"value":"完結","type":"string"}}