{"createdAt":{"value":"2018-04-14T08:29:05.913Z","type":"timestamp"},"publicImageURL":{"value":"https://firebasestorage.googleapis.com/v0/b/ourland-a0d62.appspot.com/o/photo%2F30ed58a5-03c3-47da-ad5f-d00d8dfc73e5%2Foriginal.jpg?alt=media&token=1b062ddc-4e95-4a9f-bb54-3a3772995b36","type":"string"},"interval":{"value":null,"type":"null"},"thumbnailImageURL":{"value":"gs://ourland-a0d62.appspot.com/photo/30ed58a5-03c3-47da-ad5f-d00d8dfc73e5/thumbnail.jpg","type":"string"},"uid":{"value":"4ET30Mqak7eTDpCVJ3yDIrTU4sy1","type":"string"},"hide":{"value":false,"type":"boolean"},"tag":{"value":null,"type":"null"},"lastUpdate":{"value":"2018-05-05T16:55:17.672Z","type":"timestamp"},"status":{"value":"完結","type":"string"},"photoUrl":{"value":"https://scontent-hkg3-2.xx.fbcdn.net/v/t1.0-1/p148x148/24862601_295311714309440_1589039543195318263_n.jpg?_nc_cat=0&oh=cbf16e3926ef590a8da91e4ce0e0b99d&oe=5B6E8881","type":"string"},"name":{"value":"陳炳洋","type":"string"},"viewCount":{"value":1,"type":"number"},"thumbnailPublicImageURL":{"value":"https://firebasestorage.googleapis.com/v0/b/ourland-a0d62.appspot.com/o/photo%2F30ed58a5-03c3-47da-ad5f-d00d8dfc73e5%2Fthumbnail.jpg?alt=media&token=52495a25-5ccd-4049-b3c1-12496283a58d","type":"string"},"imageUrl":{"value":"gs://ourland-a0d62.appspot.com/photo/30ed58a5-03c3-47da-ad5f-d00d8dfc73e5/original.jpg","type":"string"},"geolocation":{"value":{"_latitude":22.2434232,"_longitude":114.1554591},"type":"geopoint"},"duration":{"value":null,"type":"null"},"fbuid":{"value":"1726522827465168","type":"string"},"key":{"value":"30ed58a5-03c3-47da-ad5f-d00d8dfc73e5","type":"string"},"start":{"value":"1970-01-01T00:00:00.000Z","type":"timestamp"},"link":{"value":"","type":"string"},"concernRecord":{"value":[],"type":"array"},"streetAddress":{"value":"鴨脷洲橋道利東站A2出口","type":"string"},"text":{"value":"清理鴨脷洲橋道去水渠及草被垃圾","type":"string"},"tagfilter":{"value":{"社區匯報":{"value":1,"type":"number"},"鴨脷洲北":{"value":1,"type":"number"},"清潔":{"value":1,"type":"number"},"鴨脷洲大街":{"value":1,"type":"number"}},"type":"object"}}