{"start":{"value":"1970-01-01T00:00:00.000Z","type":"timestamp"},"link":{"value":"","type":"string"},"streetAddress":{"value":"香港中環花園道33號聖約翰大廈","type":"string"},"text":{"value":"中環山頂纜車站郵箱","type":"string"},"tagfilter":{"value":{"公共設施":{"value":1,"type":"number"},"郵箱":{"value":1,"type":"number"}},"type":"object"},"createdAt":{"value":"2018-06-17T08:37:41.385Z","type":"timestamp"},"publicImageURL":{"value":"https://firebasestorage.googleapis.com/v0/b/ourland-a0d62.appspot.com/o/photo%2F4f419288-8ad8-4497-b140-6a4c8dc973e0%2Foriginal.jpg?alt=media&token=06dfcbf4-d817-42e7-8262-1be39982d565","type":"string"},"happyCount":{"value":1,"type":"number"},"interval":{"value":null,"type":"null"},"sadCount":{"value":0,"type":"number"},"thumbnailImageURL":{"value":"gs://ourland-a0d62.appspot.com/photo/4f419288-8ad8-4497-b140-6a4c8dc973e0/thumbnail.jpg","type":"string"},"uid":{"value":"R6FWaigWsDcV8uzXnjiFlOpSHRb2","type":"string"},"hide":{"value":false,"type":"boolean"},"endDate":{"value":null,"type":"null"},"tag":{"value":null,"type":"null"},"lastUpdate":{"value":"2018-06-17T08:37:41.385Z","type":"timestamp"},"everydayOpenning":{"value":null,"type":"null"},"status":{"value":"開放","type":"string"},"photoUrl":{"value":"https://lookaside.facebook.com/platform/profilepic/?asid=10213143183868185&height=100&width=100&ext=1523030442&hash=AeR4q2dWQIfJcSLx","type":"string"},"name":{"value":"Choi Sing","type":"string"},"weekdaysOpennings":{"value":null,"type":"null"},"viewCount":{"value":1,"type":"number"},"startTime":{"value":null,"type":"null"},"thumbnailPublicImageURL":{"value":"https://firebasestorage.googleapis.com/v0/b/ourland-a0d62.appspot.com/o/photo%2F4f419288-8ad8-4497-b140-6a4c8dc973e0%2Fthumbnail.jpg?alt=media&token=b0061af6-2a6c-4caa-b215-3d6ba0136b6d","type":"string"},"imageUrl":{"value":"gs://ourland-a0d62.appspot.com/photo/4f419288-8ad8-4497-b140-6a4c8dc973e0/original.jpg","type":"string"},"geolocation":{"value":{"_latitude":22.2777225,"_longitude":114.1593425},"type":"geopoint"},"duration":{"value":null,"type":"null"},"fbuid":{"value":"10213143183868185","type":"string"},"key":{"value":"4f419288-8ad8-4497-b140-6a4c8dc973e0","type":"string"}}