{"createdAt":{"value":"2018-05-18T13:35:47.675Z","type":"timestamp"},"publicImageURL":{"value":"https://firebasestorage.googleapis.com/v0/b/ourland-a0d62.appspot.com/o/photo%2Fe0ffbb33-0658-4257-992c-a240faf982fd%2Foriginal.jpg?alt=media&token=fb145c53-bcc9-4d6b-bfda-527a2d8c99ff","type":"string"},"interval":{"value":null,"type":"null"},"thumbnailPublicImageURL":{"value":"https://firebasestorage.googleapis.com/v0/b/ourland-a0d62.appspot.com/o/photo%2Fe0ffbb33-0658-4257-992c-a240faf982fd%2Fthumbnail.jpg?alt=media&token=fbd15f6b-839d-4140-b338-a40dd08b1bc1","type":"string"},"thumbnailImageURL":{"value":"gs://ourland-a0d62.appspot.com/photo/e0ffbb33-0658-4257-992c-a240faf982fd/thumbnail.jpg","type":"string"},"imageUrl":{"value":"gs://ourland-a0d62.appspot.com/photo/e0ffbb33-0658-4257-992c-a240faf982fd/original.jpg","type":"string"},"uid":{"value":"R6FWaigWsDcV8uzXnjiFlOpSHRb2","type":"string"},"geolocation":{"value":{"_latitude":22.3174185,"_longitude":114.2240545},"type":"geopoint"},"duration":{"value":null,"type":"null"},"fbuid":{"value":"10213143183868185","type":"string"},"key":{"value":"e0ffbb33-0658-4257-992c-a240faf982fd","type":"string"},"hide":{"value":false,"type":"boolean"},"tag":{"value":null,"type":"null"},"start":{"value":"1970-01-01T00:00:00.000Z","type":"timestamp"},"link":{"value":"","type":"string"},"lastUpdate":{"value":"2018-05-18T13:35:47.675Z","type":"timestamp"},"status":{"value":"開放","type":"string"},"photoUrl":{"value":"https://lookaside.facebook.com/platform/profilepic/?asid=10213143183868185&height=100&width=100&ext=1523030442&hash=AeR4q2dWQIfJcSLx","type":"string"},"name":{"value":"Choi Sing","type":"string"},"streetAddress":{"value":"香港雲漢街15號","type":"string"},"text":{"value":"觀塘瑞寧街郵箱","type":"string"},"viewCount":{"value":0,"type":"number"},"tagfilter":{"value":{"公共設施":{"value":1,"type":"number"},"郵箱":{"value":1,"type":"number"}},"type":"object"}}