{"interval":{"value":null,"type":"null"},"uid":{"value":"mUQgwxkmPBfVA47d9lHzB482Nmp1","type":"string"},"imageUrl":{"value":"gs://ourland-a0d62.appspot.com/mUQgwxkmPBfVA47d9lHzB482Nmp1/f41c7c28-a55d-4046-838c-2eaf036d4db7/event.jpg","type":"string"},"geolocation":{"value":{"_latitude":22.2042143,"_longitude":114.0257232},"type":"geopoint"},"duration":{"value":null,"type":"null"},"fbuid":{"value":"140969833258766","type":"string"},"key":{"value":"f41c7c28-a55d-4046-838c-2eaf036d4db7","type":"string"},"hide":{"value":false,"type":"boolean"},"tag":{"value":[{"value":"遊樂場","type":"string"},{"value":"滑梯","type":"string"}],"type":"array"},"start":{"value":"1970-01-01T00:00:00.000Z","type":"timestamp"},"link":{"value":"","type":"string"},"status":{"value":"開放","type":"string"},"photoUrl":{"value":"https://scontent.xx.fbcdn.net/v/t1.0-1/c29.0.100.100/p100x100/10354686_10150004552801856_220367501106153455_n.jpg?oh=abb02c803534c00048bc66ee3119bfbf&oe=5AF01677","type":"string"},"name":{"value":"Our Land HK","type":"string"},"streetAddress":{"value":"","type":"string"},"text":{"value":"長洲公園","type":"string"},"createdAt":{"value":"2018-02-18T08:45:51.755Z","type":"timestamp"},"publicImageURL":{"value":"https://firebasestorage.googleapis.com/v0/b/ourland-a0d62.appspot.com/o/mUQgwxkmPBfVA47d9lHzB482Nmp1%2Ff41c7c28-a55d-4046-838c-2eaf036d4db7%2Fevent.jpg?alt=media&token=20e25bf4-526e-4046-9f97-373c3b2e9245","type":"string"}}