{"interval":{"value":null,"type":"null"},"imageUrl":{"value":"gs://ourland-a0d62.appspot.com/mUQgwxkmPBfVA47d9lHzB482Nmp1/f41c7c28-a55d-4046-838c-2eaf036d4db7/event.jpg","type":"string"},"uid":{"value":"mUQgwxkmPBfVA47d9lHzB482Nmp1","type":"string"},"geolocation":{"value":{"_latitude":22.2042143,"_longitude":114.0257232},"type":"geopoint"},"duration":{"value":null,"type":"null"},"fbuid":{"value":"140969833258766","type":"string"},"key":{"value":"f41c7c28-a55d-4046-838c-2eaf036d4db7","type":"string"},"hide":{"value":false,"type":"boolean"},"tag":{"value":null,"type":"null"},"start":{"value":"1970-01-01T00:00:00.000Z","type":"timestamp"},"link":{"value":"","type":"string"},"lastUpdate":{"value":"2018-02-18T08:45:51.755Z","type":"timestamp"},"status":{"value":"開放","type":"string"},"photoUrl":{"value":"https://firebasestorage.googleapis.com/v0/b/ourland-a0d62.appspot.com/o/photo%2FUserProfile%2FmUQgwxkmPBfVA47d9lHzB482Nmp1%2Fprofile_a6ae4b62-1d9e-437f-bdf9-3e6e68d30729.jpg?alt=media&token=a05ff2b7-b23c-44c7-8756-abff6e12bd37","type":"string"},"name":{"value":"我地。香港","type":"string"},"streetAddress":{"value":"","type":"string"},"text":{"value":"長洲公園","type":"string"},"tagfilter":{"value":{"遊樂場":{"value":1,"type":"number"},"滑梯":{"value":1,"type":"number"}},"type":"object"},"createdAt":{"value":"2018-02-18T08:45:51.755Z","type":"timestamp"},"publicImageURL":{"value":"https://firebasestorage.googleapis.com/v0/b/ourland-a0d62.appspot.com/o/mUQgwxkmPBfVA47d9lHzB482Nmp1%2Ff41c7c28-a55d-4046-838c-2eaf036d4db7%2Fevent.jpg?alt=media&token=20e25bf4-526e-4046-9f97-373c3b2e9245","type":"string"}}