{"createdAt":{"value":"2018-06-01T08:55:40.511Z","type":"timestamp"},"publicImageURL":{"value":"https://firebasestorage.googleapis.com/v0/b/ourland-a0d62.appspot.com/o/photo%2F92a5a673-0390-4e03-a33e-82c5e05df150%2Foriginal.jpg?alt=media&token=d1f00df9-ae5c-4270-9448-fddf23d74520","type":"string"},"interval":{"value":null,"type":"null"},"thumbnailPublicImageURL":{"value":"https://firebasestorage.googleapis.com/v0/b/ourland-a0d62.appspot.com/o/photo%2F92a5a673-0390-4e03-a33e-82c5e05df150%2Fthumbnail.jpg?alt=media&token=7683f276-1f3e-4df0-aabf-ff21fae1c424","type":"string"},"thumbnailImageURL":{"value":"gs://ourland-a0d62.appspot.com/photo/92a5a673-0390-4e03-a33e-82c5e05df150/thumbnail.jpg","type":"string"},"imageUrl":{"value":"gs://ourland-a0d62.appspot.com/photo/92a5a673-0390-4e03-a33e-82c5e05df150/original.jpg","type":"string"},"uid":{"value":"4ET30Mqak7eTDpCVJ3yDIrTU4sy1","type":"string"},"geolocation":{"value":{"_latitude":22.2443331,"_longitude":114.1573585},"type":"geopoint"},"duration":{"value":null,"type":"null"},"fbuid":{"value":"1726522827465168","type":"string"},"key":{"value":"92a5a673-0390-4e03-a33e-82c5e05df150","type":"string"},"hide":{"value":false,"type":"boolean"},"tag":{"value":null,"type":"null"},"start":{"value":"1970-01-01T00:00:00.000Z","type":"timestamp"},"link":{"value":"","type":"string"},"lastUpdate":{"value":"2018-06-03T07:07:53.484Z","type":"timestamp"},"status":{"value":"完結","type":"string"},"photoUrl":{"value":"https://scontent-hkg3-2.xx.fbcdn.net/v/t1.0-1/p148x148/24862601_295311714309440_1589039543195318263_n.jpg?_nc_cat=0&oh=cbf16e3926ef590a8da91e4ce0e0b99d&oe=5B6E8881","type":"string"},"name":{"value":"陳炳洋","type":"string"},"streetAddress":{"value":"鴨脷洲新市街新明大樓","type":"string"},"text":{"value":"加強新市街一帶滅蟲滅鼠工作","type":"string"},"viewCount":{"value":1,"type":"number"},"tagfilter":{"value":{"社區匯報":{"value":1,"type":"number"},"滅鼠":{"value":1,"type":"number"},"清潔":{"value":1,"type":"number"}},"type":"object"}}